-0.43391343658863885,5.065449377058327,0.0,1.0,1.0
-0.43599204415953363,5.064104422296739,0.0,1.0,1.0
-0.43878510320869657,5.062302212201028,0.0,1.0,1.0
-0.4422760079156034,5.060049125808872,0.0,1.0,1.0
-0.44644815245972974,5.057351542157953,0.0,1.0,1.0
-0.451284931020551,5.054215840285952,0.0,1.0,1.0
-0.4567697377775428,5.050648399230547,0.0,1.0,1.0
-0.462885966910181,5.046655598029423,0.0,1.0,1.0
-0.4696170125979411,5.042243815720255,0.0,1.0,1.0
-0.4769462690202984,5.037419431340727,0.0,1.0,1.0
-0.48485713008716197,5.032188824023385,0.0,1.0,1.0
-0.4933314832713555,5.026558903053168,0.0,1.0,1.0
-0.5023461750928848,5.020538351750722,0.0,1.0,1.0
-0.511876998877829,5.014136224081632,0.0,1.0,1.0
-0.5218997479522677,5.007361574011482,0.0,1.0,1.0
-0.5323902154845083,5.000223455531134,0.0,1.0,1.0
-0.5433239111263664,4.992730968062814,0.0,1.0,1.0
-0.5546754758882948,4.98489335022191,0.0,1.0,1.0
-0.5664193849882444,4.976719867190796,0.0,1.0,1.0
-0.5785301136441667,4.968219784151846,0.0,1.0,1.0
-0.5909821374034644,4.959402366120634,0.0,1.0,1.0
-0.603750201955822,4.950276741340866,0.0,1.0,1.0
-0.616809811541303,4.940851654005476,0.0,1.0,1.0
-0.630136602553338,4.9311357813987255,0.0,1.0,1.0
-0.6437062113853572,4.921137800804868,0.0,1.0,1.0
-0.6574942764811823,4.910866388806132,0.0,1.0,1.0
-0.6714773641542322,4.900329904292521,0.0,1.0,1.0
-0.6856344311703927,4.889535887689714,0.0,1.0,1.0
-0.6999448140136131,4.878491749412156,0.0,1.0,1.0
-0.7143878491678424,4.867204899874287,0.0,1.0,1.0
-0.7289428778878045,4.855682748293115,0.0,1.0,1.0
-0.7435905835592418,4.843932367019004,0.0,1.0,1.0
-0.7583148255234243,4.831960031256984,0.0,1.0,1.0
-0.7730999224605363,4.819771900920844,0.0,1.0,1.0
-0.7879301930507612,4.807374135924363,0.0,1.0,1.0
-0.8027899638916308,4.794772894727532,0.0,1.0,1.0
-0.8176650632943946,4.781974060043094,0.0,1.0,1.0
-0.8325445871843979,4.76898291457889,0.0,1.0,1.0
-0.8474180610463872,4.755804662166328,0.0,1.0,1.0
-0.862275010365108,4.7424445066368195,0.0,1.0,1.0
-0.8771049710672317,4.7289076505874466,0.0,1.0,1.0
-0.8918988949673184,4.715199129245287,0.0,1.0,1.0
-0.9066505697906705,4.701323642608624,0.0,1.0,1.0
-0.9213541214295489,4.68728585070152,0.0,1.0,1.0
-0.936003675776215,4.673090413548042,0.0,1.0,1.0
-0.9505933700470415,4.658741990397292,0.0,1.0,1.0
-0.9651184886207234,4.644245161992631,0.0,1.0,1.0
-0.9795764329332179,4.629604364197183,0.0,1.0,0.9998591317805396
-0.993964832861894,4.614824017240742,0.0,1.0,0.9995746207273917
-1.0082813182841195,4.599908541353105,0.0,1.0,0.9991434926046586
-1.0225235284512264,4.584862355668067,0.0,1.0,0.9985686782283993
-1.0366898367165507,4.569689793488505,0.0,1.0,0.9978626435752346
-1.0507798658092982,4.554395042040764,0.0,1.0,0.9970362486565679
-1.0647933601127966,4.538982274327433,0.0,1.0,0.9960905568579507
-1.0787300640103732,4.523455663351099,0.0,1.0,0.9950227063955905
-1.0925897267306324,4.507819379338335,0.0,1.0,0.9938366289860927
-1.1063723989108358,4.492077419828735,0.0,1.0,0.9925468301989144
-1.1200786046255882,4.4762335111140095,0.0,1.0,0.9911657285496026
-1.1337089094151016,4.4602913557288435,0.0,1.0,0.9896949693033277
-1.147263878819587,4.444254656207931,0.0,1.0,0.9881320775959588
-1.16074407657227,4.42812710868772,0.0,1.0,0.9864813910615189
-1.1741499751322904,4.411912086118119,0.0,1.0,0.9847575033641217
-1.1874819145495026,4.395612492609504,0.0,1.0,0.9829727490806325
-1.2007402244811096,4.379231195473586,0.0,1.0,0.9811291545332109
-1.2139252345843146,4.362771062022071,0.0,1.0,0.9792250479237943
-1.2270372657401347,4.346234948823916,0.0,1.0,0.9772655006123948
-1.2400762722965397,4.329625263782459,0.0,1.0,0.9752653939866175
-1.2530417172489885,4.3129438133464495,0.0,1.0,0.973237230409808
-1.2659330291787718,4.296192361838964,0.0,1.0,0.9711837878290359
-1.2787496366671802,4.279372673583073,0.0,1.0,0.9691045652020516
-1.2914909545459519,4.262486498491398,0.0,1.0,0.9670053470416707
-1.3041559156314733,4.245535081292186,0.0,1.0,0.9649007178332623
-1.3167428553687235,4.2285190406284245,0.0,1.0,0.96280283453913
-1.3292500720484508,4.211438956202984,0.0,1.0,0.9607151588445584
-1.3416758639614048,4.194295407718737,0.0,1.0,0.9586383594160086
-1.3540185134552003,4.177088960208903,0.0,1.0,0.9565780855912287
-1.3662758277289464,4.159819741511452,0.0,1.0,0.9545466976621139
-1.3784450694044412,4.1424873783860425,0.0,1.0,0.9525544403700584
-1.3905234711935721,4.125091470071526,0.0,1.0,0.950604901333813
-1.4025082658082249,4.107631615806748,0.0,1.0,0.9486995853643017
-1.4143966729608426,4.0901074050470125,0.0,1.0,0.9468429793183412
-1.42618557943279,4.0725181766794805,0.0,1.0,0.9450434588827946
-1.4378715190479594,4.054863003951052,0.0,1.0,0.9433080141992776
-1.4494510086212333,4.037140947307432,0.0,1.0,0.9416397388793465
-1.460920564967493,4.01935106719432,0.0,1.0,0.9400405171265896
-1.4722766981809767,4.001492423722817,0.0,1.0,0.9385134877119768
-1.483515769065937,3.9835640695712393,0.0,1.0,0.9370633808799099
-1.494633992014937,3.9655650501284163,0.0,1.0,0.9356942551219327
-1.5056275752756243,3.947494410477243,0.0,1.0,0.9344085031625398
-1.516492727095646,3.9293511957006118,0.0,1.0,0.9332077241947934
-1.5272256568593379,3.9111344634736755,0.0,1.0,0.9320918442334416
-1.537822596026589,3.8928435160250663,0.0,1.0,0.9310577098816668
-1.5482797960845063,3.8744778774453965,0.0,1.0,0.9300078272910322
-1.5585935092460015,3.8560370798657444,0.0,1.0,0.9289419566406415
-1.5687599877239855,3.8375206554171917,0.0,1.0,0.9278598544575041
-1.5787754954486257,3.818928159371786,0.0,1.0,0.9267612735609178
-1.5886364966779827,3.8002595426386887,0.0,1.0,0.9256459630060081
-1.5983396237629541,3.7815150881016235,0.0,1.0,0.9248135853144417
-1.6078815142624148,3.7626950889298008,0.0,1.0,0.9242697891681381
-1.617258805735241,3.7437998382924293,0.0,1.0,0.9240206443173188
-1.6264681571698638,3.724829657303835,0.0,1.0,0.9240596442869053
-1.635506552025966,3.705785290203627,0.0,1.0,0.9243599775863692
-1.644371225510945,3.686667809521897,0.0,1.0,0.924898247804541
-1.6530594194227923,3.6674782963831705,0.0,1.0,0.9256719119778446
-1.6615683755594968,3.6482178319119716,0.0,1.0,0.9266867798268438
-1.669895368913463,3.628887521969167,0.0,1.0,0.9279341929703756
-1.6780381219246823,3.609488805851747,0.0,1.0,0.9293829762520238
-1.685994677914265,3.5900233619760002,0.0,1.0,0.9310063935392564
-1.6937630872039529,3.570492873975063,0.0,1.0,0.9328006411136481
-1.7013414001154863,3.55089902548207,0.0,1.0,0.9347706826894584
-1.70872770957066,3.531243513538941,0.0,1.0,0.9369069730932719
-1.7159206220358463,3.511528196830836,0.0,1.0,0.9391781266973647
-1.7229190842077355,3.491755041133771,0.0,1.0,0.9415575628187599
-1.7297220488676672,3.471926014138968,0.0,1.0,0.9440406428293618
-1.7363284687969802,3.452043083537645,0.0,1.0,0.9466305966903008
-1.742737347863283,3.432108216124869,0.0,1.0,0.9493162927393123
-1.7489482428857122,3.412123368995805,0.0,1.0,0.9520657080564915
-1.7549610489079177,3.392090493312478,0.0,1.0,0.9548518796438112
-1.7607756658341354,3.3720115401516457,0.0,1.0,0.9576685431473944
-1.7663919935685979,3.3518884605900645,0.0,1.0,0.9605164100587106
-1.7718099863810455,3.3317231930895113,0.0,1.0,0.9633828041176304
-1.777030128720391,3.3115175530888563,0.0,1.0,0.9662363078772545
-1.7820532042247512,3.291273286603039,0.0,1.0,0.9690506666637139
-1.7868799999040348,3.270992138864609,0.0,1.0,0.971818132933144
-1.7915113027681486,3.2506758551061132,0.0,1.0,0.9745368999070159
-1.7959479479974514,3.2303261596707857,0.0,1.0,0.977194550810058
-1.80019119529387,3.209944592806347,0.0,1.0,0.9797643749005067
-1.8042425251927208,3.189532598995208,0.0,1.0,0.982224159562739
-1.8081034201226105,3.1690916218987484,0.0,1.0,0.9845658595080703
-1.8117753625121489,3.1486231051783533,0.0,1.0,0.9867858576781966
-1.815259867111062,3.1281284695998095,0.0,1.0,0.988874181759071
-1.8185587067468123,3.1076089531121753,0.0,1.0,0.9908125734846613
-1.8216737778848915,3.0870657060819724,0.0,1.0,0.992585718015977
-1.824606977766593,3.066499878326166,0.0,1.0,0.9941865898866921
-1.8273602036332084,3.0459126196617197,0.0,1.0,0.9956107318511475
-1.829935368014352,3.0253050642442414,0.0,1.0,0.9968510088242543
-1.8323344942887996,3.004678232675467,0.0,1.0,0.9978968904839972
-1.8345596546926315,2.9840330955077126,0.0,1.0,0.9987392697174513
-1.8366129216752358,2.9633706230747787,0.0,1.0,0.9993725788329124
-1.8384963676860022,2.9426917857104695,0.0,1.0,0.9997929324073328
-1.8402120488237486,2.9219975406142455,0.0,1.0,1.0
-1.841761913335226,2.9012887583484903,0.0,1.0,1.0
-1.8431478657801332,2.8805662743819687,0.0,1.0,1.0
-1.844371810594248,2.8598309240839024,0.0,1.0,1.0
-1.845435652213347,2.8390835428235146,0.0,1.0,1.0
-1.8463412627320805,2.8183249637222247,0.0,1.0,1.0
-1.847090319865989,2.797556006391543,0.0,1.0,1.0
-1.8476844290507308,2.776777485419319,0.0,1.0,1.0
-1.8481251956011282,2.7559902153850038,0.0,1.0,1.0
-1.8484142248320021,2.7351950108680465,0.0,1.0,1.0
-1.8485530688076595,2.7143926859446874,0.0,1.0,1.0
-1.8485429876062631,2.69358405193192,0.0,1.0,0.9999132574114388
-1.848385141744274,2.6727699192058907,0.0,1.0,0.9996622999031918
-1.848080691653594,2.651951098141945,0.0,1.0,0.9992417253325103
-1.8476307977661233,2.6311283991154286,0.0,1.0,0.9986451414852151
-1.8470365679902392,2.6103026418288917,0.0,1.0,0.9978610060642205
-1.8462988472338817,2.589474692688868,0.0,1.0,0.9968752822547737
-1.8454183982575345,2.568645432689755,0.0,1.0,0.9956782956283846
-1.8443959837941326,2.5478157428308426,0.0,1.0,0.9942641521669638
-1.8432323665766124,2.5269865041114175,0.0,1.0,0.9926270093344002
-1.8419282605306706,2.5061586088499044,0.0,1.0,0.9907598652738955
-1.8404841562504959,2.485333001158672,0.0,1.0,0.9886551560533946
-1.838900480488983,2.464510639955847,0.0,1.0,0.986306306524312
-1.837177659994001,2.4436924841607235,0.0,1.0,0.9837076550873599
-1.835316121513419,2.4228794926925925,0.0,1.0,0.9808552959711012
-1.83331626477001,2.402072646946231,0.0,1.0,0.9777497345074072
-1.8311783764351965,2.381273022335827,0.0,1.0,0.9743930932939018
-1.8289027136236529,2.36048171885651,0.0,1.0,0.9707836698025555
-1.8264895334499585,2.3396998365034842,0.0,1.0,0.9669169856457607
-1.8239390930286172,2.318928475272047,0.0,1.0,0.9627925334993113
-1.821251625245596,2.298168764415537,0.0,1.0,0.9584205981420563
-1.8184272703153328,2.277421945096119,0.0,1.0,0.9538150144035942
-1.8154661462990003,2.256689285227931,0.0,1.0,0.9490369658015992
-1.812368371257769,2.235972052725111,0.0,1.0,0.944133456659873
-1.8091340632517365,2.2152715155048903,0.0,1.0,0.9391048266336379
-1.8057633266837956,2.1945889807840864,0.0,1.0,0.9339564193066914
-1.8022562181808033,2.173925893258492,0.0,1.0,0.9286949485711409
-1.7986127839285642,2.1532837276687835,0.0,1.0,0.9233225872232004
-1.7948330701128818,2.1326639587556366,0.0,1.0,0.9178384247291459
-1.790917122907136,2.1120680612737286,0.0,1.0,0.9122436355946077
-1.786864951435206,2.0914975517277843,0.0,1.0,0.9065447621115259
-1.7826764462045859,2.070954080288019,0.0,1.0,0.9007495052079585
-1.778351474034022,2.0504393238188374,0.0,1.0,0.8948605432487564
-1.7738899017422618,2.029954959184644,0.0,1.0,0.8888773018982322
-1.7692915960832656,2.0095026633030115,0.0,1.0,0.8828008599020192
-1.7645563475317956,1.9890841756912891,0.0,1.0,0.8766364262880644
-1.7596837228574245,1.96870141945416,0.0,1.0,0.8703898223566829
-1.7546732480318414,1.9483563511777624,0.0,1.0,0.8640628415416526
-1.7495244490267354,1.9280509274482338,0.0,1.0,0.8576547869332254
-1.7442368516129276,1.9077871049660946,0.0,1.0,0.8511655769629368
-1.7388098614098566,1.8875669088513314,0.0,1.0,0.8445967193712727
-1.7332425609191182,1.8673925482213858,0.0,1.0,0.8379497425578263
-1.7275339788814172,1.847266262807517,0.0,1.0,0.8312244306764945
-1.7216831440374534,1.8271902923409795,0.0,1.0,0.8244195332465978
-1.7156890846997548,1.807166876817622,0.0,1.0,0.8175331455716197
-1.7095506782329863,1.7871983495118033,0.0,1.0,0.8105621614934377
-1.7032664293504525,1.7672872739784888,0.0,1.0,0.8035032520968878
-1.6968347862708313,1.7474362486836015,0.0,1.0,0.7963540689178678
-1.6902541972128005,1.727647872093064,0.0,1.0,0.7891127593533386
-1.6835231097025487,1.7079247431142124,0.0,1.0,0.7817756172858781
-1.6766398126544273,1.6882695617573846,0.0,1.0,0.7743353295179857
-1.6696022351187068,1.668685257418955,0.0,1.0,0.7669690277742823
-1.6624082565131884,1.6491747911322294,0.0,1.0,0.7598374534876102
-1.655055756255674,1.6297411239305144,0.0,1.0,0.7529496367298032
-1.647542613084443,1.6103872174327991,0.0,1.0,0.7463145105702282
-1.6398665974436404,1.591116126597338,0.0,1.0,0.7399478136855183
-1.632025253727988,1.5719311012155297,0.0,1.0,0.7338706092519256
-1.624016098022245,1.5528354154792707,0.0,1.0,0.7280986783702315
-1.615836646411173,1.5338323435804593,0.0,1.0,0.722641744221494
-1.6074844148832232,1.5149251601691471,0.0,1.0,0.7175077275061529
-1.5989569081931736,1.4961171933344986,0.0,1.0,0.7127039075745543
-1.590251609500632,1.4774118738949626,0.0,1.0,0.7082388963757043
-1.581365999514799,1.4588126443256748,0.0,1.0,0.7041222212493281
-1.5722975589448775,1.440322947101773,0.0,1.0,0.7003629558935504
-1.563043769942721,1.4219462244159904,0.0,1.0,0.6969660489245325
-1.5536022426709941,1.4036858934024594,0.0,1.0,0.693926212234944
-1.543970814134327,1.3855453267901388,0.0,1.0,0.6912346380560535
-1.5341473445981233,1.3675278927546053,0.0,1.0,0.6888913773745506
-1.5241296943277844,1.3496369594714321,0.0,1.0,0.6869028735720233
-1.5139157277114625,1.3318758930192196,0.0,1.0,0.6852683915984463
-1.5035035960192644,1.3142479135581415,0.0,1.0,0.6839660009970495
-1.4928919195346644,1.2967560026913973,0.0,1.0,0.6829656088512815
-1.4820793618724981,1.2794031199823084,0.0,1.0,0.6821342747729723
-1.4710645866476004,1.262192224994193,0.0,1.0,0.6813686102700462
-1.4598462647774033,1.2451262730795085,0.0,1.0,0.6806670460575843
-1.4484234755125496,1.2282079841353628,0.0,1.0,0.6800207570132899
-1.4367959144429574,1.2114397226619131,0.0,1.0,0.6794166943826061
-1.4249633282857257,1.1948238236780795,0.0,1.0,0.6788475304155197
-1.4129254637579505,1.178362622202781,0.0,1.0,0.6783111944713296
-1.400682077503746,1.1620584471218391,0.0,1.0,0.677804217856958
-1.3882333811822258,1.1459133462041533,0.0,1.0,0.6773157178998436
-1.3755802209409564,1.1299289752195907,0.0,1.0,0.6768305392653755
-1.3627234899977585,1.1141069608571188,0.0,1.0,0.6763394423497352
-1.3496640815704515,1.0984489298057045,0.0,1.0,0.675838551571354
-1.3364028989667303,1.0829565029794905,0.0,1.0,0.6753232830216869
-1.3229412309076571,1.0676310807055593,0.0,1.0,0.6747837963126554
-1.309280862863825,1.052473779001925,0.0,1.0,0.6742070849177534
-1.295423613113422,1.0374856951095381,0.0,1.0,0.6735843700790686
-1.2813712999346358,1.0226679262693499,0.0,1.0,0.6729108029213778
-1.2671257488701135,1.008021568917211,0.0,1.0,0.6721824490314838
-1.2526890199304062,0.9935476935035625,0.0,1.0,0.6713946759126479
-1.238063452557726,0.979247339510229,0.0,1.0,0.6705411938320966
-1.2232514025383523,0.9651215446076686,0.0,1.0,0.6696160082792262
-1.2082552256585644,0.9511713464663389,0.0,1.0,0.6686142881063665
-1.1930772773995986,0.9373977887663784,0.0,1.0,0.6675343564544816
-1.1777199048256024,0.9238020810140515,0.0,1.0,0.6663792595881857
-1.1621854457227572,0.9103856155020357,0.0,1.0,0.6651512927642714
-1.146476237399512,0.8971497939348327,0.0,1.0,0.6638479946523471
-1.1305946171643173,0.8840960180169447,0.0,1.0,0.6624650609438717
-1.1145429154090745,0.8712257069697593,0.0,1.0,0.6610037937797024
-1.098323297728724,0.8585406973802603,0.0,1.0,0.6594753238534143
-1.0819377616815158,0.8460432514059948,0.0,1.0,0.6578903048244561
-1.065388297261125,0.8337356503625795,0.0,1.0,0.6562498550102811
-1.0486768944612284,0.8216201755656317,0.0,1.0,0.6545507672722586
-1.0318055316728965,0.8096991312411143,0.0,1.0,0.6527966149833059
-1.0147759465190858,0.7979752970322814,0.0,1.0,0.6510025641589415
-0.9975896495155507,0.7864519010250574,0.0,1.0,0.6491827334682896
-0.9802481423105379,0.7751321888150131,0.0,1.0,0.6473399494149467
-0.9627529265522943,0.7640194059977192,0.0,1.0,0.6454721911027661
-0.9451054971302045,0.7531168207102967,0.0,1.0,0.6435838755399954
-0.9273072258732942,0.7424281115095573,0.0,1.0,0.6416896316080583
-0.9093593772393457,0.7319573150471139,0.0,1.0,0.6398024997601209
-0.8912632120834041,0.7217084799900917,0.0,1.0,0.6379256671121958
-0.8730199912605141,0.7116856550056164,0.0,1.0,0.6360584990108804
-0.8546309860247774,0.7018929019659533,0.0,1.0,0.6342044854052559
-0.836097634827866,0.6923344950576134,0.0,1.0,0.6323728822995888
-0.8174215110321625,0.6830148797821836,0.0,1.0,0.6305715283772471
-0.7986041918483923,0.6739385065280351,0.0,1.0,0.6288029999567423
-0.7796472544872804,0.665109825683538,0.0,1.0,0.627068283845921
-0.7605523092997902,0.6565332805861758,0.0,1.0,0.6253692994319217
-0.7413214398006458,0.6482132139035045,0.0,1.0,0.6237082747318149
-0.7219570824694088,0.6401538932065792,0.0,1.0,0.62208678599931
-0.7024616822369493,0.6323595842683601,0.0,1.0,0.6205067733384421
-0.6828376840341368,0.6248345528618074,0.0,1.0,0.6189709228760176
-0.6630875953533182,0.6175830396492261,0.0,1.0,0.6174797189809289
-0.6432147207615758,0.6106089653664702,0.0,1.0,0.616029649564394
-0.6232229142758964,0.6039160302135458,0.0,1.0,0.6146181673778751
-0.6031160407909185,0.5975079300244298,0.0,1.0,0.6132478192447786
-0.5828979652012849,0.591388360633101,0.0,1.0,0.6119234891331554
-0.5625726337223518,0.5855609754458114,0.0,1.0,0.6106461401792551
-0.5421449210561763,0.5800289434463909,0.0,1.0,0.6094107177758527
-0.5216202930156257,0.5747951252164815,0.0,1.0,0.608214248451567
-0.5010042249159278,0.5698623763800246,0.0,1.0,0.607061093208195
-0.48030219207231517,0.565233552560963,0.0,1.0,0.6059585494911498
-0.4595197515564744,0.5609114590965332,0.0,1.0,0.6049099105458041
-0.4386633000708731,0.5568983848844591,0.0,1.0,0.6039127460298767
-0.4177397276640234,0.5531963153755272,0.0,1.0,0.602966960439129
-0.3967559306841125,0.5498072321457209,0.0,1.0,0.6020793854491738
-0.3757188054793328,0.5467331167710243,0.0,1.0,0.6012594915095644
-0.35463531429946527,0.5439759003197453,0.0,1.0,0.6005137507701755
-0.3335130301305207,0.5415370457855089,0.0,1.0,0.5998443902483102
-0.31235985689599105,0.5394177625279695,0.0,1.0,0.5992554705844833
-0.2911837017861832,0.5376192574030555,0.0,1.0,0.5987562193434187
-0.269992471991409,0.5361427372666963,0.0,1.0,0.5983582905667734
-0.24879409733243182,0.5349893580163435,0.0,1.0,0.5980730779134383
-0.22759669741186195,0.5341598482052403,0.0,1.0,0.5979098914640119
-0.20640848658487912,0.5336547230260744,0.0,1.0,0.5978774234272775
-0.185237679905442,0.533474496098037,0.0,1.0,0.5979863256552123
-0.16409249242751395,0.5336196810403192,0.0,1.0,0.5982492002931051
-0.14298110829318444,0.5340907380902318,0.0,1.0,0.5986796386831393
-0.12191147650112974,0.5348877214146208,0.0,1.0,0.5992896101468522
-0.10089143798399805,0.5360104985605036,0.0,1.0,0.6000889106569377
-0.0799288331046861,0.5374589360909984,0.0,1.0,0.6012571697790046
-0.05903150222609531,0.539232900569223,0.0,1.0,0.6028858308408453
-0.03820719744710964,0.5413321956684065,0.0,1.0,0.6050109338991109
-0.017463060592654525,0.5437561902292705,0.0,1.0,0.6076754074127426
0.003194024408785412,0.5465040693361239,0.0,1.0,0.6109049392749908
0.02375717454545107,0.5495750174200896,0.0,1.0,0.6147118938794501
0.04421950680557994,0.5529682189122909,0.0,1.0,0.6191135752142684
0.06457428026408864,0.5566827826610549,0.0,1.0,0.6241451450704268
0.08481564847912407,0.5607173416956774,0.0,1.0,0.6298471044849562
0.1049381122082939,0.5650703443532178,0.0,1.0,0.6359727794188237
0.12493617297644147,0.5697402385626056,0.0,1.0,0.6422682724048846
0.14480433230840672,0.574725472252769,0.0,1.0,0.6487395283224007
0.1645372637384586,0.5800244150153386,0.0,1.0,0.6553853281397715
0.1841306281220104,0.5856349867917394,0.0,1.0,0.6621958699459218
0.20358043792881475,0.5915549473896288,0.0,1.0,0.6691645757810203
0.22288270605743532,0.5977820564213718,0.0,1.0,0.6762926893012436
0.24203344540643262,0.6043140734993333,0.0,1.0,0.6835825073583832
0.26102885589301655,0.6111486782385466,0.0,1.0,0.6910284099094225
0.2798661172864917,0.6182831311217457,0.0,1.0,0.6986158950702237
0.29854272917081165,0.625714555830768,0.0,1.0,0.7063344363715736
0.317056191307901,0.6334400759713232,0.0,1.0,0.7141818227057254
0.33540400345968113,0.6414568151491203,0.0,1.0,0.7221569842757486
0.35358383648558883,0.6497618394327653,0.0,1.0,0.7302521974725851
0.3715941801773138,0.6583519394982474,0.0,1.0,0.7384526849726976
0.38943376905606114,0.667223823723297,0.0,1.0,0.7467473731862242
0.40710133768682827,0.6763742004709179,0.0,1.0,0.7551320703130828
0.42459562063460987,0.685799778104112,0.0,1.0,0.7636033676165693
0.44191550734014146,0.6954972230586746,0.0,1.0,0.7721522485917727
0.4590605648162681,0.7054630183413582,0.0,1.0,0.7807641391873656
0.4760305453216005,0.7156935968100822,0.0,1.0,0.7894280447093065
0.49282520111926004,0.7261853913215444,0.0,1.0,0.7981388332184433
0.509444284472366,0.7369348347324407,0.0,1.0,0.8068920166685017
0.5258876789349122,0.7479383309282418,0.0,1.0,0.8156787056709042
0.542155793224373,0.7591921679095052,0.0,1.0,0.824485976653578
0.5582491673490968,0.770692604705562,0.0,1.0,0.8331364993424174
0.5741683413174321,0.7824359003457441,0.0,1.0,0.8411130564576356
0.5899138551410233,0.7944183138590372,0.0,1.0,0.8483973970801982
0.6054863843030422,0.8066360901797531,0.0,1.0,0.8550002748078652
0.6208870997998902,0.8190854226882033,0.0,1.0,0.860938530634393
0.6361172858896817,0.8317624929807688,0.0,1.0,0.8662002901502709
0.6511782268305294,0.8446634826538287,0.0,1.0,0.8707550743838617
0.6660712069142318,0.8577845732872589,0.0,1.0,0.8749833408899812
0.6807976986774354,0.8711218542262353,0.0,1.0,0.8789007183974066
0.6953598045758139,0.8846711061732581,0.0,1.0,0.8825022616830916
0.7097597586724839,0.8984280453468703,0.0,1.0,0.8857765544927234
0.7239997950305596,0.9123883879656138,0.0,1.0,0.8887109261079065
0.7380821478453597,0.9265478501682587,0.0,1.0,0.8912973422597649
0.7520092888806309,0.9409020047411439,0.0,1.0,0.8935323039507743
0.7657844177652285,0.9554459852656395,0.0,1.0,0.8954089683023975
0.7794108730513707,0.9701748414946316,0.0,1.0,0.896915945740633
0.7928919932912741,0.9850836231810045,0.0,1.0,0.8976822458729576
0.8062311174570036,1.0001673797300463,0.0,1.0,0.897531888020292
0.8194319287844397,1.0154208755257337,0.0,1.0,0.8964086089683123
0.8324990771905971,1.0308380746218475,0.0,1.0,0.8942306475982265
0.8454373810060496,1.0464128016399967,0.0,1.0,0.8909463829693299
0.8582516585613684,1.0621388812017862,0.0,1.0,0.8865380916163614
0.8709467290366438,1.078010137090999,0.0,1.0,0.8809829723666983
0.8835277960464512,1.0940200139478284,0.0,1.0,0.8742141233626566
0.8960010536164787,1.1101609796321805,0.0,1.0,0.8661372859717683
0.9083728530970233,1.126425346844588,0.0,1.0,0.8572681392615031
0.9206495458383792,1.1428054282855795,0.0,1.0,0.8481487486810664
0.9328374845176721,1.1592935350457014,0.0,1.0,0.8387702609860761
0.9449433950804357,1.1758815252886154,0.0,1.0,0.8291235658117865
0.9569748867569553,1.1925601853931727,0.0,1.0,0.8191989795108257
0.9689396965271215,1.2093201467258348,0.0,1.0,0.8089863051522909
0.9808455613708232,1.2261520406530586,0.0,1.0,0.7984749945847595
0.9927002196789065,1.2430464963189478,0.0,1.0,0.7876520897701955
1.0045116774635885,1.2599937213446375,0.0,1.0,0.7765000542341348
1.016288523060709,1.2769830061495615,0.0,1.0,0.7650006787378462
1.0280394213581672,1.29400352057814,0.0,1.0,0.7531394828385747
1.039773037243859,1.3110444344747891,0.0,1.0,0.7409039451310877
1.0514980358674408,1.3280949153877846,0.0,1.0,0.7282782207352922
1.0632231178718146,1.3451438195161627,0.0,1.0,0.7152402325294541
1.074957054990038,1.3621793794512325,0.0,1.0,0.7017679450664649
1.0867086274322828,1.3791897534224644,0.0,1.0,0.6878454992291284
1.0984866154087196,1.3961630996593288,0.0,1.0,0.6734604658634062
1.1102997964440202,1.413087575648934,0.0,1.0,0.6585993951997525
1.1221566760144888,1.4299512636749807,0.0,1.0,0.6432466752394758
1.134065257538483,1.446742107235312,0.0,1.0,0.6273880019810124
1.1460334902597138,1.4634480348520578,0.0,1.0,0.6110132696782347
1.1580693234218906,1.4800569750473471,0.0,1.0,0.5941154099875932
1.1701806987034986,1.4965568594522047,0.0,1.0,0.5766922056359014
1.1823749653283484,1.5129358631640342,0.0,1.0,0.5587485982556509
1.1946584642154574,1.5291825756382174,0.0,1.0,0.54029110336957
1.2070374381032734,1.5452856266769674,0.0,1.0,0.5216802599052611
1.2195181297302438,1.5612336460824965,0.0,1.0,0.504010774033502
1.232106767287001,1.5770152718757808,0.0,1.0,0.48732700207934415
1.2448086739925113,1.59261965334,0.0,1.0,0.4716191303510316
1.257627751582419,1.6080367428229279,0.0,1.0,0.4568563053483745
1.2705677772929629,1.6232565630080658,0.0,1.0,0.4430631037678019
1.2836325283603796,1.638269136578911,0.0,1.0,0.43030933978157826
1.296825760687329,1.6530645008768758,0.0,1.0,0.41780396995130176
1.310150152579177,1.6676334336405882,0.0,1.0,0.40553735739545416
1.3236068190948844,1.6819677866864506,0.0,1.0,0.39352523104227144
1.3371967525960111,1.6960594961339848,0.0,1.0,0.381788880068517
1.350920945444115,1.7099004981027113,0.0,1.0,0.3703608701214703
1.3647803648556884,1.7234827485367556,0.0,1.0,0.35927714222044255
1.3787749278758339,1.7367990313450212,0.0,1.0,0.3485621555043213
1.3929031437520547,1.7498432403569861,0.0,1.0,0.338222722996992
1.4071634231301717,1.7626093471406044,0.0,1.0,0.3282687915787998
1.421554176656002,1.775091323263827,0.0,1.0,0.3187199991334945
1.4360737897847429,1.787283158641919,0.0,1.0,0.30959877325533913
1.450719764868801,1.7991794863882642,0.0,1.0,0.3009185967972483
1.4654885098133783,1.810775736744735,0.0,1.0,0.2926780940697161
1.4803763644532222,1.82206738953156,0.0,1.0,0.2848771664657242
1.4953796686230825,1.8330499245689706,0.0,1.0,0.2775229507648301
1.5104947421701178,1.8437188347287468,0.0,1.0,0.27062608596793436
1.525717309257287,1.854070001854147,0.0,1.0,0.26419396263440614
1.5410424113218406,1.8640997535965116,0.0,1.0,0.2582248441691076
1.5564650523035692,1.873804442092371,0.0,1.0,0.25271654390549964
1.5719802361422655,1.8831804194782555,0.0,1.0,0.247671483815214
1.587582959066539,1.89222403387912,0.0,1.0,0.2431007392186496
1.603268019812515,1.9009315306787318,0.0,1.0,0.23902552776501737
1.619030007744318,1.9092990463396067,0.0,1.0,0.23546346735568205
1.634863502136439,1.9173227120753475,0.0,1.0,0.23242265235251736
1.6507630822633699,1.924998659099559,0.0,1.0,0.2299094106769927
1.6667233291891697,1.932323000736491,0.0,1.0,0.2279424144493377
1.6827388637306326,1.9392914529226914,0.0,1.0,0.22655894409906227
1.6988043456908706,1.9458993418686021,0.0,1.0,0.22579441196649433
1.714914436509252,1.9521419774278153,0.0,1.0,0.22566783948993482
1.7310637976251457,1.9580146694539216,0.0,1.0,0.22619247475234996
1.7472470990636837,1.963512700959181,0.0,1.0,0.2273963585716115
1.763459177593464,1.9686308336721554,0.0,1.0,0.22933002663697818
1.7796950212548541,1.9733633564063047,0.0,1.0,0.23204042517661577
1.795949623570436,1.977704540836239,0.0,1.0,0.2355527560174861
1.8122179780627956,1.9816486586365696,0.0,1.0,0.23988357431258095
1.828495086961914,1.985189967629409,0.0,1.0,0.24506007053898915
1.8447761013665838,1.9883224888031341,0.0,1.0,0.2511235581296399
1.8610562972897164,1.9910400444216505,0.0,1.0,0.2585836781145021
1.8773309546144037,1.9933364505918325,0.0,1.0,0.2674804349930708
1.893595353223741,1.9952055234205561,0.0,1.0,0.2778208286492258
1.9098447738050595,1.996641109230763,0.0,1.0,0.2896260278908739
1.9260745092229223,1.997637511855843,0.0,1.0,0.3029275707042382
1.9422798617898511,1.9981893900981051,0.0,1.0,0.3173030456599224
1.9584561340657032,1.998291412052714,0.0,1.0,0.33238561118611804
1.9745986286103419,1.9979382458148351,0.0,1.0,0.3481611974957985
1.9907026389872768,1.9971246521754533,0.0,1.0,0.364591983097747
2.006763337492781,1.9958466414286016,0.0,1.0,0.38160624319729625
2.0227758094579342,1.994101119932901,0.0,1.0,0.3991342383777723
2.038735138316501,1.9918850135963209,0.0,1.0,0.41713281340147845
2.0546364075022496,1.9891952483268294,0.0,1.0,0.435566172537299
2.070474687167562,1.9860289191356424,0.0,1.0,0.4543654935312473
2.0862448873574433,1.9823851595773467,0.0,1.0,0.47341728185437004
2.101941812043569,1.9782644537694316,0.0,1.0,0.49262183704884116
2.1175602633006076,1.973667309982739,0.0,1.0,0.5119269945839423
2.1330950432032276,1.968594236488109,0.0,1.0,0.5312970851707747
2.1485409458700575,1.9630459612327251,0.0,1.0,0.5506644593819506
2.1638926793045425,1.9570255899137121,0.0,1.0,0.5699205478870251
2.1791448988359488,1.9505376826292946,0.0,1.0,0.588979843488669
2.1942922590365654,1.9435868203787259,0.0,1.0,0.6078106714921747
2.2093294144786864,1.9361775841612585,0.0,1.0,0.6264000427840889
2.2242510412057674,1.9283147846080053,0.0,1.0,0.6447080883563012
2.23905202465078,1.9200054717486554,0.0,1.0,0.6626619014241134
2.253727368408784,1.9112579593439267,0.0,1.0,0.6800607886643294
2.2682720774064964,1.9020805753964807,0.0,1.0,0.6964001810528835
2.28268115657064,1.8924816479089788,0.0,1.0,0.7116901555381964
2.2969496764847577,1.8824696919629327,0.0,1.0,0.7259522667262813
2.311073286359722,1.8720548713478111,0.0,1.0,0.7392056245985195
2.3250479364046166,1.8612482075003576,0.0,1.0,0.7514588355598045
2.338869579409099,1.8500607292102675,0.0,1.0,0.7627234129707183
2.35253416816283,1.8385034652672316,0.0,1.0,0.7730483992476443
2.3660377919351743,1.826587548437681,0.0,1.0,0.7827509767772468
2.3793776297588813,1.8143249417216698,0.0,1.0,0.7918354981772697
2.3925513827427305,1.801728005861622,0.0,1.0,0.800306691922688
2.4055567552714052,1.7888091040957086,0.0,1.0,0.8081817825434522
2.418391451729596,1.7755805996620984,0.0,1.0,0.815483890712626
2.4310533991948375,1.7620548634530993,0.0,1.0,0.8222292477429206
2.443542139396526,1.7482443218579458,0.0,1.0,0.8284196887617721
2.4558579257296693,1.7341614257264137,0.0,1.0,0.8340556771962754
2.4680010146963793,1.7198186260150716,0.0,1.0,0.8391478303153208
2.4799716627987625,1.705228373680486,0.0,1.0,0.8437103481690799
2.491770437860657,1.6904030532406606,0.0,1.0,0.8477459607404213
2.5033999612546944,1.6753546109697297,0.0,1.0,0.8512396994257914
2.5148636861733413,1.6600948156247726,0.0,1.0,0.8541783543733155
2.526165068168584,1.6446354354593258,0.0,1.0,0.8565621865158061
2.5373075627924075,1.6289882387269257,0.0,1.0,0.8583940952668815
2.5482950031819653,1.6131648878385276,0.0,1.0,0.8596606143709605
2.559133491865551,1.5971764090619316,0.0,1.0,0.8603278200991906
2.5698299752446587,1.5810335921150778,0.0,1.0,0.8593556205745504
2.580391401131564,1.5647472263204425,0.0,1.0,0.8566825427730395
2.59082471733854,1.5483281010005014,0.0,1.0,0.8523031643314697
2.601137251695729,1.5317868969780772,0.0,1.0,0.8461596637911957
2.6113384157679973,1.5151337001447354,0.0,1.0,0.8381384497970378
2.621438331633987,1.4983783935318455,0.0,1.0,0.8290836039914857
2.6314471219757967,1.4815308599984787,0.0,1.0,0.8197335567148984
2.641374909475524,1.4646009824037067,0.0,1.0,0.8100734974708554
2.651232116157285,1.44759855320955,0.0,1.0,0.8000881873630348
2.6610306629369846,1.4305329122339137,0.0,1.0,0.789761156339723
2.6707829389052264,1.4134132579125713,0.0,1.0,0.7790746630936473
2.680501333309614,1.3962487886338826,0.0,1.0,0.7680104074498194
2.6901982353977503,1.3790487027862062,0.0,1.0,0.7565506583898542
2.6998861393231066,1.3618221277893987,0.0,1.0,0.7446797713886278
2.709578019266012,1.344577866326571,0.0,1.0,0.7323821784053531
2.7192869866267304,1.3273246282519608,0.0,1.0,0.7196392215784841
2.729026152816331,1.3100711234124929,0.0,1.0,0.7064302202762642
2.7388086292458844,1.2928260616550973,0.0,1.0,0.692736877383884
2.748647389212494,1.275598086226371,0.0,1.0,0.678548029788058
2.7585548282550665,1.258395561770486,0.0,1.0,0.663855004987848
2.7685431908603237,1.2412267800923154,0.0,1.0,0.6486427816376393
2.778624721514511,1.2241000329964995,0.0,1.0,0.6328919827662715
2.7888116647025205,1.2070236122874782,0.0,1.0,0.61658847804333
2.7991158400533087,1.190005747171149,0.0,1.0,0.599732170312207
2.8095474421679545,1.1730544274207728,0.0,1.0,0.5823284825308028
2.8201162771821875,1.156177585572877,0.0,1.0,0.5646939530567336
2.8308321512317343,1.139383154163995,0.0,1.0,0.54788452247739
2.841704870402413,1.1226790657286285,0.0,1.0,0.5319014916903176
2.852743606894792,1.1060732270738454,0.0,1.0,0.5166994538894566
2.863955315433194,1.0895734550062297,0.0,1.0,0.5021928095401792
2.8753464661310058,1.0731875466635086,0.0,1.0,0.4883376612948241
2.8869235291016073,1.0569232991834139,0.0,1.0,0.47514334553127646
2.8986929742107477,1.040788509700338,0.0,1.0,0.4625708325739081
2.9106605328729365,1.0247909654028888,0.0,1.0,0.45000188452506484
2.922829572302954,1.0089384216375945,0.0,1.0,0.4374481412855861
2.935202987563872,0.9932386273918349,0.0,1.0,0.42491904221470095
2.947783673718755,0.9776993316529952,0.0,1.0,0.4124303504509298
2.960574525201638,0.9623282834859945,0.0,1.0,0.4000083494775294
2.973577695810726,0.9471333232512054,0.0,1.0,0.38768919309165456
2.986793167270095,0.9321225590525826,0.0,1.0,0.3755036320798111
3.0002205251751928,0.9173041478233958,0.0,1.0,0.36347248113268626
3.013859355121468,0.9026862464969214,0.0,1.0,0.35161544286832724
3.027709241681292,0.8882770122642937,0.0,1.0,0.339961718360458
3.041769157461885,0.8740847565610705,0.0,1.0,0.328554466653202
3.056036429339468,0.8601182056255564,0.0,1.0,0.3174331556006522
3.070508110370733,0.8463861547116435,0.0,1.0,0.3066209653273875
3.085181253612366,0.832897399073228,0.0,1.0,0.29613390201258505
3.100052910711148,0.8196607346653951,0.0,1.0,0.28599568366042416
3.1151196362668427,0.8066852046405262,0.0,1.0,0.2762452202560376
3.1303767577982318,0.7939804624174122,0.0,1.0,0.26692072630678715
3.1458194167963933,0.7815562539323399,0.0,1.0,0.2580440807999766
3.1614427547523976,0.7694223251216,0.0,1.0,0.2496284240574852
3.177241911422754,0.7575884230466293,0.0,1.0,0.2416932724437829
3.1932116292692485,0.746064552478805,0.0,1.0,0.23427227259822606
3.2093457493575035,0.7348613028908371,0.0,1.0,0.22740090235718227
3.2256379884325437,0.723989344397466,0.0,1.0,0.22110216830322016
3.242082063239394,0.7134593471134358,0.0,1.0,0.21539199682565183
3.2586716882767433,0.7032819824267238,0.0,1.0,0.2102906394010712
3.2754002200482324,0.6934681246389025,0.0,1.0,0.20582795424013056
3.2922602677910664,0.6840290716063415,0.0,1.0,0.20203680730081755
3.30924434715635,0.6749761742305322,0.0,1.0,0.1989443266702085
3.3263449737951873,0.6663207834129701,0.0,1.0,0.19657424076669014
3.3435546601653954,0.6580742498237674,0.0,1.0,0.19495036396179077
3.3608655462597214,0.650247897144959,0.0,1.0,0.1940954704126478
3.378269056058478,0.6428529971777414,0.0,1.0,0.19403315590733206
3.3957565322960614,0.6359008158363927,0.0,1.0,0.1947913397541305
3.413319317706864,0.629402619035193,0.0,1.0,0.19640083820714924
3.4309487506734837,0.6233696681254082,0.0,1.0,0.1988864410064675
3.4486357834300665,0.6178128195682949,0.0,1.0,0.20225686281287455
3.46637068393517,0.6127422123384836,0.0,1.0,0.2065168947476052
3.4841436499805276,0.6081679118382697,0.0,1.0,0.2116870032786424
3.50194487935788,0.604099983469946,0.0,1.0,0.2178354962142162
3.5197645656690972,0.6005484799494338,0.0,1.0,0.22533633762234123
3.5375926109636375,0.5975225712095914,0.0,1.0,0.23414819080082083
3.5554184406420295,0.5950299839518484,0.0,1.0,0.24422334413986513
3.5732314360679904,0.593078311539896,0.0,1.0,0.25555230638503473
3.591020978605251,0.5916751473374249,0.0,1.0,0.26814632299637325
3.6087764478846847,0.5908280590628798,0.0,1.0,0.2819847475426023
3.6264871266427052,0.5905431804508442,0.0,1.0,0.29698130159024816
3.644142151362969,0.5908244807766995,0.0,1.0,0.3130387517668439
3.661730646397022,0.5916757497674874,0.0,1.0,0.3299417038121109
3.6792417360964214,0.5931007771502501,0.0,1.0,0.34751600272018957
3.6966645497559125,0.5951033117603972,0.0,1.0,0.36572939604721205
3.7139884432469263,0.5976852281232138,0.0,1.0,0.38449022884180467
3.7312030883871383,0.6008457871619496,0.0,1.0,0.4036905383899086
3.748298180433059,0.6045840559067868,0.0,1.0,0.4232711647348619
3.7652634146412,0.6088991013879069,0.0,1.0,0.44320458826610554
3.7820885041455097,0.6137899374454853,0.0,1.0,0.4634377084371648
3.7987638449628434,0.6192535461657258,0.0,1.0,0.4838572926018534
3.8152807132605453,0.6252842909586002,0.0,1.0,0.5043406142834994
3.831630443335089,0.6318763622848085,0.0,1.0,0.5248234180260365
3.847804369482954,0.6390239506050533,0.0,1.0,0.5452785942366088
3.8637938597241615,0.6467211871385654,0.0,1.0,0.5656572584398895
3.8795913705407123,0.6549602910253193,0.0,1.0,0.5858575390136639
3.8951906556102447,0.6637312026478315,0.0,1.0,0.6057758097062944
3.9105855444838666,0.6730237291032,0.0,1.0,0.6253681220537401
3.9257698667126966,0.6828276774885265,0.0,1.0,0.6446268598071649
3.940737501449432,0.6931328046074245,0.0,1.0,0.663528161621405
3.955483696511557,0.7039274795070128,0.0,1.0,0.6820074862341868
3.9700052083650004,0.7151985415415965,0.0,1.0,0.7000017711199926
3.984298871157257,0.7269327513003172,0.0,1.0,0.717496091164252
3.998361519035824,0.7391168693723206,0.0,1.0,0.7345033746080001
4.012190048470945,0.7517376268956727,0.0,1.0,0.751024111103131
4.025782840864154,0.7647810532930948,0.0,1.0,0.767028891018426
4.0391397917404435,0.7782324624769899,0.0,1.0,0.7824891075903885
4.052260864786673,0.792077136149356,0.0,1.0,0.7974093740931343
4.065146023689707,0.8063003560121962,0.0,1.0,0.8118126205110453
4.077795297003093,0.8208874073597461,0.0,1.0,0.8257136964583418
4.090210059342342,0.8358236500294484,0.0,1.0,0.8391088004870406
4.1023929550109415,0.8510945141724602,0.0,1.0,0.8519931664352183
4.114346677887918,0.8666854326853636,0.0,1.0,0.8643798630094359
4.126073921852303,0.8825818384647464,0.0,1.0,0.8762915842250062
4.137577431298428,0.8987692030886352,0.0,1.0,0.8877481128423664
4.148860870365463,0.9152337024178497,0.0,1.0,0.8987618378416025
4.159928705678075,0.9319621268061573,0.0,1.0,0.9093428993302137
4.170785430787522,0.9489412872260167,0.0,1.0,0.9195060830440464
4.181435539245067,0.9661579946498935,0.0,1.0,0.9292690184078766
4.191883549200388,0.9835991278802321,0.0,1.0,0.938651201446105
4.202134374300352,1.0012526563003636,0.0,1.0,0.9476738528616324
4.212193247316083,1.0191074292766955,0.0,1.0,0.9563550922295104
4.222065410121773,1.0371523212772638,0.0,1.0,0.9647082766758073
4.231756104591608,1.0553762067701098,0.0,1.0,0.9726644798280203
4.241270562356352,1.0737680484114818,0.0,1.0,0.9794800588743737
4.250613868794959,1.0923180679755544,0.0,1.0,0.9852317861910932
4.259791000187278,1.1110174264976762,0.0,1.0,0.9899848067451414
4.268806930200906,1.1298573075026461,0.0,1.0,0.9937699201450096
4.27766663250345,1.1488288945152707,0.0,1.0,0.9966052709490851
4.286375034806959,1.1679234626090926,0.0,1.0,0.9985354459541218
4.294936479319197,1.1871334532494036,0.0,1.0,0.9996436659888424
4.303354904640524,1.2064521119337803,0.0,1.0,1.0
4.311634241380936,1.2258727000775205,0.0,1.0,1.0
4.319778420150435,1.24538847909592,0.0,1.0,1.0
4.32779130483323,1.2649927987463871,0.0,1.0,1.0
4.3356759974657635,1.2846800174404576,0.0,1.0,1.0
4.343435115062509,1.3044451357381763,0.0,1.0,1.0
4.351071266840996,1.3242831645224116,0.0,1.0,1.0
4.358587062018759,1.344189114676031,0.0,1.0,1.0
4.3659850478382545,1.3641580727419926,0.0,1.0,1.0
4.37326713506405,1.3841859022849672,0.0,1.0,1.0
4.380434860482216,1.404268923428135,0.0,1.0,1.0
4.387489756103388,1.4244034621246107,0.0,1.0,1.0
4.394433353938203,1.444585844327509,0.0,1.0,1.0
4.4012671525157705,1.464812458907864,0.0,1.0,1.0
4.407992340078671,1.4850802778220735,0.0,1.0,1.0
4.414609936735613,1.5053865889809293,0.0,1.0,1.0
4.421120960935588,1.5257286834141428,0.0,1.0,1.0
4.427526431127587,1.5461038521514259,0.0,1.0,1.0
4.433827376566522,1.5665094370812773,0.0,1.0,1.0
4.4400249171271176,1.5869432066004086,0.0,1.0,1.0
4.446120217927936,1.6074031420486894,0.0,1.0,1.0
4.45211444442121,1.627887226336415,0.0,1.0,1.0
4.458008762059171,1.6483934423738786,0.0,1.0,1.0
4.4638043871680795,1.668919815448478,0.0,1.0,1.0
4.469502923067728,1.6894646932058806,0.0,1.0,1.0
4.475106150930455,1.7100265714395468,0.0,1.0,0.9996186586610246
4.48061585286627,1.7306039467240084,0.0,1.0,0.9988162840977788
4.48603381098519,1.751195315633796,0.0,1.0,0.9975835724276648
4.491361869339656,1.771799207026562,0.0,1.0,0.9959165177249675
4.496602300263701,1.7924143729715318,0.0,1.0,0.9938142505526377
4.501757557079412,1.8130396598651801,0.0,1.0,0.9912713615657405
4.506830093752225,1.8336739144392873,0.0,1.0,0.9882781114219436
4.511822364247569,1.854315983425631,0.0,1.0,0.9848281408947718
4.516736852676391,1.8749647399524676,0.0,1.0,0.9809289703351733
4.521576232925732,1.8956192233227347,0.0,1.0,0.9765961113369909
4.526343252545455,1.9162785373411408,0.0,1.0,0.972073502555699
4.531040659248208,1.9369417859549374,0.0,1.0,0.9673608233841727
4.535671200746631,1.9576080731113705,0.0,1.0,0.9624568239418174
4.540237575352418,1.9782765241893188,0.0,1.0,0.9573670353087946
4.544742197819534,1.9989463875836067,0.0,1.0,0.9521006039122085
4.54918738191863,2.0196169554986767,0.0,1.0,0.9466610685267576
4.553575441297202,2.040287520192406,0.0,1.0,0.941046932249427
4.557908689602744,2.0609573739226676,0.0,1.0,0.9352589764605372
4.5621892897435,2.0816258217677923,0.0,1.0,0.9293069176361582
4.566418614855252,2.102292235976677,0.0,1.0,0.923204821294845
4.570597780299375,2.1229560107220644,0.0,1.0,0.9169591918153776
4.57472790129379,2.1436165401889022,0.0,1.0,0.9105700414317739
4.578810093056428,2.164273218562138,0.0,1.0,0.904040038201367
4.5828452220684035,2.1849254532414246,0.0,1.0,0.8973818504277956
4.586832964269862,2.2055727148766033,0.0,1.0,0.8906124840904288
4.590772639819988,2.226214493019181,0.0,1.0,0.8837401650905939
4.594663568814294,2.246850277224051,0.0,1.0,0.8767659293015129
4.5985050713482964,2.2674795570461055,0.0,1.0,0.8696935468273397
4.602296147161413,2.288101833578719,0.0,1.0,0.8625366564669656
4.606034394454242,2.308716658395444,0.0,1.0,0.8553125753771823
4.609717028251737,2.329323596870918,0.0,1.0,0.8480295284135938
4.613341263569525,2.3499222143801273,0.0,1.0,0.840688664122047
4.616904315423228,2.3705120762980507,0.0,1.0,0.8332934043167981
4.620403072853298,2.3910927407372737,0.0,1.0,0.8258552307357158
4.623833120999477,2.411663736760791,0.0,1.0,0.8183881145734009
4.627189719026334,2.4322245861691942,0.0,1.0,0.8108982318642475
4.630468126098434,2.4527748107630805,0.0,1.0,0.8033859927035155
4.633663601373306,2.4733139323428373,0.0,1.0,0.7958531464268026
4.6367711149087025,2.4938414641321645,0.0,1.0,0.7883063257335023
4.639784579324165,2.5143568879838814,0.0,1.0,0.7807533248737198
4.642697665535783,2.5348596785802147,0.0,1.0,0.7731969484158915
4.645504044459645,2.5553493106033986,0.0,1.0,0.7656364900898655
4.648197386979466,2.575825258726837,0.0,1.0,0.7581713730940601
4.650771183066509,2.5962869483012465,0.0,1.0,0.7509244380923802
4.653218317309205,2.6167336396300365,0.0,1.0,0.7438999313348599
4.655531547814834,2.637164558533699,0.0,1.0,0.7370987456565362
4.657703632690676,2.6575789308327233,0.0,1.0,0.7305194687086535
4.659727330014801,2.677975982306589,0.0,1.0,0.7241564158388428
4.661595345378866,2.698354865046133,0.0,1.0,0.7179947814016826
4.663300223565972,2.7187145053739736,0.0,1.0,0.7120178925607541
4.664834478666638,2.7390537865216786,0.0,1.0,0.7070293467298705
4.66619062477138,2.7593715917208153,0.0,1.0,0.703110518773368
4.667361176097571,2.7796668040858936,0.0,1.0,0.7002703336035785
4.668338750878765,2.7999382107484245,0.0,1.0,0.6984890230078058
4.669116259422456,2.8201843293229008,0.0,1.0,0.6977377057044082
4.669686662920762,2.8404036304690217,0.0,1.0,0.6980138644177599
4.670042922565803,2.860594584846484,0.0,1.0,0.6993340732378412
4.670178000197509,2.880755662920041,0.0,1.0,0.7016982923082188
4.6700851508122865,2.9008852469364648,0.0,1.0,0.7049652995520759
4.66975838465988,2.9209814918682344,0.0,1.0,0.7090789881181166
4.669191831960352,2.941042516585819,0.0,1.0,0.7135188297433084
4.668379622933762,2.961066439959685,0.0,1.0,0.7182843216983014
4.667315889407529,2.981051380675546,0.0,1.0,0.7233769216847485
4.66599521539584,3.0009954054433656,0.0,1.0,0.7287836319874242
4.664413254946312,3.020896457980123,0.0,1.0,0.7344837389858224
4.662565816865657,3.04075246421432,0.0,1.0,0.7404684492157995
4.6604487099605905,3.0605613500744515,0.0,1.0,0.7467396713118967
4.658057746318861,3.0803210416614806,0.0,1.0,0.7532944438328196
4.655389360354522,3.100029497788847,0.0,1.0,0.7601107621931918
4.652441340616044,3.1196847484498305,0.0,1.0,0.7671573423580598
4.649211653665928,3.13928483299499,0.0,1.0,0.77438435371943
4.645698266066672,3.1588277907748834,0.0,1.0,0.7817290482564098
4.64189914973953,3.1783116621447722,0.0,1.0,0.7891800053286463
4.637813003232639,3.1977346236939255,0.0,1.0,0.7967038943974919
4.6334399804699835,3.2170951248774786,0.0,1.0,0.8042586479084942
4.628780408921209,3.2363916476883494,0.0,1.0,0.8118219049481763
4.623834616055961,3.25562267411945,0.0,1.0,0.819387225159342
4.618602936806369,3.2747866882150265,0.0,1.0,0.8269466839736183
4.613086462073195,3.2938823818247234,0.0,1.0,0.8344790530168993
4.607287677877053,3.312908830297459,0.0,1.0,0.8419553038149347
4.601209220779177,3.331865150363707,0.0,1.0,0.849358802952734
4.594853727340812,3.350750458753942,0.0,1.0,0.8566850094748326
4.588223842508058,3.369563875058376,0.0,1.0,0.8639326140979595
4.581322867869559,3.388304742821598,0.0,1.0,0.8710966607899845
4.574155222560768,3.406972786738481,0.0,1.0,0.8781657006133972
4.566725434534805,3.425567768617235,0.0,1.0,0.8851319995081494
4.559038031744794,3.4440894502660715,0.0,1.0,0.8919947663685457
4.551097549187779,3.4625375958277775,0.0,1.0,0.8987597148320873
4.542908960039947,3.480912114671499,0.0,1.0,0.9054369824454975
4.534477925746937,3.499213144280536,0.0,1.0,0.9120318037419536
4.52581016803587,3.5174408421173733,0.0,1.0,0.9185453619230338
4.516911408633875,3.535595365644494,0.0,1.0,0.9249804826458364
4.507787371589357,3.553676872163607,0.0,1.0,0.9311346459160128
4.498443898202698,3.5716855108551386,0.0,1.0,0.9367671892446712
4.48888699986911,3.5896214191181617,0.0,1.0,0.9418870181928878
4.479122701334353,3.6074847334270475,0.0,1.0,0.9464980285523182
4.469157027344186,3.625275590256164,0.0,1.0,0.9506043020841944
4.458995997029496,3.642994121125219,0.0,1.0,0.9542226554681782
4.448645395018967,3.6606402506249465,0.0,1.0,0.9573944162469686
4.438110691581486,3.678213625949329,0.0,1.0,0.9601629268843359
4.427397334968294,3.6957138748635847,0.0,1.0,0.9625479410589528
4.416510773430624,3.7131406251329238,0.0,1.0,0.9644330273499112
4.405456440328989,3.7304934941856365,0.0,1.0,0.9658185565210544
4.3942392470027425,3.747771737070409,0.0,1.0,0.9667624336520374
4.382863457839815,3.7649741597315423,0.0,1.0,0.9673277130501763
4.371333296990218,3.7820995401807527,0.0,1.0,0.9675418611893807
4.359652988603966,3.7991466564297567,0.0,1.0,0.9674112885622055
4.347826734221222,3.816114272463292,0.0,1.0,0.9669624187346789
4.335858061547559,3.8330007342241936,0.0,1.0,0.9664593083600803
4.323749725993082,3.849803908529023,0.0,1.0,0.965948536406173
4.311504440550991,3.8665216358792116,0.0,1.0,0.9654299861991602
4.29912491821448,3.8831517567761886,0.0,1.0,0.9649035392884877
4.2866138461563645,3.899692099565949,0.0,1.0,0.9643690754197842
4.273973250259141,3.9161401812795185,0.0,1.0,0.9638264725073952
4.261204455337182,3.9324931889068058,0.0,1.0,0.9632756066064926
4.248308752420418,3.94874829353305,0.0,1.0,0.9627163518847641
4.235287432538773,3.964902666243487,0.0,1.0,0.9621485805936688
4.2221417635060625,3.9809534737682806,0.0,1.0,0.9615721630392581
4.2088724974216625,3.9968977860954045,0.0,1.0,0.9609869675525461
4.195479880613436,4.012732578335845,0.0,1.0,0.9603928604594375
4.181964138181957,4.028454821618585,0.0,1.0,0.9598634234537256
4.168325495227795,4.044061487072608,0.0,1.0,0.9595291224135374
4.154564164592757,4.0595495568567515,0.0,1.0,0.9593990585964803
4.140680121041923,4.07491622733979,0.0,1.0,0.9594836030968641
4.126673123354184,4.09015888922446,0.0,1.0,0.9597920181420279
4.112542922480906,4.1052749402563204,0.0,1.0,0.9603313596030425
4.098289269373458,4.120261778180933,0.0,1.0,0.9611073295102825
4.08391191459457,4.135116829282722,0.0,1.0,0.9621163453816552
4.069410602062528,4.149838007769981,0.0,1.0,0.9633383642417921
4.054785070120336,4.16442363726235,0.0,1.0,0.9647532243371308
4.040035056938264,4.17887205406415,0.0,1.0,0.9663555358095558
4.025160300686578,4.193181594479704,0.0,1.0,0.9681229361416276
4.010160554272197,4.207350637259243,0.0,1.0,0.9699417633676497
3.9950357937340195,4.221378203838999,0.0,1.0,0.9717834124678394
3.9797861682324944,4.235263814296408,0.0,1.0,0.9736159851945662
3.9644118314602834,4.249007001763008,0.0,1.0,0.9754249627080236
3.948912937110045,4.2626072993703445,0.0,1.0,0.9772074550090982
3.9332896649963454,4.276064287948628,0.0,1.0,0.9789581325282546
3.9175425470467906,4.289378191287367,0.0,1.0,0.9806568754944055
3.9016723677021816,4.302549694265831,0.0,1.0,0.9822767150552187
3.885679916912376,4.315579491822831,0.0,1.0,0.983803237680078
3.869565984627232,4.32846827889718,0.0,1.0,0.9852336570049683
3.8533313934864792,4.341216788365434,0.0,1.0,0.9865694748998513
3.836977360207016,4.353826210444432,0.0,1.0,0.9878061358108344
3.820505362587246,4.366298038345221,0.0,1.0,0.9889300654181671
3.8039168830947374,4.378633770697567,0.0,1.0,0.989931766151117
3.7872134041970584,4.390834906131242,0.0,1.0,0.9908106901903649
3.770396438439831,4.402902954432821,0.0,1.0,0.991578630500875
3.7534678239298978,4.414839546148811,0.0,1.0,0.992102203434431
3.7364295979105044,4.426646385691085,0.0,1.0,0.992332363415058
3.719283800486668,4.438325178533033,0.0,1.0,0.9922598972755157
3.7020324717634026,4.449877630148034,0.0,1.0,0.992142027690879
3.6846776717949123,4.461305418262139,0.0,1.0,0.9920223631379483
3.6672216551824013,4.472609950005857,0.0,1.0,0.9919008762821808
3.649666786313276,4.483792479808002,0.0,1.0,0.9917775393727726
3.632015430812206,4.494854260376474,0.0,1.0,0.9916523242363171
3.6142699543038623,4.505796544419177,0.0,1.0,0.9915252022703729
3.5964327229899222,4.516620513552791,0.0,1.0,0.9913961444369268
3.5785061081571796,4.527326722873889,0.0,1.0,0.9912651212557632
3.5604924837376677,4.537915401567314,0.0,1.0,0.9911321027977295
3.5423942236860952,4.548386776023739,0.0,1.0,0.9909970586778974
3.524213701957176,4.558741072633838,0.0,1.0,0.990859958048627
3.5059532673366056,4.568978413133671,0.0,1.0,0.990720769592515
3.4876150676404882,4.579098083612937,0.0,1.0,0.9905794615152436
3.4692011544058525,4.589098969825881,0.0,1.0,0.9904360015383182
3.4507135785656002,4.59897995501473,0.0,1.0,0.9902903568916938
3.432154391052629,4.608739922421708,0.0,1.0,0.9901424943062879
3.413525596930562,4.618377646707319,0.0,1.0,0.9899923800063835
3.3948288686842485,4.627891115251794,0.0,1.0,0.9898399797019124
3.3760657322128305,4.6372779684377825,0.0,1.0,0.9896852585806218
3.3572377127754653,4.646535845132956,0.0,1.0,0.9895281813001235
3.338346335631308,4.655662384204992,0.0,1.0,0.9893687119798211
3.319393075688892,4.664655153550337,0.0,1.0,0.9892068141927115
3.300379075732563,4.673511252923161,0.0,1.0,0.9890424509570676
3.2813053440149362,4.68222759244978,0.0,1.0,0.9888755847279874
3.262172888407018,4.69080108171862,0.0,1.0,0.9887061773888195
3.24298271677981,4.699228630318107,0.0,1.0,0.9885341902424566
3.2237358007647807,4.7075071601093725,0.0,1.0,0.9883595840024939
3.2044328941837152,4.715633666715923,0.0,1.0,0.9881823187842577
3.1850746698658643,4.723605173189806,0.0,1.0,0.9880023540956933
3.1656618005050783,4.731418702628924,0.0,1.0,0.9878196488281149
3.1461949587952054,4.7390712781311795,0.0,1.0,0.9876836613179555
3.126674810778618,4.7465600506488315,0.0,1.0,0.9878015277920345
3.1071019860259317,4.753882872192148,0.0,1.0,0.9881379198815201
3.087477101671589,4.761037833818798,0.0,1.0,0.988669806980036
3.0678007748394736,4.768023026789474,0.0,1.0,0.9893954253926931
3.0480736226534644,4.774836542364875,0.0,1.0,0.9903123035188692
3.028296293309621,4.781476715698381,0.0,1.0,0.9913806278699528
3.0084695905913237,4.787943103184364,0.0,1.0,0.9925247648620835
2.988594366879224,4.7942356426684265,0.0,1.0,0.9936945484646245
2.9686714745702734,4.8003542721241015,0.0,1.0,0.9948794690403102
2.948701766061418,4.806298929524912,0.0,1.0,0.9960705659390768
2.9286861426440547,4.812069862666492,0.0,1.0,0.9972140919224682
2.9086257293400934,4.817668737024295,0.0,1.0,0.9982159568438221
2.888521715126802,4.82309762333013,0.0,1.0,0.999014399773603
2.868375288986486,4.828358592347713,0.0,1.0,0.9995939104184262
2.8481876399014467,4.833453714840764,0.0,1.0,0.9999411839048016
2.827960004463856,4.8383853810130715,0.0,1.0,1.0
2.8076938184274147,4.843157317349854,0.0,1.0,1.0
2.787390569615678,4.847773599700848,0.0,1.0,1.0
2.767051745852367,4.852238303916911,0.0,1.0,1.0
2.7466788349612252,4.85655550584958,0.0,1.0,1.0
2.7262733328684536,4.860729497731974,0.0,1.0,1.0
2.7058367664912324,4.864765399433276,0.0,1.0,1.0
2.685370670155188,4.868668528670313,0.0,1.0,1.0
2.6648765781859467,4.872444203159913,0.0,1.0,1.0
2.6443560249065627,4.876097740624046,0.0,1.0,1.0
2.6238105120046735,4.879634524138276,0.0,1.0,1.0
2.6032414270017044,4.883060165400049,0.0,1.0,1.0
2.582650132469012,4.886380326070211,0.0,1.0,1.0
2.5620379909779496,4.889600667809612,0.0,1.0,1.0
2.541406365074086,4.892726852236492,0.0,1.0,1.0
2.520756540412129,4.895764413902536,0.0,1.0,1.0
2.5000895564756567,4.89871848054759,0.0,1.0,1.0
2.4794064035856924,4.901594098667556,0.0,1.0,1.0
2.4587080720632537,4.904396314758337,0.0,1.0,1.0
2.4379955521454737,4.907130175062174,0.0,1.0,1.0
2.417269735300111,4.909800427155366,0.0,1.0,1.0
2.396531223332434,4.912410942711985,0.0,1.0,1.0
2.37578056522097,4.9149654336648085,0.0,1.0,1.0
2.3550183099442465,4.91746761194661,0.0,1.0,1.0
2.334245006315694,4.91992118884602,0.0,1.0,1.0
2.3134611043949573,4.922329490347044,0.0,1.0,1.0
2.2926667886674488,4.924694806250919,0.0,1.0,1.0
2.2718621994318875,4.9270192539570195,0.0,1.0,1.0
2.251047476986993,4.929304950864722,0.0,1.0,1.0
2.2302227614660017,4.931554013256517,0.0,1.0,1.0
2.2093881346635724,4.9337681636710755,0.0,1.0,1.0
2.1885435343514317,4.935948152595054,0.0,1.0,1.0
2.16768887646717,4.938094583150256,0.0,1.0,1.0
2.1468240769483775,4.9402080584584835,0.0,1.0,1.0
2.125949051570241,4.942289180191209,0.0,1.0,1.0
2.105063678909314,4.944338217828713,0.0,1.0,1.0
2.0841677531445955,4.946354687164254,0.0,1.0,1.0
2.0632610568149765,4.948338000042556,0.0,1.0,1.0
2.0423433724593414,4.950287568308339,0.0,1.0,1.0
2.021414482665407,4.952202802456509,0.0,1.0,1.0
2.000474177802158,4.954082897864811,0.0,1.0,1.0
1.9795222644809343,4.955926600882876,0.0,1.0,1.0
1.9585585513472374,4.957732601624989,0.0,1.0,1.0
1.9375828470465646,4.959499590205432,0.0,1.0,1.0
1.91659496053787,4.9612262560848,0.0,1.0,1.0
1.8955947373407065,4.962911212477276,0.0,1.0,1.0
1.8745820932573263,4.964552926023891,0.0,1.0,1.0
1.8535569520649564,4.966149846734026,0.0,1.0,1.0
1.8325192375408235,4.967700424617062,0.0,1.0,1.0
1.8114688738962863,4.969203110221116,0.0,1.0,1.0
1.790405823864214,4.9706564018981,0.0,1.0,1.0
1.769330118439646,4.972058882710784,0.0,1.0,1.0
1.748241795617346,4.973409144408345,0.0,1.0,1.0
1.7271408933920762,4.974705778739956,0.0,1.0,1.0
1.706027450306229,4.975947379719603,0.0,1.0,1.0
1.6849015430088177,4.977132698958691,0.0,1.0,1.0
1.6637633104480585,4.978260745719175,0.0,1.0,1.0
1.6426128973278857,4.979330553066915,0.0,1.0,1.0
1.621450448352232,4.980341154067767,0.0,1.0,1.0
1.6002761080575745,4.981291586643633,0.0,1.0,1.0
1.5790900116164988,4.982181160247421,0.0,1.0,1.0
1.5578922800677208,4.98300959418171,0.0,1.0,1.0
1.536683033277511,4.98377664174733,0.0,1.0,1.0
1.5154623911121354,4.984482056245107,0.0,1.0,1.0
1.4942304725421063,4.985125598522544,0.0,1.0,1.0
1.472987355479697,4.985707375336786,0.0,1.0,1.0
1.4517330605841885,4.986227975793188,0.0,1.0,1.0
1.4304676042674813,4.986688024780663,0.0,1.0,1.0
1.4091910029414736,4.9870881471881185,0.0,1.0,1.0
1.3879032706898657,4.987428978251088,0.0,1.0,1.0
1.3666043326634858,4.9877115484256676,0.0,1.0,1.0
1.3452939993898438,4.9879373975577215,0.0,1.0,1.0
1.323972073826207,4.988108099135536,0.0,1.0,1.0
1.3026383589298387,4.988225226647391,0.0,1.0,1.0
1.2812926553416604,4.988290364425893,0.0,1.0,1.0
1.259934688939985,4.988305446815271,0.0,1.0,1.0
1.238564096503353,4.9882728252928885,0.0,1.0,1.0
1.2171805095988257,4.9881948757343855,0.0,1.0,1.0
1.195783559793461,4.988073974015403,0.0,1.0,1.0
1.1743728779415694,4.987912504103857,0.0,1.0,1.0
1.152948075230318,4.987713073259098,0.0,1.0,1.0
1.13150874116823,4.987478534869607,0.0,1.0,1.0
1.1100544641475796,4.98721175499726,0.0,1.0,1.0
1.0885848325606364,4.986915599703937,0.0,1.0,1.0
1.067099439842857,4.986592935566716,0.0,1.0,1.0
1.0455979995908562,4.986246641438125,0.0,1.0,1.0
1.0240803479246532,4.985879608687458,0.0,1.0,1.0
1.0025463264799528,4.985494729247489,0.0,1.0,1.0
0.980995776892456,4.985094895050983,0.0,1.0,1.0
0.9594285534396869,4.98468298604913,0.0,1.0,1.0
0.9378447727320934,4.9842616335609184,0.0,1.0,1.0
0.9162447988285918,4.983833234380227,0.0,1.0,1.0
0.8946290054498353,4.983400176143804,0.0,1.0,1.0
0.8729977663164744,4.982964846488384,0.0,1.0,1.0
0.8513514761134242,4.982529609504034,0.0,1.0,1.0
0.829690911227103,4.98209640056039,0.0,1.0,1.0
0.8080171810818678,4.981666780964742,0.0,1.0,1.0
0.7863314062768303,4.981242299473093,0.0,1.0,1.0
0.7646347074111001,4.980824504841447,0.0,1.0,1.0
0.7429282342127669,4.980414912615302,0.0,1.0,1.0
0.721213604750007,4.98001450437659,0.0,1.0,1.0
0.699492814991771,4.9796238308552905,0.0,1.0,1.0
0.6777678716866762,4.979243430491275,0.0,1.0,1.0
0.6560407815833474,4.978873841724416,0.0,1.0,1.0
0.6343135849845171,4.978515571379372,0.0,1.0,1.0
0.6125888012658962,4.978168674890763,0.0,1.0,1.0
0.5908693071761134,4.977832870970873,0.0,1.0,1.0
0.5691579880206505,4.977507870269577,0.0,1.0,1.0
0.547457729104997,4.977193383436752,0.0,1.0,1.0
0.5257714549541399,4.976889099462591,0.0,1.0,1.0
0.5041025897756184,4.9765944313785395,0.0,1.0,1.0
0.48245490222462767,4.9763086019885705,0.0,1.0,1.0
0.46083216777551467,4.976030830330664,0.0,1.0,1.0
0.43923816190263343,4.975760335442796,0.0,1.0,1.0
0.41767670852963373,4.975496335626149,0.0,1.0,1.0
0.39615218475450414,4.975238040769473,0.0,1.0,1.0
0.37466931984756785,4.9749846554058434,0.0,1.0,1.0
0.35323284874046956,4.97473538398224,0.0,1.0,1.0
0.33184750636486154,4.974489430945641,0.0,1.0,1.0
0.31051810646895733,4.974246017511467,0.0,1.0,1.0
0.28925027223938216,4.974004537105372,0.0,1.0,1.0
0.26805010246852,4.973764484339432,0.0,1.0,1.0
0.24692370202190164,4.973525355117805,0.0,1.0,1.0
0.22587717576506494,4.973286645344651,0.0,1.0,1.0
0.20491675874567802,4.973047880972344,0.0,1.0,1.0
0.18404989246097464,4.972808866422047,0.0,1.0,1.0
0.16328467214274042,4.972569557007802,0.0,1.0,1.0
0.14262919947604147,4.972329909533191,0.0,1.0,1.0
0.12209157614595058,4.972089880801786,0.0,1.0,1.0
0.10168011524704691,4.971849457339976,0.0,1.0,1.0
0.08140490278072794,4.971608874933416,0.0,1.0,1.0
0.06127690990928608,4.971368493815669,0.0,1.0,1.0
0.04130711432291845,4.97112867513808,0.0,1.0,1.0
0.02150649371182877,4.970889780051996,0.0,1.0,1.0
0.0018863254037143082,4.970652184549793,0.0,1.0,1.0
-0.017539833962133558,4.970416377518034,0.0,1.0,1.0
-0.03675738023182056,4.970182899726618,0.0,1.0,1.0
-0.0557517037287391,4.9699522922189985,0.0,1.0,1.0
-0.07450819477627527,4.969725096038612,0.0,1.0,1.0
-0.09301188953612473,4.969501848997546,0.0,1.0,1.0
-0.11124537542948706,4.969283066565633,0.0,1.0,1.0
-0.12919020506125414,4.969069254771064,0.0,1.0,1.0
-0.1468279273579342,4.968860919608476,0.0,1.0,1.0
-0.16414009124602952,4.968658567072501,0.0,1.0,1.0
-0.18110791317307784,4.968462682340299,0.0,1.0,1.0
-0.19771051652006974,4.968273619536034,0.0,1.0,1.0
-0.2139262122306686,4.968091681914812,0.0,1.0,1.0
-0.2297333094532288,4.967917172619326,0.0,1.0,1.0
-0.2451101173360995,4.9677503947922705,0.0,1.0,1.0
-0.26003480799957013,4.967591623262966,0.0,1.0,1.0
-0.27448476703314906,4.967440970344123,0.0,1.0,1.0
-0.2884370999194136,4.967298490471462,0.0,1.0,1.0
-0.30186891179933767,4.967164238010125,0.0,1.0,1.0
-0.3147573078138909,4.967038267325246,0.0,1.0,1.0
-0.3270795048810565,4.966920607136898,0.0,1.0,1.0
-0.33881330555527445,4.966811151802213,0.0,1.0,1.0
-0.34993670353729806,4.9667097518235135,0.0,1.0,1.0
-0.36042769263425156,4.966616257678712,0.0,1.0,1.0
-0.37026426665325535,4.966530519845723,0.0,1.0,1.0
-0.37942535095949065,4.966452384375842,0.0,1.0,1.0
-0.38789432967933807,4.966381676133057,0.0,1.0,1.0
-0.39565591939426503,4.966318213649738,0.0,1.0,1.0
-0.4026948369241706,4.966261815457122,0.0,1.0,1.0
-0.40899579908895634,4.966212300086446,0.0,1.0,1.0
-0.41454352270852324,4.9661694860689485,0.0,1.0,1.0
-0.4193227246027721,4.966133191935869,0.0,1.0,1.0
-0.42331812159160387,4.9661032362184425,0.0,1.0,1.0
-0.42651443049491855,4.966079437447908,0.0,1.0,1.0
-0.42889636813261756,4.966061614155505,0.0,1.0,1.0
