-1.6916399036963883,0.7468203908536747,0.0,1.0,0.9725319210479046
-1.68946766581121,0.7443900958638922,0.0,1.0,0.9696243138234978
-1.6854793455732475,0.739935070193571,0.0,1.0,0.9666028515966836
-1.6798159207836896,0.7336274861794363,0.0,1.0,0.9634732620040901
-1.672643992651101,0.7256708394163851,0.0,1.0,0.9602439901038602
-1.6641661422579817,0.7163126329819062,0.0,1.0,0.9569248136467179
-1.654592465963672,0.705809645371178,0.0,1.0,0.9535257387142394
-1.6441269391559896,0.6944113029547496,0.0,1.0,0.9500564875050707
-1.6329561631636687,0.6823459493630278,0.0,1.0,0.9465266111436896
-1.6212415671827347,0.6698113261559572,0.0,1.0,0.942944858317602
-1.609115315753661,0.6569695719124926,0.0,1.0,0.9393181662488529
-1.5966802767667778,0.6439471687946074,0.0,1.0,0.9356534671511981
-1.5840133990654368,0.6308390463797733,0.0,1.0,0.9319582506343604
-1.5711696383959033,0.617713356975751,0.0,1.0,0.9282386153216111
-1.5581862827086925,0.6046167393624102,0.0,1.0,0.9244996803908585
-1.54508745683073,0.5915798026376474,0.0,1.0,0.9207462380945843
-1.5318882405177043,0.578622140414207,0.0,1.0,0.9169824555790841
-1.5185975369970524,0.5657558239160839,0.0,1.0,0.9132119096893261
-1.5052202355648114,0.5529880356102648,0.0,1.0,0.9094375937914192
-1.491758777893894,0.5403229767910295,0.0,1.0,0.9056619154286112
-1.4782141912558797,0.5277631259811174,0.0,1.0,0.9018867228334062
-1.4645867634149847,0.5153100609652367,0.0,1.0,0.8981133327130083
-1.4508764096423463,0.5029649058168469,0.0,1.0,0.8943425657897867
-1.4370827586585464,0.4907284355428377,0.0,1.0,0.8905747868522896
-1.4232052215022928,0.4786011599579295,0.0,1.0,0.8868099470328
-1.4092431723672665,0.46658354398942314,0.0,1.0,0.8830476272144012
-1.3951960139675013,0.45467608731028775,0.0,1.0,0.8792870811054654
-1.3810631385449814,0.44287927683564215,0.0,1.0,0.8755272769981873
-1.3668439402504973,0.4311936018060593,0.0,1.0,0.8717669374409673
-1.3525378135885429,0.4196195518930204,0.0,1.0,0.8680045762680415
-1.3381441526152158,0.40815761622173635,0.0,1.0,0.8642385326404036
-1.3236623515813948,0.39680828415471475,0.0,1.0,0.8604670018889587
-1.309091804691928,0.3855720449983853,0.0,1.0,0.8566880631451317
-1.2944319061509033,0.37444938805825223,0.0,1.0,0.8528997039337184
-1.2796820501690025,0.363440802647851,0.0,1.0,0.8490998419279088
-1.2648416309534432,0.35254677807650026,0.0,1.0,0.8452863440363481
-1.2499100427124392,0.3417678036547291,0.0,1.0,0.841457043169565
-1.234886679654121,0.33110436869296594,0.0,1.0,0.8376097533148579
-1.2197709359865303,0.3205569625015321,0.0,1.0,0.8337422838967057
-1.204562205917769,0.31012607439082046,0.0,1.0,0.8298524547178896
-1.1892598836559176,0.29981219367119954,0.0,1.0,0.8259381122871433
-1.1738633634090605,0.2896158096530415,0.0,1.0,0.8220028669027202
-1.1583720393852825,0.2795374116467198,0.0,1.0,0.8181017496725012
-1.142785305792668,0.26957748896260664,0.0,1.0,0.8142307648295315
-1.1271025568393016,0.2597365309110749,0.0,1.0,0.8103863544333106
-1.1113231867332682,0.2500150268024975,0.0,1.0,0.8065655121426214
-1.0954465896826502,0.24041346594724625,0.0,1.0,0.8027659142966348
-1.0794721598955368,0.23093233765569493,0.0,1.0,0.7989860952382786
-1.0633992915800132,0.22157213123821637,0.0,1.0,0.7952256006324423
-1.0472273789441204,0.2123333360051756,0.0,1.0,0.7914850446646274
-1.0309558161961179,0.20321644126697552,0.0,1.0,0.7877661337810353
-1.0145839975437057,0.19422193633392237,0.0,1.0,0.7840717211730998
-0.9981113171952056,0.1853503105164298,0.0,1.0,0.7804057481239611
-0.9815371693605927,0.1766020531251974,0.0,1.0,0.7767729635414733
-0.9648609482384386,0.16797765346895305,0.0,1.0,0.7731786215115634
-0.9480820480616399,0.1594776008623592,0.0,1.0,0.769628278432109
-0.931199863009673,0.15110238461084255,0.0,1.0,0.7661200796265065
-0.9142137872216353,0.142852494012848,0.0,1.0,0.7625584564736108
-0.8971232153995954,0.134728418464156,0.0,1.0,0.7589425954046817
-0.8799275402364264,0.12673064701316566,0.0,1.0,0.7552716704616053
-0.8626261583584776,0.11885966938835721,0.0,1.0,0.7515448431082284
-0.8452184655232974,0.11111597516799887,0.0,1.0,0.747761262038811
-0.8277038317106303,0.10350004947348829,0.0,1.0,0.7439200629835641
-0.8100817392877073,0.09601239685753275,0.0,1.0,0.7400203685112325
-0.7923514057730237,0.08865347608163998,0.0,1.0,0.7360612878286626
-0.7745122774389908,0.0814237854578795,0.0,1.0,0.7320419165773224
-0.7565655848968154,0.07432411756253046,0.0,1.0,0.7279613366267235
-0.7385113993812424,0.06735495545464444,0.0,1.0,0.7238186158646936
-0.7203506893058874,0.06051686837838413,0.0,1.0,0.7196128079844607
-0.7020868965030655,0.05381074104472361,0.0,1.0,0.7153429522684878
-0.6837261080782215,0.047237625800539175,0.0,1.0,0.7110080733690236
-0.665279164670664,0.04079890902147912,0.0,1.0,0.706607181085303
-0.6467639196516757,0.03449638419577851,0.0,1.0,0.7021392701373632
-0.6282079182790101,0.02833227361513341,0.0,1.0,0.6976033199364094
-0.6096515157138148,0.022309164654150268,0.0,1.0,0.6929982943516849
-0.5911511625896122,0.01642972015861652,0.0,1.0,0.6883231414737918
-0.5727807692989116,0.010696025730943439,0.0,1.0,0.6835767933744078
-0.5546308342138034,0.005108587675547198,0.0,1.0,0.6787581658623427
-0.5368048471716325,-0.00033502251899530824,0.0,1.0,0.673866158235881
-0.519411304584695,-0.005642051742165789,0.0,1.0,0.6688996530313512
-0.5025501461578726,-0.010826435868522765,0.0,1.0,0.6638575157678692
-0.4862970198269103,-0.015910090663589033,0.0,1.0,0.6587385946881922
-0.47068702397845796,-0.02092343697521358,0.0,1.0,0.6535417204956266
-0.4556980572400933,-0.025904810849726508,0.0,1.0,0.6501126993361661
-0.4412404447910933,-0.030897577929608632,0.0,1.0,0.6492260784431728
-0.42715810990303876,-0.03594535393696936,0.0,1.0,0.6486905684318407
-0.4132379771474476,-0.041086306880260895,0.0,1.0,0.6453004350993097
-0.39922800719058504,-0.04634651857336696,0.0,1.0,0.6398989188825478
-0.38486582263582997,-0.05173312116996343,0.0,1.0,0.6344151460736527
-0.3699094716909523,-0.05723020091749594,0.0,1.0,0.6288478640341651
-0.3541627994583168,-0.06279721831939142,0.0,1.0,0.6283248137077599
-0.3374954080633852,-0.06836978469925431,0.0,1.0,0.630031541148967
-0.3198545089784032,-0.07386344442461913,0.0,1.0,0.6328545452075673
-0.3012608989317563,-0.07918084420067328,0.0,1.0,0.6363335964016619
-0.2817968901265668,-0.0842190982820984,0.0,1.0,0.640203648683619
-0.26158993444614365,-0.08887687540291912,0.0,1.0,0.6443504334351448
-0.24079276434863373,-0.09306111706500521,0.0,1.0,0.6487547616298771
-0.21956328821808924,-0.09669170745328438,0.0,1.0,0.6534483671772547
-0.19805040722777476,-0.09970348844874392,0.0,1.0,0.6584815619708284
-0.17638473277858782,-0.1020467516906626,0.0,1.0,0.6639002877088123
-0.15467321161609318,-0.10368653238613258,0.0,1.0,0.6697329706427254
-0.1329985102983065,-0.10460051457570703,0.0,1.0,0.6759873451710333
-0.11142198713806785,-0.10477632625401345,0.0,1.0,0.6826523488843744
-0.08998727979310765,-0.10420922741716193,0.0,1.0,0.6895481816854548
-0.06872423703089975,-0.10290003146166353,0.0,1.0,0.6965919122944632
-0.04765285706517366,-0.10085331077932057,0.0,1.0,0.7037259443124285
-0.026786601951138432,-0.09807601702157823,0.0,1.0,0.7108914339441753
-0.006134852264930265,-0.0945765696458601,0.0,1.0,0.7180308061455851
0.014295691916270274,-0.09036429242274618,0.0,1.0,0.7250875141761385
0.034500723312187814,-0.08544915809659503,0.0,1.0,0.732104704225079
0.054474998504076264,-0.07984106403983515,0.0,1.0,0.7391052386857873
0.07421392869580737,-0.07355012154495609,0.0,1.0,0.7460529226621775
0.09371432629509825,-0.06658676345049346,0.0,1.0,0.7529097638354885
0.11297256472482096,-0.058961322017668176,0.0,1.0,0.7596450221946844
0.13198507376216145,-0.050684142419230555,0.0,1.0,0.7662335447795753
0.15074831111875645,-0.04176557622808749,0.0,1.0,0.7726530259443801
0.1692587118032802,-0.032215969815593305,0.0,1.0,0.77888555077137
0.18751271934582536,-0.022045671505473256,0.0,1.0,0.7849174690427143
0.20550677565811967,-0.011265029250663488,0.0,1.0,0.7907392480308787
0.22323732240015268,0.00011560905357602911,0.0,1.0,0.7963453406452745
0.2407008015859881,0.012085895430862786,0.0,1.0,0.8017338533502757
0.257893655072182,0.024635481940901285,0.0,1.0,0.8069059932186944
0.27481232475359557,0.037754020634618864,0.0,1.0,0.8118653771805515
0.29145325252511206,0.051431163562939766,0.0,1.0,0.8166174507092661
0.3078128802764576,0.0656565627779675,0.0,1.0,0.8211689800128567
0.32388764990014496,0.08041987033116815,0.0,1.0,0.8255274986833816
0.33967400328788766,0.09571073827419571,0.0,1.0,0.8297008260991823
0.35516838233137055,0.11151881865868672,0.0,1.0,0.8336968076956308
0.3703672289226429,0.1278337635362611,0.0,1.0,0.8375231804185683
0.3852669849532939,0.1446452249585507,0.0,1.0,0.8411874529258294
0.39986409231437997,0.1619428549771829,0.0,1.0,0.8446968414426954
0.4141549929022859,0.1797163056437859,0.0,1.0,0.8480582899823854
0.42813612859578304,0.1979552290099889,0.0,1.0,0.8512785133996216
0.4418039413201742,0.21664927712741933,0.0,1.0,0.8543640176327757
0.45515487325820764,0.23578810204770564,0.0,1.0,0.8573211131434826
0.46818536734491006,0.2553613558224762,0.0,1.0,0.8601559291320701
0.4808918680705229,0.2753586905033592,0.0,1.0,0.8628744175528944
0.49327082299286523,0.29576975814198386,0.0,1.0,0.8654823412458554
0.5053186853697549,0.3165842107899774,0.0,1.0,0.8679852503315346
0.5170319191335273,0.33779170049896856,0.0,1.0,0.8703884462668928
0.5284070075347853,0.35938187932058546,0.0,1.0,0.8726969312919565
0.5394404667419278,0.3813443993064567,0.0,1.0,0.8748894196281406
0.5501288661764044,0.4036689125082102,0.0,1.0,0.8767113907419578
0.560468860810865,0.4263450709774747,0.0,1.0,0.878175747895455
0.5704572400606468,0.4493625267658784,0.0,1.0,0.8792932771602137
0.5800909907184011,0.47271093192504954,0.0,1.0,0.8800721366856725
0.5893673774335202,0.4963799385066162,0.0,1.0,0.8805172656088356
0.5982840485337999,0.5203591985622062,0.0,1.0,0.8806295908965968
0.6068391757528577,0.5446383641434499,0.0,1.0,0.880405332658441
0.6150315931753824,0.5692070873019743,0.0,1.0,0.8798357440120926
0.6228609441077247,0.5940550200894074,0.0,1.0,0.8789070015618002
0.6303278363415717,0.6191718145573776,0.0,1.0,0.8775999555673905
0.637434015956561,0.6445471227575135,0.0,1.0,0.8758903921084061
0.6441824743351107,0.670170596741443,0.0,1.0,0.8737502999544036
0.650577518684406,0.6960318885607953,0.0,1.0,0.8711492364079114
0.6566248154611255,0.7221206502671981,0.0,1.0,0.8680552411946487
0.6623314131507436,0.7484265339122795,0.0,1.0,0.8644697943905053
0.6677056730531731,0.7749391915476682,0.0,1.0,0.8608190129260026
0.6727571516294083,0.8016482752249919,0.0,1.0,0.8570993311221206
0.6774964776225504,0.8285434369958807,0.0,1.0,0.8533070659645621
0.6819352181448465,0.8556143289119612,0.0,1.0,0.8494384111240849
0.6860857155928684,0.882850603024862,0.0,1.0,0.845489431190612
0.6899609190623958,0.9102419113862114,0.0,1.0,0.8414560563200877
0.6935742506769175,0.937777906047637,0.0,1.0,0.8373340775154138
0.6969394893742867,0.9654482390607698,0.0,1.0,0.8331191428547596
0.7000706701529603,0.9932425624772354,0.0,1.0,0.8288067551559013
0.7029820002946329,1.0211505283486633,0.0,1.0,0.8243922715966334
0.7056878036712209,1.049161788726681,0.0,1.0,0.8198709058029793
0.7082024802057847,1.077265995662917,0.0,1.0,0.8152377333305585
0.7105404770281362,1.105452801209,0.0,1.0,0.810487701991655
0.7127162686860882,1.1337118574165597,0.0,1.0,0.8056156487145816
0.7147443457645819,1.1620328163372227,0.0,1.0,0.8006163261048376
0.716639207930641,1.1904053300226167,0.0,1.0,0.7954844433888061
0.7184153597112818,1.218819050524371,0.0,1.0,0.7902147254416432
0.7200873080759296,1.247263629894113,0.0,1.0,0.7848019936201033
0.7216695612336838,1.2757287201834733,0.0,1.0,0.7792412792890656
0.7231766279806215,1.3042039734440791,0.0,1.0,0.7735279836841473
0.7246230173073067,1.3326790417275574,0.0,1.0,0.767658078094626
0.726023238195097,1.3611435770855373,0.0,1.0,0.761628332063964
0.7273917996228751,1.3895872315696467,0.0,1.0,0.7554365858584474
0.7287432105732897,1.4179996572315157,0.0,1.0,0.7490820824752884
0.7300919800272869,1.4463705061227716,0.0,1.0,0.7425657830792199
0.7314526169662338,1.4746894302950426,0.0,1.0,0.7358905847167188
0.7328396303714944,1.5029460817999556,0.0,1.0,0.729061483618469
0.7342675292243781,1.5311301126891412,0.0,1.0,0.7220857085737289
0.7357508225062243,1.5592311750142256,0.0,1.0,0.7149726562638621
0.7373040191983633,1.58723892082684,0.0,1.0,0.7077335283450333
0.7389416282821262,1.6151430021786104,0.0,1.0,0.700380872165458
0.7406781587388455,1.6429330711211654,0.0,1.0,0.6929281274099232
0.7425281195498518,1.670598779706134,0.0,1.0,0.6853890262591513
0.7445060196964757,1.6981297799851431,0.0,1.0,0.6777768542948442
0.7466263681600581,1.725515724009821,0.0,1.0,0.6701038584392393
0.7489036739219028,1.7527462638318032,0.0,1.0,0.6623808882356671
0.7513524459633824,1.7798110515027057,0.0,1.0,0.6546171138326677
0.7539871932658704,1.8066997390741428,0.0,1.0,0.6468198170326654
0.7568224248102245,1.8334019785978897,0.0,1.0,0.6389943728383757
0.7598726495794116,1.8599074221250687,0.0,1.0,0.6311443970884253
0.7631523765516829,1.8862057217082642,0.0,1.0,0.6232719294464775
0.7666761147085583,1.9122865293990472,0.0,1.0,0.6153776235691429
0.7704583730095289,1.9381394972558326,0.0,1.0,0.6074609665819424
0.7745136598849766,1.9637542775015038,0.0,1.0,0.5995205047983542
0.7788564824619887,1.9891205227640552,0.0,1.0,0.5915540377100031
0.7835013452298004,2.0142278864914145,0.0,1.0,0.5835587781861261
0.7884627475122263,2.0390660237371088,0.0,1.0,0.5762215406084003
0.7937551784855609,2.063624592708868,0.0,1.0,0.5697337629860351
0.7993931085966669,2.08789325743619,0.0,1.0,0.5641443076006549
0.8053909756021244,2.111861692109862,0.0,1.0,0.5595027202478782
0.8117631620312138,2.135519588087266,0.0,1.0,0.555858407855866
0.8185239564519089,2.1588566659322606,0.0,1.0,0.553274265497487
0.8256874978960361,2.181862692689804,0.0,1.0,0.5514878798260937
0.8332676988436927,2.204527505825112,0.0,1.0,0.5502363937718832
0.8412781408498997,2.2268410456665633,0.0,1.0,0.5495247978309781
0.8497319195537846,2.248793403582305,0.0,1.0,0.5493548732114998
0.8586414614894715,2.270374878921879,0.0,1.0,0.5497242426569589
0.8680183167536569,2.2915760434624364,0.0,1.0,0.5506254902115338
0.8778729240953289,2.312387814427126,0.0,1.0,0.5520451907792739
0.8882143193266633,2.332801545121252,0.0,1.0,0.5538152515101524
0.899049859984346,2.352809110517233,0.0,1.0,0.5559130961140392
0.9103850090076688,2.3724029744950634,0.0,1.0,0.5583094577766954
0.9222231416125605,2.3915762498726645,0.0,1.0,0.5609688731193344
0.9345653673779895,2.4103227537076974,0.0,1.0,0.563850640199975
0.9474104386179326,2.4286370357787748,0.0,1.0,0.5669107514714126
0.9607548173733778,2.4465143577619957,0.0,1.0,0.5701042920115487
0.9745927739570286,2.463950662599775,0.0,1.0,0.5733872489645376
0.9889165289946634,2.480942530349395,0.0,1.0,0.5767179420006754
1.0037164517902442,2.497487116524139,0.0,1.0,0.5800586369631959
1.0189813618388401,2.51358205837246,0.0,1.0,0.5833768410581885
1.0346987934276741,2.5292253926306594,0.0,1.0,0.5866456193315792
1.0508552411224714,2.5444154792170917,0.0,1.0,0.5898433865260536
1.0674363878223498,2.559150930344666,0.0,1.0,0.5929536863438918
1.0844273284297647,2.573430540996362,0.0,1.0,0.595964779801043
1.1018127370839386,2.5872532369431815,0.0,1.0,0.5988689168223521
1.1195769924445713,2.600618035801567,0.0,1.0,0.6016615702999476
1.137704274354395,2.6135240169872778,0.0,1.0,0.6043408359247808
1.1561786376127747,2.6259702987839497,0.0,1.0,0.6069069211158565
1.17498406012087,2.6379560233778907,0.0,1.0,0.6093616852041516
1.1941044727799006,2.6494803475646447,0.0,1.0,0.6117082734866945
1.2135237792416975,2.660542436609826,0.0,1.0,0.6139508579878226
1.2332258682769432,2.6711414604046304,0.0,1.0,0.6160944460505281
1.2531946208058715,2.6812765912804535,0.0,1.0,0.6181447328788705
1.2734139135705942,2.6909470028673965,0.0,1.0,0.6201079917602998
1.293867621220198,2.700151869446146,0.0,1.0,0.6219909940867251
1.3145396174145154,2.7088903656048853,0.0,1.0,0.62380094979265
1.33541377556317,2.7171616660095697,0.0,1.0,0.6255454615720843
1.3564739690530938,2.724964945333209,0.0,1.0,0.6272324892080432
1.3777040712830313,2.7322993782451395,0.0,1.0,0.6288703232396652
1.3990879556481433,2.7391641394158137,0.0,1.0,0.6304675671938628
1.4206094955439752,2.7455584035155653,0.0,1.0,0.6320331266548241
1.4422525643663409,2.75148134521464,0.0,1.0,0.6335762040640976
1.464001035510856,2.7569321391833483,0.0,1.0,0.6351062986661155
1.4858387823732115,2.7619099600919808,0.0,1.0,0.6366332111620971
1.5077496783490811,2.766413982610826,0.0,1.0,0.6381670525977495
1.5297175968341368,2.7704433814101765,0.0,1.0,0.639718257039422
1.5517264112240556,2.773997331160326,0.0,1.0,0.6412975976049381
1.5737599949145098,2.7770750065315646,0.0,1.0,0.642916205418124
1.5958022213011778,2.7796755821941845,0.0,1.0,0.6445855910524918
1.6178369637797276,2.7817982328184763,0.0,1.0,0.6463176680139915
1.6398480957458437,2.783442133074735,0.0,1.0,0.6481247777840858
1.661819490595202,2.784606457633253,0.0,1.0,0.65001971590064
1.6837350217234117,2.7852903811642933,0.0,1.0,0.6520157584920127
1.7055785625264142,2.785493078338269,0.0,1.0,0.654118511247765
1.727333986399269,2.7852137238251906,0.0,1.0,0.6560824577448036
1.7489851667381429,2.784451492295574,0.0,1.0,0.6578995817514723
1.770515976941279,2.7832055584208857,0.0,1.0,0.6595611285268351
1.7919102903905475,2.7814750968651083,0.0,1.0,0.6610575642927464
1.8131519805314393,2.7792592823213016,0.0,1.0,0.6625467886825153
1.834224921216535,2.776557289668583,0.0,1.0,0.6640998978609993
1.8551129873635384,2.773368294272869,0.0,1.0,0.6657246849067266
1.875800056097476,2.7696914725089123,0.0,1.0,0.6674291714699607
1.8962700089722597,2.7655260027756445,0.0,1.0,0.6692216655469253
1.916506735926162,2.760871067303973,0.0,1.0,0.671110833366496
1.936494141907346,2.755725855184924,0.0,1.0,0.6731057773031119
1.9562161590816003,2.7500895679490527,0.0,1.0,0.6752161040335425
1.97565676678406,2.743961428685161,0.0,1.0,0.6774519703031687
1.9948000214897335,2.737340695738022,0.0,1.0,0.6798240940096898
2.013630099871586,2.730226682387618,0.0,1.0,0.6823436828216828
2.032131365627537,2.722618787391715,0.0,1.0,0.6850222120625958
2.0502884639034575,2.714516538140898,0.0,1.0,0.6878710644775184
2.068086436561869,2.7059196433409194,0.0,1.0,0.6909010718807769
2.0855108633504846,2.6968280575322856,0.0,1.0,0.6941218604960158
2.1025480428955983,2.687242063811388,0.0,1.0,0.6975408694126626
2.1191852138274045,2.677162374893491,0.0,1.0,0.701162307329782
2.1354107562806086,2.6665902252064657,0.0,1.0,0.7049863724007541
2.151214394533018,2.6555274635046264,0.0,1.0,0.709008500730012
2.1665874011486492,2.643976646170181,0.0,1.0,0.7132183740782122
2.181522803590276,2.6319411316433197,0.0,1.0,0.7175993428448066
2.196015468808622,2.6194251190828197,0.0,1.0,0.7221288558562299
2.2100621392350046,2.6064336648160937,0.0,1.0,0.726779143454664
2.2236614272594935,2.5929726798155017,0.0,1.0,0.7315175727040214
2.2368137741245833,2.579048910911126,0.0,1.0,0.736307463434625
2.24952128313982,2.56466986456328,0.0,1.0,0.7411098708004876
2.2617875190405052,2.5498437151615256,0.0,1.0,0.7458852738663623
2.273617311426369,2.534579215188372,0.0,1.0,0.7505945245852254
2.285016555087576,2.518885603960398,0.0,1.0,0.7551997721690308
2.295991986409355,2.5027725054363366,0.0,1.0,0.7596657139072509
2.306550977946585,2.4862498343295507,0.0,1.0,0.7639604942580205
2.3167013808754193,2.469327724102218,0.0,1.0,0.7680559268021985
2.326451393648948,2.452016466935779,0.0,1.0,0.7719275316434597
2.3358094531799916,2.4343264639971824,0.0,1.0,0.7755546208201608
2.3447841512000167,2.4162681872116045,0.0,1.0,0.7789202096521103
2.3533841806724323,2.3978521547712126,0.0,1.0,0.7820106744849759
2.3616182980094256,2.3790889138667772,0.0,1.0,0.7848153503552279
2.369495297357468,2.359989028935118,0.0,1.0,0.7873261606574126
2.3770239939650266,2.3405630740575036,0.0,1.0,0.789537228958607
2.3842132150355777,2.320821628779111,0.0,1.0,0.7914444631667171
2.3910717942697204,2.3007752756145625,0.0,1.0,0.7930451595864831
2.397608568699874,2.2804345986012486,0.0,1.0,0.7943376530860486
2.4038323769807146,2.259810182517998,0.0,1.0,0.7953210105392721
2.409752058523014,2.2389126124892087,0.0,1.0,0.7959276526048894
2.415376452992334,2.2177524737557177,0.0,1.0,0.7955905905908845
2.4207144000299006,2.1963403515472515,0.0,1.0,0.7943300415924428
2.42577473928246,2.1746868310960505,0.0,1.0,0.7921657893343179
2.430566310397871,2.1528024976348674,0.0,1.0,0.7891170727028924
2.43509795302265,2.1306979363958423,0.0,1.0,0.7852026280570155
2.43937850680389,2.108383732611375,0.0,1.0,0.780440821714683
2.4434168113885484,2.0858704715138074,0.0,1.0,0.774849810113044
2.4472217064235786,2.0631687383354786,0.0,1.0,0.7691177292152013
2.4508020315559573,2.0402891183087353,0.0,1.0,0.7632416555452457
2.454166626432647,2.0172421966659213,0.0,1.0,0.7572201507111621
2.457324330700615,1.9940385586393818,0.0,1.0,0.7510539550230103
2.4602839840068293,1.970688789461463,0.0,1.0,0.7447459370863692
2.463054425998255,1.9472034743645061,0.0,1.0,0.7383010169609566
2.465644496321859,1.9235931985808565,0.0,1.0,0.7317258869486627
2.4680630346246075,1.8998685473428618,0.0,1.0,0.7250285168996494
2.4703188805534757,1.8760401058828597,0.0,1.0,0.7182176860756367
2.472420873755406,1.8521184594332065,0.0,1.0,0.7113026088549679
2.474377853877396,1.8281141932262333,0.0,1.0,0.7042925252948656
2.476198660566469,1.8040378924942686,0.0,1.0,0.6971962943501383
2.4778921334691217,1.7799001424698069,0.0,1.0,0.6900221263381896
2.4794671122338565,1.755711528384698,0.0,1.0,0.6827774507753894
2.480932436504933,1.7314826354721613,0.0,1.0,0.6754688215949366
2.4822969459394546,1.7072240489612693,0.0,1.0,0.6681018573321472
2.4835694802946926,1.6829463540487652,0.0,1.0,0.6606812430976259
2.484758879586844,1.6586601358478337,0.0,1.0,0.6532107722278178
2.4858739843654023,1.6343759792995411,0.0,1.0,0.6456933928938935
2.486923636202639,1.6101044690148751,0.0,1.0,0.6381312572336265
2.4879166786213553,1.5858561889753184,0.0,1.0,0.6305257791628661
2.4888619588215803,1.561641721975589,0.0,1.0,0.6228776958551202
2.4897683305116693,1.5374716487099556,0.0,1.0,0.6151871283919956
2.4906446583128123,1.5133565463507477,0.0,1.0,0.6074536416052971
2.491499824709821,1.4893069863051134,0.0,1.0,0.5996763036228634
2.492342741403649,1.4653335305511777,0.0,1.0,0.5918537441728116
2.493182364658108,1.4414467266851505,0.0,1.0,0.5839842112115565
2.494027715654546,1.4176571013521881,0.0,1.0,0.5760656247169255
2.494887907256808,1.393975151608456,0.0,1.0,0.5680956264816033
2.4957721820176437,1.3704113326551983,0.0,1.0,0.560071625817899
2.496689953412402,1.346976044531243,0.0,1.0,0.5519908411443217
2.4976508504300696,1.3236796177220016,0.0,1.0,0.5438503372546079
2.498664765884273,1.3005322975678895,0.0,1.0,0.5357196536307246
2.4997419138945074,1.2775442257132275,0.0,1.0,0.5276421530283633
2.5008928761033453,1.2547254251904145,0.0,1.0,0.5196120125078392
2.502128633798456,1.2320857900530708,0.0,1.0,0.511623329438731
2.5034605932112686,1.2096350772113325,0.0,1.0,0.5036701756322193
2.504900605576561,1.1873828999579414,0.0,1.0,0.49574664236723803
2.5064609648703184,1.1653387286983177,0.0,1.0,0.4878468773110135
2.5081543793420296,1.1435119001380434,0.0,1.0,0.47996511430626076
2.509993939925663,1.1219116274776768,0.0,1.0,0.4720458013261529
2.5119930826756134,1.100547012535937,0.0,1.0,0.4640058896712214
2.5141655420472997,1.0794270608275984,0.0,1.0,0.45584354281342243
2.5165252927649577,1.0585607003246935,0.0,1.0,0.4475568962572816
2.519086502109615,1.037956796854773,0.0,1.0,0.4391811243097566
2.521863487411558,1.0176241678194957,0.0,1.0,0.43189209868320166
2.5248706783138015,0.9975715943734721,0.0,1.0,0.42579161421689166
2.5281225825487157,0.9778078324692511,0.0,1.0,0.42098739591693524
2.5316337619467517,0.9583416206002074,0.0,1.0,0.4175933559506749
2.5354188148988577,0.9391816854603405,0.0,1.0,0.41496714572697996
2.539492363398465,0.920336746126106,0.0,1.0,0.4128625918612835
2.543869043671452,0.901815517082288,0.0,1.0,0.4113231237790719
2.548563500414258,0.8836267100751123,0.0,1.0,0.4103936734221739
2.553590383326369,0.8657790352436041,0.0,1.0,0.4101201966269617
2.558964344886187,0.8482812018324649,0.0,1.0,0.410548996242178
2.5647000386666754,0.8311419185661526,0.0,1.0,0.41172581851489504
2.570812117442179,0.8143698937069636,0.0,1.0,0.41369469810709786
2.577315231007542,0.7979738349065671,0.0,1.0,0.4164965329532894
2.5842240228183173,0.7819624488146091,0.0,1.0,0.4201673682259412
2.5915531233777616,0.7663444401826538,0.0,1.0,0.42473638226723276
2.599317138440718,0.751128510175738,0.0,1.0,0.4302236036314659
2.6075306292401534,0.7363233535092184,0.0,1.0,0.4366374256515069
2.616208081214861,0.7219376539159088,0.0,1.0,0.4439719900073622
2.625363850309634,0.7079800763662234,0.0,1.0,0.4522045504712077
2.635012078580142,0.6944592548398484,0.0,1.0,0.4612930949324243
2.645166576297421,0.6813837752436873,0.0,1.0,0.4711745875777993
2.655840661860696,0.6687621522166218,0.0,1.0,0.4817640263036834
2.6670469324893644,0.6566027959047135,0.0,1.0,0.49295448817928794
2.678796950497043,0.6449139665049964,0.0,1.0,0.504618881250993
2.691100895190743,0.6337037238286292,0.0,1.0,0.5166138830417228
2.7039671635221008,0.6229798694386606,0.0,1.0,0.5287854434418751
2.7174019032559755,0.6127498790101387,0.0,1.0,0.5409751193681438
2.7314084619238175,0.6030208224881458,0.0,1.0,0.5530277738050475
2.745986959575536,0.5937993021831847,0.0,1.0,0.5648001956830357
2.761133910617457,0.5850913979787261,0.0,1.0,0.576168199844574
2.776841896057531,0.5769026198423235,0.0,1.0,0.587031131717231
2.793099266318091,0.5692378647656747,0.0,1.0,0.5973149299548298
2.809890150009931,0.5621014180361609,0.0,1.0,0.6069737244728178
2.827194602482984,0.5554969747598327,0.0,1.0,0.615988453349671
2.8449888245750383,0.5494276715573658,0.0,1.0,0.6243631597693522
2.8632454470746724,0.5438961277812652,0.0,1.0,0.6321209455833765
2.8819340048756,0.5389045141882522,0.0,1.0,0.6393000349176065
2.90102146320154,0.5344546289221366,0.0,1.0,0.6459494725359587
2.920472675797779,0.5305479634956675,0.0,1.0,0.6521250089179028
2.9402508149507,0.527185764409502,0.0,1.0,0.6578860065050531
2.960317790281369,0.5243690924026863,0.0,1.0,0.6632932701131341
2.980634620972002,0.5220988737985224,0.0,1.0,0.6684074264746821
3.001161707826212,0.5203759355233966,0.0,1.0,0.6732878377921185
3.0218590568749457,0.5192010303627007,0.0,1.0,0.677992095053867
3.0426864720402227,0.5185748521253697,0.0,1.0,0.6825758907768127
3.0636037268463783,0.51849804094987,0.0,1.0,0.6870930697513685
3.0845707172452785,0.5189711773474166,0.0,1.0,0.691595772915831
3.105547623676727,0.519994766820842,0.0,1.0,0.6961345827042682
3.1264951171078015,0.5215692109476476,0.0,1.0,0.7007585399956197
3.1473746088883505,0.5236947665641014,0.0,1.0,0.7055149874730795
3.168148529347565,0.5263714968309892,0.0,1.0,0.7104492374458535
3.1887806487122545,0.5295992130316225,0.0,1.0,0.7156039460417065
3.209236474104782,0.5333774014174757,0.0,1.0,0.721018082271624
3.2294836895242005,0.5377051416306535,0.0,1.0,0.7267257168068736
3.249492519276843,0.5425810391726188,0.0,1.0,0.7327548750165707
3.269236072170191,0.5480031612493703,0.0,1.0,0.7391262437248952
3.2886906677955845,0.5539689758571795,0.0,1.0,0.7458516642358758
3.307836115599324,0.560475299709716,0.0,1.0,0.7529331086145411
3.3266557341896976,0.5675182946336305,0.0,1.0,0.7603626038094118
3.3451362956572623,0.5750934779592718,0.0,1.0,0.7681224590860803
3.3632678950671218,0.5831957468766692,0.0,1.0,0.7761856132714136
3.3810437497116537,0.5918194158992626,0.0,1.0,0.7845168993087411
3.39845979383978,0.6009582924963994,0.0,1.0,0.7930752855563836
3.4155142705445503,0.6106057532561281,0.0,1.0,0.8018159966881208
3.432207349934762,0.6207548151428003,0.0,1.0,0.8106922092003557
3.4485407623190065,0.6313982039530297,0.0,1.0,0.8196569062010931
3.4645174173106352,0.6425284253991194,0.0,1.0,0.8286647201399171
3.4801410865416744,0.6541378243216519,0.0,1.0,0.8376731443293686
3.49541616706026,0.6662186288447496,0.0,1.0,0.8466431308221414
3.510347492120486,0.678762985686871,0.0,1.0,0.8555395188230897
3.5249401815686836,0.6917629880820331,0.0,1.0,0.864331304578335
3.5391995350858854,0.7052106957031287,0.0,1.0,0.872991631166632
3.5531309658652277,0.7190981470391813,0.0,1.0,0.8814975984175295
3.5667399554243167,0.7334173678283628,0.0,1.0,0.8898300503343075
3.580032024204629,0.7481603765447914,0.0,1.0,0.8979733510605965
3.5930127136449026,0.7633191877440295,0.0,1.0,0.9059151214829982
3.6056875766926617,0.7788858138338489,0.0,1.0,0.9136459591860848
3.6180621722961104,0.7948522661021595,0.0,1.0,0.9211591621450381
3.6301420623574012,0.8112105552856016,0.0,1.0,0.9284504560613247
3.641932810121024,0.8279526918703056,0.0,1.0,0.935517723019954
3.6534399792072283,0.8450706862722734,0.0,1.0,0.9423607357529615
3.6646691332181214,0.8625565489108972,0.0,1.0,0.9489808994790556
3.6756258357626668,0.8804022902042854,0.0,1.0,0.9553810065712054
3.6863156504487327,0.8985999205707542,0.0,1.0,0.9615650093316311
3.6967441408838706,0.9171414504286786,0.0,1.0,0.9675378112773276
3.7069168706759505,0.9360188901963713,0.0,1.0,0.9733050770695086
3.7168394034327124,0.9552242502921733,0.0,1.0,0.9788730619903436
3.7265173027619256,0.9747495411344163,0.0,1.0,0.9839193928370296
3.73595613227136,0.9945867731414337,0.0,1.0,0.9882402441198589
3.7451614555687827,1.014727956731562,0.0,1.0,0.9918546339534864
3.754138836261959,1.0351651023231327,0.0,1.0,0.9947818293472704
3.762893837958657,1.0558902203344802,0.0,1.0,0.997041099117641
3.771432024266645,1.076895321183937,0.0,1.0,0.998651508051904
3.779758958793691,1.0981724152898378,0.0,1.0,0.9996317477876384
3.7878802051475597,1.1197135130705174,0.0,1.0,1.0
3.795801326936013,1.1415106249443148,0.0,1.0,1.0
3.8035278877668595,1.1635557613295298,0.0,1.0,1.0
3.8110654512477513,1.1858409326445893,0.0,1.0,1.0
3.818419580986596,1.208358149307714,0.0,1.0,1.0
3.825595840591462,1.231099421736995,0.0,1.0,1.0
3.832599793667849,1.2540567603526056,0.0,1.0,1.0
3.8394370038304184,1.277222175567276,0.0,1.0,1.0
3.8461130346635573,1.3005876778183638,0.0,1.0,1.0
3.852633449613037,1.3241452776560554,0.0,1.0,1.0
3.859003811756529,1.3478869859301406,0.0,1.0,1.0
3.865229683413392,1.3718048141076067,0.0,1.0,1.0
3.871316625410037,1.3958907748705833,0.0,1.0,1.0
3.877270195809666,1.4201368831502146,0.0,1.0,1.0
3.8830959475686435,1.4445351580341892,0.0,1.0,1.0
3.8887994244090205,1.469077626126152,0.0,1.0,1.0
3.8943861543765697,1.4937563267889342,0.0,1.0,1.0
3.899861640244471,1.518563319955148,0.0,1.0,1.0
3.905231344695023,1.5434906981880316,0.0,1.0,1.0
3.910500667476309,1.5685306052740273,0.0,1.0,1.0
3.915674916290083,1.5936752599176016,0.0,1.0,1.0
3.920759269827749,1.6189169858268833,0.0,1.0,1.0
3.9257587305224626,1.6442482501695026,0.0,1.0,1.0
3.9306780610551564,1.6696617152513855,0.0,1.0,1.0
3.9355217214734504,1.6951502896967185,0.0,1.0,1.0
3.9402938042950644,1.720707181268348,0.0,1.0,1.0
3.944997967519323,1.746325951390828,0.0,1.0,1.0
3.9496373593045253,1.7720005764567577,0.0,1.0,1.0
3.954214570045192,1.7977254868318904,0.0,1.0,1.0
3.958731605415908,1.823495588795209,0.0,1.0,1.0
3.9631898710730464,1.8493062769904398,0.0,1.0,1.0
3.9675901669310982,1.8751534390846387,0.0,1.0,1.0
3.9719327167255316,1.9010334317064985,0.0,1.0,1.0
3.976217224356211,1.926943034587508,0.0,1.0,1.0
3.980442930248842,1.9528794046884324,0.0,1.0,1.0
3.984608672021893,1.978840026821508,0.0,1.0,1.0
3.988712954116503,2.0048226569775136,0.0,1.0,1.0
3.9927540225370204,2.0308252614932027,0.0,1.0,1.0
3.9967299231910656,2.05684596956736,0.0,1.0,1.0
4.000638551879144,2.0828830325734415,0.0,1.0,1.0
4.00447769675643,2.108934789499208,0.0,1.0,1.0
4.008245074031657,2.1349996378908256,0.0,1.0,1.0
4.011938351670374,2.1610760145603813,0.0,1.0,1.0
4.01555516628379,2.187162381839783,0.0,1.0,1.0
4.01909313507261,2.213257217859467,0.0,1.0,1.0
4.022549864007468,2.239359009890205,0.0,1.0,1.0
4.025922952570008,2.2654662504842698,0.0,1.0,1.0
4.029209996574132,2.2915774351791725,0.0,1.0,1.0
4.032408589877654,2.317691061104514,0.0,1.0,1.0
4.035516325358231,2.343805626187652,0.0,1.0,1.0
4.038530795401672,2.369919628756286,0.0,1.0,1.0
4.041449592166782,2.396031567322865,0.0,1.0,1.0
4.044270307745213,2.4221399404544917,0.0,1.0,1.0
4.0469905342349,2.4482432467131683,0.0,1.0,1.0
4.049607863734231,2.474339984660517,0.0,1.0,1.0
4.0521198883402185,2.500428652859286,0.0,1.0,1.0
4.05452420015056,2.5265077498716617,0.0,1.0,1.0
4.056818391262764,2.552575774259988,0.0,1.0,1.0
4.0590000537743505,2.578631224586593,0.0,1.0,1.0
4.061066779782857,2.6046725994137954,0.0,1.0,1.0
4.063016161385815,2.6306983973039286,0.0,1.0,1.0
4.064845790680754,2.6567071168193044,0.0,1.0,1.0
4.066553259765205,2.6826972565222533,0.0,1.0,1.0
4.068136160736699,2.7086673149750977,0.0,1.0,1.0
4.069592085692765,2.7346157907401603,0.0,1.0,1.0
4.070918626730936,2.7605411823797725,0.0,1.0,1.0
4.072113375948743,2.7864419884562484,0.0,1.0,1.0
4.073173925443713,2.8123167075319135,0.0,1.0,1.0
4.07409786731338,2.8381638381690952,0.0,1.0,1.0
4.074882793655277,2.8639818789301175,0.0,1.0,1.0
4.075526296566929,2.889769328377301,0.0,1.0,1.0
4.0760259681458715,2.9155246850729704,0.0,1.0,1.0
4.076379400489634,2.941246447579451,0.0,1.0,1.0
4.076584185695745,2.9669331144590627,0.0,1.0,1.0
4.076637915861739,2.992583184274136,0.0,1.0,1.0
4.0765381830851455,3.018195155586992,0.0,1.0,1.0
4.076282579463493,3.043767526959949,0.0,1.0,1.0
4.0758686970943145,3.06929879695534,0.0,1.0,1.0
4.075294128075143,3.0947874641354813,0.0,1.0,1.0
4.0745564645035035,3.1202320270626998,0.0,1.0,1.0
4.0736532984769305,3.1456309842993253,0.0,1.0,1.0
4.072582222092955,3.1709828344076705,0.0,1.0,1.0
4.071340827449106,3.196286075950063,0.0,1.0,1.0
4.0699267066429154,3.2215392074888296,0.0,1.0,1.0
4.0683374517719155,3.246740727586294,0.0,1.0,1.0
4.066570654933634,3.271889134804777,0.0,1.0,1.0
4.064623908225603,3.296982927706606,0.0,1.0,1.0
4.062494803745353,3.3220206048540994,0.0,1.0,1.0
4.060180933590417,3.3470006648095856,0.0,1.0,1.0
4.057679889858323,3.3719216061353885,0.0,1.0,1.0
4.0549892646466015,3.396781927393832,0.0,1.0,1.0
4.052106650052786,3.4215801271472372,0.0,1.0,1.0
4.049029638174407,3.4463147039579303,0.0,1.0,1.0
4.045755821108992,3.470984156388233,0.0,1.0,1.0
4.042282790954073,3.4955869830004715,0.0,1.0,1.0
4.038608139807184,3.5201216823569688,0.0,1.0,1.0
4.034729459765853,3.544586753020046,0.0,1.0,1.0
4.030644342927612,3.56898069355203,0.0,1.0,1.0
4.02635038138999,3.593302002515247,0.0,1.0,1.0
4.021845167250519,3.617549178472017,0.0,1.0,1.0
4.017126292606728,3.641720719984662,0.0,1.0,1.0
4.0121913495561525,3.665815125615513,0.0,1.0,1.0
4.007037930196318,3.6898308939268865,0.0,1.0,1.0
4.001663626624759,3.713766523481107,0.0,1.0,1.0
3.9960660309390015,3.7376205128405062,0.0,1.0,1.0
3.9902427352365826,3.761391360567399,0.0,1.0,1.0
3.9841913316150297,3.7850775652241113,0.0,1.0,1.0
3.977909412171874,3.808677625372971,0.0,1.0,1.0
3.9713945690046453,3.832190039576296,0.0,1.0,1.0
3.9646443942108758,3.8556133063964184,0.0,1.0,1.0
3.957656479888095,3.878945924395653,0.0,1.0,1.0
3.9504284181338356,3.9021863921363256,0.0,1.0,1.0
3.9429578010456265,3.9253332081807653,0.0,1.0,1.0
3.9352422207209985,3.948384871091293,0.0,1.0,1.0
3.9272792692574834,3.9713398794302335,0.0,1.0,1.0
3.9190665387526136,3.9941967317599056,0.0,1.0,1.0
3.910601621303916,4.016953926642638,0.0,1.0,1.0
3.9018821090089246,4.039609962640752,0.0,1.0,1.0
3.892905593965167,4.062163338316573,0.0,1.0,1.0
3.883669668270177,4.08461255223243,0.0,1.0,1.0
3.874171924021487,4.106956102950636,0.0,1.0,1.0
3.8644099533166028,4.129192489033518,0.0,1.0,1.0
3.854381348253168,4.151320209043418,0.0,1.0,1.0
3.844083700928411,4.173337761542606,0.0,1.0,1.0
3.833514603440248,4.195243645093479,0.0,1.0,1.0
3.822671647886893,4.217036358258476,0.0,1.0,1.0
3.8115524263609597,4.238714399599041,0.0,1.0,1.0
3.800154530991338,4.260276267683122,0.0,1.0,1.0
3.7884755540469532,4.281720461103773,0.0,1.0,1.0
3.776513088113342,4.303045478510812,0.0,1.0,1.0
3.7642647264184497,4.324249818669232,0.0,1.0,1.0
3.751728063471729,4.345331980573789,0.0,1.0,1.0
3.738900696190958,4.366290463651028,0.0,1.0,1.0
3.7257802257592125,4.387123768092217,0.0,1.0,1.0
3.7123642608908103,4.4078303954388955,0.0,1.0,1.0
3.6986504233128596,4.428408849565653,0.0,1.0,1.0
3.684636355825327,4.4488576381252365,0.0,1.0,1.0
3.670319733740769,4.469175274599544,0.0,1.0,1.0
3.6556982816621195,4.489360281307723,0.0,1.0,1.0
3.640769798131795,4.509411193825506,0.0,1.0,1.0
3.62553218486624,4.529326566226627,0.0,1.0,1.0
3.6099834818878724,4.549104977381637,0.0,1.0,1.0
3.594121909941747,4.568745038562762,0.0,1.0,1.0
3.577945924563132,4.588245403137634,0.0,1.0,1.0
3.5614542641928972,4.607604775195901,0.0,1.0,1.0
3.5446459956607903,4.626821917703876,0.0,1.0,1.0
3.5275205573574504,4.645895660244841,0.0,1.0,1.0
3.5100778038298475,4.664824907014534,0.0,1.0,1.0
3.4923180245398497,4.683608640184367,0.0,1.0,1.0
3.4742419444387025,4.702245920004427,0.0,1.0,1.0
3.455850716265065,4.720735883422574,0.0,1.0,1.0
3.437145905016271,4.739077741300337,0.0,1.0,1.0
3.4181294503739057,4.757270771676178,0.0,1.0,1.0
3.3988036147628913,4.775314310453064,0.0,1.0,1.0
3.379170936079719,4.7932077429231095,0.0,1.0,1.0
3.3592341808549886,4.810950495370122,0.0,1.0,1.0
3.3389962962582653,4.828542026464586,0.0,1.0,1.0
3.3184603632277443,4.845981818860293,0.0,1.0,1.0
3.297629561836861,4.863269372984936,0.0,1.0,1.0
3.276507143224681,4.880404202007533,0.0,1.0,1.0
3.255096407170207,4.8973858278177325,0.0,1.0,1.0
3.233400684508641,4.914213777873232,0.0,1.0,1.0
3.21142332599434,4.930887583203025,0.0,1.0,1.0
3.18916769476127,4.947406777055642,0.0,1.0,1.0
3.1666371612539463,4.96377089399031,0.0,1.0,1.0
3.1438350999590967,4.979979469290986,0.0,1.0,1.0
3.1207648875962257,4.996032038641946,0.0,1.0,1.0
3.0974299020920704,5.011928137943901,0.0,1.0,1.0
3.073833521987226,5.027667303207631,0.0,1.0,1.0
3.049979126120369,5.043249070497347,0.0,1.0,1.0
3.025870093452923,5.05867297589927,0.0,1.0,1.0
3.0015098029782274,5.073938555505351,0.0,1.0,1.0
2.976901633682324,5.089045345406229,0.0,1.0,1.0
2.9520489645530206,5.1039928816928555,0.0,1.0,1.0
2.9269551745781848,5.118780700456196,0.0,1.0,1.0
2.9016236427454074,5.133408337787166,0.0,1.0,1.0
2.876057748042425,5.147875329776704,0.0,1.0,1.0
2.8502608694569287,5.1621812125157485,0.0,1.0,1.0
2.8242363859766133,5.176325522095234,0.0,1.0,1.0
2.7979876765891865,5.190307794606088,0.0,1.0,1.0
2.77151812028234,5.204127566139251,0.0,1.0,1.0
2.7448310960437765,5.21778437278566,0.0,1.0,1.0
2.7179299828611954,5.231277750636245,0.0,1.0,1.0
2.690818159722291,5.244607235781943,0.0,1.0,1.0
2.6634990056147676,5.257772364313686,0.0,1.0,1.0
2.6359758995263247,5.27077267232241,0.0,1.0,1.0
2.6082522204446565,5.283607695899052,0.0,1.0,1.0
2.5803313473574643,5.2962769711345485,0.0,1.0,1.0
2.5522166592524465,5.308780034119829,0.0,1.0,1.0
2.5239115351173025,5.321116420945829,0.0,1.0,1.0
2.49541935393973,5.333285667703486,0.0,1.0,1.0
2.4667434947074325,5.345287310483732,0.0,1.0,1.0
2.4378873364081066,5.357120885377501,0.0,1.0,1.0
2.408854258029444,5.368785928475735,0.0,1.0,1.0
2.3796476385591565,5.38028197586936,0.0,1.0,1.0
2.350270856984934,5.391608563649311,0.0,1.0,1.0
2.320727292294479,5.402765227906531,0.0,1.0,1.0
2.2910203234754913,5.413751504731947,0.0,1.0,1.0
2.2611533295156625,5.424566930216499,0.0,1.0,1.0
2.2311296894027017,5.435211040451117,0.0,1.0,1.0
2.2009527821243045,5.445683371526736,0.0,1.0,1.0
2.170625986668166,5.455983459534293,0.0,1.0,1.0
2.140152682021987,5.466110840564724,0.0,1.0,1.0
2.109536247173467,5.476065050708961,0.0,1.0,1.0
2.078780061110309,5.485845626057941,0.0,1.0,1.0
2.0478875028202057,5.495452102702597,0.0,1.0,1.0
2.0168619512908617,5.504884016733861,0.0,1.0,1.0
1.9857067855099706,5.514140904242673,0.0,1.0,1.0
1.9544253844652313,5.523222301319967,0.0,1.0,1.0
1.92302112714435,5.532127744056672,0.0,1.0,1.0
1.8914973925350185,5.5408567685437315,0.0,1.0,1.0
1.8598575596249394,5.5494089108720726,0.0,1.0,1.0
1.8281050074018101,5.557783707132634,0.0,1.0,1.0
1.7962431148533249,5.565980693416352,0.0,1.0,1.0
1.7642752609671914,5.573999405814155,0.0,1.0,1.0
1.7322048247311073,5.581839380416982,0.0,1.0,1.0
1.7000351851327666,5.589500153315767,0.0,1.0,1.0
1.667769721159872,5.5969812606014475,0.0,1.0,1.0
1.635411811800119,5.604282238364957,0.0,1.0,1.0
1.6029648360412099,5.611402622697225,0.0,1.0,1.0
1.5704321728708446,5.618341949689193,0.0,1.0,1.0
1.5378172012767197,5.625099755431792,0.0,1.0,1.0
1.5051233002465292,5.631675576015957,0.0,1.0,1.0
1.4723538487679841,5.6380689475326236,0.0,1.0,1.0
1.4395122258287738,5.644279406072726,0.0,1.0,1.0
1.4066018104165998,5.6503064877272005,0.0,1.0,1.0
1.3736259815191627,5.65614972858698,0.0,1.0,1.0
1.3405881181241583,5.661808664742998,0.0,1.0,1.0
1.3074915992192881,5.667282832286192,0.0,1.0,1.0
1.2743398037922524,5.672571767307497,0.0,1.0,1.0
1.241136110830749,5.6776750058978465,0.0,1.0,1.0
1.207883899322473,5.682592084148175,0.0,1.0,1.0
1.174586548255126,5.687322538149415,0.0,1.0,1.0
1.1412474366164087,5.691865903992506,0.0,1.0,1.0
1.107869943394019,5.69622171776838,0.0,1.0,1.0
1.0744574475756579,5.70038951556797,0.0,1.0,1.0
1.041013328149019,5.704368833482214,0.0,1.0,0.9999614583732336
1.0075409641017998,5.708159207602049,0.0,1.0,0.9998798971425824
0.97404373442171,5.711760174018401,0.0,1.0,0.9997556923006305
0.9405250180964431,5.715171268822211,0.0,1.0,0.9995897220792426
0.9069881941136946,5.718392028104416,0.0,1.0,0.9993834755816703
0.8734366414611694,5.721421987955946,0.0,1.0,0.9991391125073218
0.8398737391265577,5.724260684467735,0.0,1.0,0.9988594811144733
0.8063028660975672,5.72690765373072,0.0,1.0,0.9985481445920578
0.7727274013618963,5.729362431835838,0.0,1.0,0.9982093805191676
0.7391507239072388,5.7316245548740214,0.0,1.0,0.9978480623719801
0.7055762127212948,5.733693558936204,0.0,1.0,0.9974694730059513
0.6720072467917632,5.735568980113321,0.0,1.0,0.9970791625229247
0.6384472051063498,5.737250354496306,0.0,1.0,0.9966828116519274
0.6048994666527449,5.738737218176097,0.0,1.0,0.996286015480706
0.5713674104186535,5.740029107243625,0.0,1.0,0.9958940653200299
0.537854415391771,5.741125557789828,0.0,1.0,0.9955118454749111
0.5043638605597924,5.742026105905642,0.0,1.0,0.995143787439147
0.47089912491042796,5.742730287681994,0.0,1.0,0.9947938075943461
0.4374635874313666,5.74323763920983,0.0,1.0,0.9944652762024276
0.4040606271103153,5.743547696580067,0.0,1.0,0.9941610641973528
0.3706936229349626,5.743659995883678,0.0,1.0,0.9938836159012319
0.3373659538930115,5.743574073211552,0.0,1.0,0.993635003456329
0.3040809989721933,5.743289464654539,0.0,1.0,0.9934169818903827
0.27084213715971256,5.74280570630547,0.0,1.0,0.9932310535332358
0.23765274744034676,5.742122334266491,0.0,1.0,0.9930785246864303
0.2045162087935366,5.741238884660252,0.0,1.0,0.9929605446418659
0.17143590018835891,5.7401548936492235,0.0,1.0,0.9928533448140773
0.1384152005731858,5.7388698974754035,0.0,1.0,0.992744512501601
0.105457488856883,5.737383432532542,0.0,1.0,0.9926340228442652
0.07256614387712246,5.735695035487847,0.0,1.0,0.992521850603315
0.03974454435014746,5.733804243474948,0.0,1.0,0.9924079701556499
0.006996068784456886,5.731710594425464,0.0,1.0,0.9922923554879698
-0.02567590465529588,5.7294136275917955,0.0,1.0,0.9921749801908317
-0.05826799833886227,5.726912884279034,0.0,1.0,0.9920558174526211
-0.09077683542962267,5.724207908840764,0.0,1.0,0.9919348400534219
-0.12319904025632004,5.7212982501069,0.0,1.0,0.9918120203588046
-0.1555312388233985,5.71818346334395,0.0,1.0,0.9916873303135068
-0.18777005937890584,5.7148631124365235,0.0,1.0,0.9915607414350326
-0.21991213306743193,5.711336772395266,0.0,1.0,0.9914322248071396
-0.251954094694427,5.707604032292743,0.0,1.0,0.9913017510732385
-0.2838925836319748,5.703664498742716,0.0,1.0,0.9911692904296835
-0.31572424452594783,5.699517798616363,0.0,1.0,0.9910348126189685
-0.34744572792393263,5.695163581454311,0.0,1.0,0.9908982869228106
-0.379053690822201,5.690601521567578,0.0,1.0,0.9907596821551373
-0.4105447971657513,5.685831319958319,0.0,1.0,0.9906189666549619
-0.4419157178481618,5.680852704319279,0.0,1.0,0.9904761082791492
-0.47316313047807673,5.675665428136877,0.0,1.0,0.9903310743950752
-0.5042837190292293,5.670269269346786,0.0,1.0,0.9901838318731729
-0.5352741733812811,5.664664028570273,0.0,1.0,0.9900343470793632
-0.5661311885463278,5.658849526143127,0.0,1.0,0.9898825858673744
-0.5968514638047239,5.652825598796151,0.0,1.0,0.989728513570938
-0.6274317019521872,5.646592096763254,0.0,1.0,0.9895720949958762
-0.6578686085930776,5.6401488810667555,0.0,1.0,0.989413294412057
-0.6881588914542238,5.633495820881704,0.0,1.0,0.9892520755452353
-0.7182992597788979,5.626632791208048,0.0,1.0,0.9890884015687671
-0.7482864238957918,5.61955967121501,0.0,1.0,0.9889222350951948
-0.7781170948818974,5.612276342946183,0.0,1.0,0.9887535381677106
-0.8077879843047397,5.604782690329314,0.0,1.0,0.9885822722514827
-0.8372958040333938,5.597078598450486,0.0,1.0,0.9884083982248555
-0.8666372661241264,5.589163953114816,0.0,1.0,0.9882318763704117
-0.8958090827449735,5.581038640556702,0.0,1.0,0.9880526663659
-0.9248079661272173,5.572702547253568,0.0,1.0,0.9878707272750255
-0.9536306285357861,5.564155559811995,0.0,1.0,0.9876860175380969
-0.9822737822536055,5.555397564907726,0.0,1.0,0.9874984949625351
-1.0107341395729577,5.546428449252457,0.0,1.0,0.9873081167132334
-1.0390084127907104,5.537248099575448,0.0,1.0,0.9871148393027751
-1.0670933142055932,5.527856402613181,0.0,1.0,0.9869186185814974
-1.0949855561166937,5.518253245103477,0.0,1.0,0.9867194097274088
-1.1226818508230236,5.5084385137838625,0.0,1.0,0.9865171672359477
-1.1501789106236293,5.498412095391989,0.0,1.0,0.9863118449095919
-1.1774734478175446,5.488173876665475,0.0,1.0,0.9861033958473013
-1.2045621747038004,5.477723744341944,0.0,1.0,0.9858917724338082
-1.2314418035814376,5.46706158515902,0.0,1.0,0.9856769263287394
-1.2581090467494873,5.456187285854326,0.0,1.0,0.9854588084555729
-1.2845606165069896,5.445100733165482,0.0,1.0,0.9852373689904294
-1.3107932251529815,5.433801813830114,0.0,1.0,0.9850125573506897
-1.3368035849864912,5.422290414585846,0.0,1.0,0.9847843221834414
-1.3625884083065618,5.410566422170301,0.0,1.0,0.9845526113537475
-1.388144407412226,5.398629723321101,0.0,1.0,0.9843173719327386
-1.413468294602518,5.38648020477587,0.0,1.0,0.9840785501855214
-1.4385567821764769,5.3741177532722295,0.0,1.0,0.9838360915589048
-1.4634065824331366,5.361542255547803,0.0,1.0,0.9835899406689391
-1.4880144076715367,5.348753598340222,0.0,1.0,0.983340041288263
-1.5123769701906795,5.335751668387081,0.0,1.0,0.9830863363332619
-1.5364909822897155,5.322536352426085,0.0,1.0,0.9828287678510272
-1.5603531562674915,5.309107537194719,0.0,1.0,0.9825672770061191
-1.5839602044229366,5.295465109430537,0.0,1.0,0.982301804067126
-1.6073088390569221,5.281608955872478,0.0,1.0,0.9820322883930213
-1.6303957724625062,5.267538963253868,0.0,1.0,0.9817586684193111
-1.6532177169832538,5.253255018344356,0.0,1.0,0.9814808816439705
-1.6757713851310525,5.238757008034663,0.0,1.0,0.9811988646131682
-1.698053489799118,5.224044819489813,0.0,1.0,0.9809125529067698
-1.720060744664411,5.2091183404385495,0.0,1.0,0.9806218811236241
-1.7417898649351466,5.19397745971104,0.0,1.0,0.9803267828666232
-1.763237568634998,5.178622068162586,0.0,1.0,0.9800271907275365
-1.784400578845334,5.163052060286424,0.0,1.0,0.9797230362716107
-1.8052756277385384,5.147267337114894,0.0,1.0,0.9794142500219397
-1.825859462784025,5.131267810683315,0.0,1.0,0.9791007614435937
-1.8461488559163777,5.115053410624563,0.0,1.0,0.978782498927506
-1.8661406169392185,5.098624093810344,0.0,1.0,0.9784593897741178
-1.8858316145807121,5.081979859496199,0.0,1.0,0.9783060658433917
-1.9052188031436719,5.065120768490662,0.0,1.0,0.9783427504651416
-1.9242992555421625,5.048046966918151,0.0,1.0,0.9785676632277022
-1.9430702036760967,5.030758715260036,0.0,1.0,0.9789767459562637
-1.9615290926230977,5.013256427334282,0.0,1.0,0.9795631702758385
-1.9796736357897002,4.995540709965177,0.0,1.0,0.9803170668664287
-1.9975018676962417,4.977612400950975,0.0,1.0,0.9812254440215252
-2.015012196665084,4.959472606961995,0.0,1.0,0.9822720680887402
-2.0322034618587455,4.941122744567605,0.0,1.0,0.9834374659010855
-2.0490749739514524,4.922564569490845,0.0,1.0,0.984699461876218
-2.065626529500802,4.903800186945831,0.0,1.0,0.9860340234652634
-2.0818584165140885,4.884832055641561,0.0,1.0,0.987415905408591
-2.0977714103507443,4.865662984834576,0.0,1.0,0.988819268998254
-2.1133667501374584,4.846296117364581,0.0,1.0,0.9902186623829345
-2.128646086242961,4.826734891873593,0.0,1.0,0.9915900093365695
-2.1436114300837685,4.806983006701724,0.0,1.0,0.9929110771641291
-2.158265102047057,4.787044382428582,0.0,1.0,0.9941616843124171
-2.1726096774089703,4.7669231229728934,0.0,1.0,0.9953239827532113
-2.1866479263972227,4.746623472480097,0.0,1.0,0.9963825985156247
-2.2003827673772034,4.726149781649592,0.0,1.0,0.9973244195613422
-2.21381722852893,4.70550648016935,0.0,1.0,0.9981382661467025
-2.226954416231758,4.684698053975349,0.0,1.0,0.9988146440645712
-2.23979748869004,4.663729026280761,0.0,1.0,0.9993454950151449
-2.2523496380337957,4.642603944701164,0.0,1.0,0.9997239045877525
-2.264614078250136,4.621327372573717,0.0,1.0,0.9999438453588929
-2.2765940367366024,4.599903882881575,0.0,1.0,1.0
-2.2882927486078524,4.578338054158733,0.0,1.0,1.0
-2.2997134533148778,4.55663446805827,0.0,1.0,1.0
-2.310859392742762,4.534797707984081,0.0,1.0,1.0
-2.321733810063673,4.51283235826585,0.0,1.0,1.0
-2.332339949091068,4.490743003694534,0.0,1.0,1.0
-2.3426810539525413,4.468534229287042,0.0,1.0,1.0
-2.352760368906655,4.446210620154495,0.0,1.0,1.0
-2.3625811382377804,4.423776761426566,0.0,1.0,1.0
-2.3721466062252907,4.401237238229342,0.0,1.0,1.0
-2.3814600171488576,4.378596635689134,0.0,1.0,1.0
-2.3905246152886876,4.355859538932608,0.0,1.0,1.0
-2.39934364492467,4.33303053308623,0.0,1.0,1.0
-2.4079203503368563,4.310114203276633,0.0,1.0,1.0
-2.4162579758048905,4.28711513462978,0.0,1.0,1.0
-2.424359765609629,4.264037912273665,0.0,1.0,1.0
-2.4322289640296715,4.240887121332529,0.0,1.0,1.0
-2.4398688153221344,4.217667346895006,0.0,1.0,1.0
-2.4472825636619095,4.1943831739134945,0.0,1.0,1.0
-2.454473453050718,4.171039187053436,0.0,1.0,1.0
-2.4614447271462585,4.147639970410224,0.0,1.0,1.0
-2.468199628960219,4.124190107008765,0.0,1.0,1.0
-2.474741400274351,4.100694177835932,0.0,1.0,1.0
-2.4810732806292917,4.077156760164969,0.0,1.0,1.0
-2.487198505710778,4.053582424881392,0.0,1.0,1.0
-2.493120304909464,4.029975732439537,0.0,1.0,1.0
-2.498841897329487,4.0063412262485425,0.0,1.0,1.0
-2.5043664858079238,3.9826834227623906,0.0,1.0,1.0
-2.509697249059832,3.9590067984639066,0.0,1.0,1.0
-2.5148373315101638,3.935315773015831,0.0,1.0,1.0
-2.5197898294760797,3.9116146863643797,0.0,1.0,1.0
-2.524557773173972,3.8879077689241464,0.0,1.0,1.0
-2.529144108374703,3.8641991111800835,0.0,1.0,1.0
-2.533551676549341,3.8404926307882143,0.0,1.0,1.0
-2.5377831931295125,3.81679203655216,0.0,1.0,1.0
-2.5418412233758443,3.7931007884361807,0.0,1.0,1.0
-2.5457281670094365,3.769422072098901,0.0,1.0,1.0
-2.549446246627933,3.7457587796982867,0.0,1.0,1.0
-2.552997499650206,3.722113496543656,0.0,1.0,1.0
-2.5563837730377332,3.698488492348799,0.0,1.0,1.0
-2.5596067318214106,3.6748857353612405,0.0,1.0,1.0
-2.5626678730515264,3.6513069154779045,0.0,1.0,1.0
-2.5655685413748928,3.6277534700570575,0.0,1.0,1.0
-2.5683099464746615,3.604226612816767,0.0,1.0,1.0
-2.570893185965466,3.580727371773071,0.0,1.0,1.0
-2.5733192684646724,3.5572566274699855,0.0,1.0,1.0
-2.5755891324167113,3.5338151441721477,0.0,1.0,1.0
-2.5777036627404413,3.510403597450178,0.0,1.0,1.0
-2.579663705715577,3.4870225988480934,0.0,1.0,1.0
-2.5814700812634688,3.4636727162330443,0.0,1.0,1.0
-2.5831235912437167,3.44035448754313,0.0,1.0,1.0
-2.5846250256210146,3.4170684310061237,0.0,1.0,1.0
-2.585975166917609,3.393815052517357,0.0,1.0,1.0
-2.587174793284604,3.370594850729003,0.0,1.0,1.0
-2.5882246802769324,3.347408319991287,0.0,1.0,1.0
-2.589125601967768,3.3242559521990906,0.0,1.0,1.0
-2.5898783316300955,3.301138237921348,0.0,1.0,1.0
-2.5904836421306316,3.278055667053794,0.0,1.0,1.0
-2.5909423061272743,3.255008729146141,0.0,1.0,1.0
-2.5912550961755296,3.2319979135784416,0.0,1.0,1.0
-2.5914227847902316,3.2090237096633447,0.0,1.0,1.0
-2.5914461444847214,3.186086606711025,0.0,1.0,1.0
-2.591325947772785,3.1631870940324,0.0,1.0,1.0
-2.591062967167719,3.140325660937574,0.0,1.0,1.0
-2.590657975183028,3.1175027967369933,0.0,1.0,1.0
-2.5901117443321673,3.094718990741026,0.0,1.0,1.0
-2.589425047128591,3.0719747322600384,0.0,1.0,1.0
-2.5885986560857615,3.049270510604409,0.0,1.0,1.0
-2.5876333437171355,3.0266068150845014,0.0,1.0,1.0
-2.5865298825361736,3.0039841350106986,0.0,1.0,1.0
-2.5852890450563333,2.981402959693367,0.0,1.0,1.0
-2.5839116037910737,2.958863778442881,0.0,1.0,1.0
-2.582398331253854,2.9363670805696156,0.0,1.0,1.0
-2.580749999958133,2.913913355383936,0.0,1.0,1.0
-2.5789673824173693,2.8915030921962224,0.0,1.0,1.0
-2.5770512511450216,2.869136780316846,0.0,1.0,1.0
-2.575002378654549,2.8468149090561785,0.0,1.0,1.0
-2.5728215374594106,2.8245379677245914,0.0,1.0,1.0
-2.5705095000730647,2.8023064456324573,0.0,1.0,1.0
-2.5680670390089695,2.780120832090153,0.0,1.0,1.0
-2.565494926780585,2.7579816164080455,0.0,1.0,1.0
-2.56279393590137,2.735889287896513,0.0,1.0,1.0
-2.5599648388847824,2.7138443358659234,0.0,1.0,1.0
-2.5570084082442817,2.6918472496266497,0.0,1.0,1.0
-2.553925416493326,2.669898518489068,0.0,1.0,1.0
-2.550716636145376,2.6479986317635493,0.0,1.0,1.0
-2.547382839713888,2.6261480787604645,0.0,1.0,1.0
-2.5439247997123227,2.6043473487901894,0.0,1.0,1.0
-2.5403432886541384,2.5825969311630934,0.0,1.0,1.0
-2.5366390790527937,2.560897315189551,0.0,1.0,1.0
-2.5328129434217463,2.5392489901799364,0.0,1.0,1.0
-2.5288656542744574,2.5176524454446194,0.0,1.0,1.0
-2.524797984124385,2.496108170293975,0.0,1.0,1.0
-2.5206107054849873,2.474616654038372,0.0,1.0,1.0
-2.516304590869723,2.4531783859881866,0.0,1.0,1.0
-2.5118804127920518,2.4317938554537926,0.0,1.0,1.0
-2.5073389437654314,2.4104635517455595,0.0,1.0,1.0
-2.5026809563033208,2.38918796417386,0.0,1.0,1.0
-2.49790722291918,2.367967582049066,0.0,1.0,1.0
-2.4930185161264675,2.3468028946815562,0.0,1.0,1.0
-2.488015608438641,2.325694391381697,0.0,1.0,1.0
-2.482899272369161,2.3046425614598642,0.0,1.0,1.0
-2.477670280431485,2.2836478942264296,0.0,1.0,1.0
-2.472329405139071,2.262710878991762,0.0,1.0,1.0
-2.46687741900538,2.2418320050662417,0.0,1.0,1.0
-2.4613150945438704,2.221011761760237,0.0,1.0,1.0
-2.4556432042679996,2.2002506383841185,0.0,1.0,1.0
-2.449862520691229,2.1795491242482656,0.0,1.0,1.0
-2.4439738163270133,2.158907708663041,0.0,1.0,1.0
-2.437977863688814,2.138326880938825,0.0,1.0,1.0
-2.4318754352900904,2.1178071303859896,0.0,1.0,1.0
-2.425667303644301,2.0973489463149066,0.0,1.0,1.0
-2.4193542412649043,2.0769528180359473,0.0,1.0,1.0
-2.4129370206653573,2.056619234859483,0.0,1.0,1.0
-2.4064164143591222,2.036348686095892,0.0,1.0,1.0
-2.399793194859656,2.016141661055542,0.0,1.0,1.0
-2.393068134680418,1.9959986490488084,0.0,1.0,1.0
-2.3862420063348653,1.9759201393860597,0.0,1.0,1.0
-2.3793155823364587,1.9559066213776732,0.0,1.0,1.0
-2.3722896351986567,1.9359585843340201,0.0,1.0,1.0
-2.3651649374349186,1.9160765175654744,0.0,1.0,1.0
-2.357942261558702,1.8962609103824057,0.0,1.0,1.0
-2.350622380083465,1.8765122520951862,0.0,1.0,1.0
-2.343206065522669,1.8568310320141939,0.0,1.0,1.0
-2.3356940903897714,1.8372177394497964,0.0,1.0,1.0
-2.328087227198231,1.817672863712369,0.0,1.0,1.0
-2.3203862484615065,1.798196894112284,0.0,1.0,1.0
-2.3125919266930564,1.7787903199599102,0.0,1.0,1.0
-2.3047050344063416,1.759453630565627,0.0,1.0,1.0
-2.2967263441148185,1.7401873152398029,0.0,1.0,1.0
-2.288656628331946,1.7209918632928092,0.0,1.0,1.0
-2.280496659571185,1.7018677640350224,0.0,1.0,1.0
-2.2722472103459923,1.682815506776812,0.0,1.0,1.0
-2.263909053169828,1.6638355808285528,0.0,1.0,1.0
-2.2554829605561495,1.6449284755006173,0.0,1.0,1.0
-2.246969705018418,1.6260946801033784,0.0,1.0,1.0
-2.2383700590700903,1.6073346839472071,0.0,1.0,1.0
-2.229684795224624,1.588648976342475,0.0,1.0,1.0
-2.2209146859954823,1.5700380465995587,0.0,1.0,1.0
-2.2120605038961205,1.5515023840288287,0.0,1.0,1.0
-2.203123021439999,1.5330424779406586,0.0,1.0,1.0
-2.1941030111405744,1.5146588176454183,0.0,1.0,1.0
-2.1850012455113075,1.496351892453481,0.0,1.0,1.0
-2.175818497065655,1.4781221916752227,0.0,1.0,1.0
-2.166555538317083,1.4599702046210157,0.0,1.0,1.0
-2.157213141779043,1.4418964206012292,0.0,1.0,1.0
-2.147792079964967,1.4239013289262359,0.0,1.0,1.0
-2.138293125388464,1.4059854189064227,0.0,1.0,1.0
-2.128717050562509,1.388149179852117,0.0,1.0,1.0
-2.1190646279852956,1.3703931010737456,0.0,1.0,1.0
-2.1093366301083822,1.3527176718818354,0.0,1.0,1.0
-2.09953382928285,1.3351233815857078,0.0,1.0,1.0
-2.089656997662121,1.3176107194988949,0.0,1.0,1.0
-2.079706907009422,1.3001801749269035,0.0,1.0,1.0
-2.0696843283936928,1.282832237176163,0.0,1.0,1.0
-2.0595900316505737,1.2655673956091822,0.0,1.0,1.0
-2.0494247841885347,1.2483861393511695,0.0,1.0,1.0
-2.0391893501788614,1.231288958073605,0.0,1.0,1.0
-2.0288844876369563,1.214276341017067,0.0,1.0,1.0
-2.018510943492584,1.1973487750966696,0.0,1.0,1.0
-2.0080694612574694,1.1805067599853845,0.0,1.0,1.0
-1.9975607361384375,1.163750760610512,0.0,1.0,1.0
-1.9869854730878096,1.1470812867867688,0.0,1.0,1.0
-1.976344557944069,1.1304991135210491,0.0,1.0,1.0
-1.9656391146843943,1.1140053648868122,0.0,1.0,1.0
-1.9548705803801023,1.097601618668766,0.0,1.0,1.0
-1.9440410608938408,1.0812903533896476,0.0,1.0,1.0
-1.933153993872114,1.0650757703437381,0.0,1.0,1.0
-1.9222151701940315,1.0489650519980251,0.0,1.0,1.0
-1.9112342948514451,1.032970269576503,0.0,1.0,1.0
-1.9002271463156943,1.0171110166919164,0.0,1.0,1.0
-1.8892184441237465,1.0014179024421606,0.0,1.0,1.0
-1.8782459681602262,0.9859375656071053,0.0,1.0,1.0
-1.8673650720992667,0.9707381584945138,0.0,1.0,1.0
-1.8566530188601382,0.9559146106818549,0.0,1.0,1.0
-1.846212917030213,0.9415934043311027,0.0,1.0,1.0
-1.8361771093573718,0.9279366780212123,0.0,1.0,1.0
-1.8267071536025057,0.9151421733121294,0.0,1.0,1.0
-1.8179897415690434,0.9034382338342597,0.0,1.0,1.0
-1.810228910109321,0.893074285958153,0.0,1.0,1.0
-1.8036347957330925,0.8843071081789863,0.0,1.0,1.0
-1.7984100051379746,0.8773842035742487,0.0,1.0,1.0
-1.794721154470442,0.872509067738839,0.0,1.0,1.0
-1.792709231290014,0.8698538730094797,0.0,1.0,1.0
