-0.3442275469370779,-0.058471030450228695,0.0,1.0,0.613945561540119
-0.34012574778371113,-0.0593609089709916,0.0,1.0,0.6080665599392071
-0.33253753707217465,-0.06098890150113236,0.0,1.0,0.6020980303951342
-0.3216864436383422,-0.06326875912453617,0.0,1.0,0.5960386095382073
-0.3078479739537091,-0.06609428340481556,0.0,1.0,0.5898869132367585
-0.29137040422796845,-0.06933143320177454,0.0,1.0,0.5836415362809731
-0.27263626757511955,-0.0728333086172153,0.0,1.0,0.5773010520619017
-0.2520441302221496,-0.07644731520107856,0.0,1.0,0.5709368813476698
-0.22998804035268722,-0.08002318825828045,0.0,1.0,0.5657837316558981
-0.2068410146801133,-0.08341943336508263,0.0,1.0,0.5620988884414247
-0.1829425842636942,-0.08650817395946925,0.0,1.0,0.5601410718411297
-0.15858944462066157,-0.08917877399006766,0.0,1.0,0.5601613356694852
-0.13403228693800134,-0.09133901913297816,0.0,1.0,0.5615509738955914
-0.10947622031254449,-0.09291489454687037,0.0,1.0,0.5637652455358536
-0.08508335893153385,-0.09384951760630544,0.0,1.0,0.5668692913651245
-0.060976967953480406,-0.09410146303093163,0.0,1.0,0.5709140159791248
-0.03724737351574973,-0.09364239700255148,0.0,1.0,0.5759356042704836
-0.013958489083962322,-0.09245447506762894,0.0,1.0,0.5819562113244429
0.008846683304966432,-0.09052815235184283,0.0,1.0,0.5889827384617634
0.031141154264536123,-0.08786023600338078,0.0,1.0,0.5970061291910376
0.05290975024221254,-0.0844522183438984,0.0,1.0,0.6060030708786451
0.07414549967565895,-0.08030884280977253,0.0,1.0,0.615938185071025
0.09484709629230782,-0.07543709783914254,0.0,1.0,0.6267646139448387
0.11501705478271587,-0.06984548565553488,0.0,1.0,0.6384239692531856
0.1346603791659408,-0.06354349449038953,0.0,1.0,0.6508469020682659
0.15378368204203477,-0.056541249561099224,0.0,1.0,0.6639548513703267
0.1723942852589129,-0.04884915707535196,0.0,1.0,0.6776622497474526
0.19049997803247698,-0.04047780830562562,0.0,1.0,0.6918752456972482
0.20810909258425928,-0.031438009277434134,0.0,1.0,0.7064900811672973
0.22523045599948896,-0.021740761630580325,0.0,1.0,0.721397979310453
0.24187287229672969,-0.01139705788728816,0.0,1.0,0.736492093433974
0.2580451140655441,-0.00041787814681597035,0.0,1.0,0.7516687355338652
0.2737559742014432,0.011185789465229844,0.0,1.0,0.7668275373639603
0.28901423849774716,0.023402959630531493,0.0,1.0,0.7818742192249385
0.3038286940820149,0.036222646503385615,0.0,1.0,0.7967227388987808
0.31820812825574724,0.04963386416933482,0.0,1.0,0.8112967116555394
0.33216132805066795,0.06362562682055618,0.0,1.0,0.8255304205542978
0.3456970806242234,0.07818694859953261,0.0,1.0,0.8393692426058392
0.3588241730992087,0.093306843662444,0.0,1.0,0.8527696082261992
0.37155139260154246,0.10897432616423501,0.0,1.0,0.8656985640399506
0.3838875262599032,0.1251784102587598,0.0,1.0,0.8781330285151994
0.39584136120104285,0.14190811010063403,0.0,1.0,0.8900588371272254
0.40742168455241484,0.15915243984419566,0.0,1.0,0.9014696630148478
0.41863728344133166,0.17690041364383916,0.0,1.0,0.9123658884244374
0.42949694499509344,0.19514104565396298,0.0,1.0,0.9227534870155563
0.4400094563410254,0.2138633500289562,0.0,1.0,0.9326429616570008
0.4501836046064408,0.23305634092321267,0.0,1.0,0.9420483680048655
0.46002817691865633,0.2527090324911247,0.0,1.0,0.9509864417302537
0.4695519604049879,0.2728104388870846,0.0,1.0,0.9594758372795023
0.4787637421927513,0.293349574265485,0.0,1.0,0.9675364785010868
0.4876723094092633,0.3143154527807187,0.0,1.0,0.9751890161601229
0.4962864491818398,0.33569708858717817,0.0,1.0,0.9824151165540097
0.5046149486377965,0.35748349583925587,0.0,1.0,0.9883204115068639
0.5126665949044499,0.3796636886913443,0.0,1.0,0.9929630498115779
0.5204501751091163,0.4022266812978364,0.0,1.0,0.9963994361642924
0.5279744763791113,0.4251614878131242,0.0,1.0,0.9986837592798169
0.5352482858417515,0.4484571223916007,0.0,1.0,0.9998676580295662
0.5422803906243524,0.4721025991876581,0.0,1.0,1.0
0.5490795778542303,0.496086932355689,0.0,1.0,0.9997316824612575
0.5556546346587019,0.5203991360500865,0.0,1.0,0.9991102885036385
0.5620143481650823,0.5450282244252422,0.0,1.0,0.9981197325702615
0.5681675055006887,0.5699632116355496,0.0,1.0,0.9967452543390362
0.5741228937928364,0.5951931118354009,0.0,1.0,0.9949738968453061
0.5798893001688417,0.6207069391791882,0.0,1.0,0.992795087308814
0.5854755117560209,0.6464937078213049,0.0,1.0,0.9902012970476136
0.5908903156816896,0.672542431916143,0.0,1.0,0.9871885332595339
0.5961424990731644,0.6988421256180949,0.0,1.0,0.9838516143242774
0.6012408490577614,0.7253818030815538,0.0,1.0,0.9803428378505787
0.6061941527627964,0.7521504784609115,0.0,1.0,0.9766643851726784
0.611011197315586,0.7791371659105614,0.0,1.0,0.9728198359682289
0.6157007698434456,0.8063308795848955,0.0,1.0,0.9688139654083159
0.6202716574736917,0.8337206336383063,0.0,1.0,0.9646525105919718
0.6247326473336408,0.8612954422251868,0.0,1.0,0.9603419925530128
0.6290925265506081,0.8890443194999293,0.0,1.0,0.9558894930136681
0.6333600822519103,0.9169562796169258,0.0,1.0,0.9513022956909002
0.6375441015648635,0.9450203367305697,0.0,1.0,0.9465875110900009
0.6416533716167837,0.9732255049952535,0.0,1.0,0.941751850340532
0.6456966795349868,1.0015607985653694,0.0,1.0,0.9368014735066662
0.6496828124467894,1.0300152315953102,0.0,1.0,0.9317418037909557
0.6536205574795071,1.0585778182394678,0.0,1.0,0.9265773544493462
0.6575187017604566,1.0872375726522363,0.0,1.0,0.9213116831989954
0.6613860324169532,1.1159835089880064,0.0,1.0,0.9159474378662846
0.6652313365763132,1.1448046414011712,0.0,1.0,0.9104863973553877
0.6690634013658534,1.1736899840461248,0.0,1.0,0.9049295095699138
0.6728910139128891,1.2026285510772572,0.0,1.0,0.8992769627401654
0.6767229613447368,1.231609356648963,0.0,1.0,0.8935282896684975
0.6805680307887126,1.2606214149156343,0.0,1.0,0.8876824597570561
0.6844350093721325,1.2896537400316623,0.0,1.0,0.8817379479497401
0.6883326842223129,1.3186953461514415,0.0,1.0,0.8756927965009237
0.6922698424665695,1.3477352474293636,0.0,1.0,0.869544673551097
0.6962552712322185,1.3767624580198212,0.0,1.0,0.8632909205330634
0.700297757646576,1.405765992077207,0.0,1.0,0.8569285853336386
0.704406088836958,1.434734863755913,0.0,1.0,0.8504544472593223
0.7085890519306809,1.4636580872103315,0.0,1.0,0.8438650369822297
0.7128554340550609,1.4925246765948568,0.0,1.0,0.8371566520313968
0.7172140223374135,1.5213236460638802,0.0,1.0,0.8303253682800004
0.7216736039050549,1.5500440097717942,0.0,1.0,0.8233670488868616
0.7262429658853053,1.5786747818729903,0.0,1.0,0.8162773511598145
0.7309308954054613,1.6072049765218692,0.0,1.0,0.8090517316652697
0.7357461795928928,1.6356236078727988,0.0,1.0,0.8016854507295498
0.7406976055748407,1.6639196900802065,0.0,1.0,0.7941735764800334
0.7457939604785232,1.6920822372985316,0.0,1.0,0.7865109866953471
0.7510440314322512,1.7201002636817004,0.0,1.0,0.7786923679147535
0.7564566055597861,1.747962783385769,0.0,1.0,0.7707122136397616
0.7620404699958687,1.7756588105616555,0.0,1.0,0.7625648226291236
0.767804411788478,1.8031773594008773,0.0,1.0,0.7542442961717721
0.7737572175895531,1.8305074442802771,0.0,1.0,0.7457445336224364
0.7799076732467953,1.857638079953033,0.0,1.0,0.7370592293461908
0.7862645631650983,1.884558281847474,0.0,1.0,0.7281818735937451
0.7928366692506069,1.9112570665612012,0.0,1.0,0.71910575709408
0.7996327692015224,1.9377234526608895,0.0,1.0,0.7098239796452623
0.8066616335401701,1.9639464620711093,0.0,1.0,0.7003294662236453
0.8139320210397801,1.9899151222143359,0.0,1.0,0.690614992749069
0.8214526718993216,2.0156184692047248,0.0,1.0,0.6806732207787044
0.8292322978999307,2.0410455524543436,0.0,1.0,0.6704967426357518
0.8372795674669697,2.066185441663265,0.0,1.0,0.6600781401385727
0.8456030837999731,2.091027237053492,0.0,1.0,0.6494100584828298
0.8542113565504919,2.1155600826221024,0.0,1.0,0.6384852945563676
0.8631127647316901,2.1397731834974136,0.0,1.0,0.6279613740734938
0.8723155087422095,2.1636558283890572,0.0,1.0,0.6180416439942855
0.881827543760068,2.1871974207557976,0.0,1.0,0.6087599349187433
0.8916565042782018,2.210387514118558,0.0,1.0,0.6001475241136782
0.9018096180796449,2.233215852315073,0.0,1.0,0.592232164848112
0.912293608496102,2.2556724152372625,0.0,1.0,0.5850369090752864
0.9231145768107716,2.277747473859928,0.0,1.0,0.5785787620135298
0.9342778749656752,2.299431649806404,0.0,1.0,0.5728677503791776
0.9457879955555761,2.3207159668250608,0.0,1.0,0.5676712727320419
0.9576484616316026,2.3415919023548715,0.0,1.0,0.5626167840488692
0.9698617211221869,2.3620514369303325,0.0,1.0,0.557706196341498
0.9824290373574229,2.3820871054097568,0.0,1.0,0.552940815689768
0.9953504358254158,2.401692021890243,0.0,1.0,0.5483218618115868
1.0086246784671156,2.4208598917362094,0.0,1.0,0.5438510114732789
1.0222492561633598,2.4395850150950262,0.0,1.0,0.5395307107414744
1.036220396618977,2.457862283207711,0.0,1.0,0.5353643047719665
1.0505331107286322,2.4756871567123775,0.0,1.0,0.5313562119456826
1.0651812909585943,2.4930556196072398,0.0,1.0,0.5275121291441982
1.0801578077475729,2.5099641341405627,0.0,1.0,0.5238389212669867
1.0954546144670616,2.526409591695275,0.0,1.0,0.5203441918568387
1.1110628555932278,2.5423892621707433,0.0,1.0,0.5170357839111251
1.1269729994089925,2.5579007318858293,0.0,1.0,0.5139214430906097
1.1431749569415282,2.572941847923045,0.0,1.0,0.511008493261363
1.1596581847669023,2.587510670021787,0.0,1.0,0.5083034231759559
1.1764117765841637,2.601605427726958,0.0,1.0,0.505811525222845
1.193424546719885,2.615224481314316,0.0,1.0,0.5035367212975164
1.210685103117056,2.6283662876308096,0.0,1.0,0.501481606112866
1.2281819006700183,2.641029375126539,0.0,1.0,0.4996475376721829
1.2459032834340178,2.653212324088143,0.0,1.0,0.498034745075078
1.2638375172845444,2.6649137513330725,0.0,1.0,0.49664251154498623
1.2819728155900947,2.6761322981549687,0.0,1.0,0.49546943845869723
1.3002973564809275,2.6868666221766824,0.0,1.0,0.49451372053318254
1.3187992944821387,2.697115391803262,0.0,1.0,0.4937733778139595
1.3374667684729857,2.7068772823362734,0.0,1.0,0.493246461266836
1.3562879067873064,2.716150973321873,0.0,1.0,0.4929312403677976
1.3752508300727673,2.7249351468335843,0.0,1.0,0.4928918791618394
1.3943436522937966,2.7332284864671315,0.0,1.0,0.49339295712623277
1.413554480522796,2.7410296767038855,0.0,1.0,0.49442192966200305
1.4328714134661564,2.748337402522561,0.0,1.0,0.4959673067399342
1.4522825388596752,2.7551503491734257,0.0,1.0,0.49801884244835204
1.4717759300913655,2.7614672020020476,0.0,1.0,0.5005676742340092
1.4913396417358913,2.767286646364547,0.0,1.0,0.5036064272625412
1.5109617038092458,2.7726073676134373,0.0,1.0,0.5071292988870133
1.5306301142657042,2.7774280511019978,0.0,1.0,0.5108373705983078
1.5503328313974325,2.781747382183558,0.0,1.0,0.5146993327212874
1.5700577656189039,2.785564046211301,0.0,1.0,0.5187252810387607
1.589792770724931,2.7888767285384986,0.0,1.0,0.5229257396814978
1.609525633820595,2.7916841145184814,0.0,1.0,0.527311667060519
1.6292440661244192,2.793984889504034,0.0,1.0,0.5318944660892181
1.6489356961120634,2.795777738849732,0.0,1.0,0.5366859909036811
1.6685880632792807,2.7970613479067583,0.0,1.0,0.5416985438359028
1.6881886129309123,2.797834402027772,0.0,1.0,0.5469448631681705
1.7077246919791365,2.798095586634725,0.0,1.0,0.5524381009729545
1.7271835503848534,2.797843587448035,0.0,1.0,0.5581917823205447
1.7465523440979,2.7970770907593714,0.0,1.0,0.5642197405605925
1.765818139573832,2.7957947838557504,0.0,1.0,0.5705360304785804
1.784967919711081,2.793995355763941,0.0,1.0,0.5771548155969842
1.8039885935544988,2.791677498536904,0.0,1.0,0.5840902217815881
1.8228670090108212,2.7888399092587597,0.0,1.0,0.5913561533078728
1.841589966212768,2.785481293109926,0.0,1.0,0.5989660731709634
1.860144232998096,2.7816003679302748,0.0,1.0,0.6069327362217354
1.8785165642277986,2.7771958715586336,0.0,1.0,0.6152678600660014
1.896693726111759,2.7722665721868927,0.0,1.0,0.623981735659116
1.9146625243647144,2.7668112824427857,0.0,1.0,0.6330827801151002
1.9324098381337271,2.760828878162615,0.0,1.0,0.6425770072416235
1.9499226638689418,2.754318324487591,0.0,1.0,0.6524673799659286
1.967188172315766,2.747278711240049,0.0,1.0,0.6627530940179653
1.9841937726544834,2.7397092937159764,0.0,1.0,0.6734288683235515
2.0009271879016115,2.7316095417134627,0.0,1.0,0.6844842182239922
2.0173765428728405,2.722979197383029,0.0,1.0,0.6959026399353286
2.033530475544273,2.713818349103183,0.0,1.0,0.7076608546915761
2.0493782477113593,2.7041275051200806,0.0,1.0,0.7197284299676294
2.0649098548553724,2.6939076668927915,0.0,1.0,0.7320677356217372
2.0801161388641844,2.6831604044921082,0.0,1.0,0.7446340293502455
2.0949889085236166,2.6718879373054554,0.0,1.0,0.7573757737628188
2.1095210536341824,2.66009321052549,0.0,1.0,0.7702356828206268
2.1237066114929912,2.647779939708552,0.0,1.0,0.7831524890918138
2.1375408215187193,2.634952647404479,0.0,1.0,0.7960627351403785
2.1510201607412025,2.6216166869552566,0.0,1.0,0.8089024328155296
2.16414236862711,2.6077782591416203,0.0,1.0,0.8216090555047573
2.1769064083106087,2.593444386148711,0.0,1.0,0.834123912422235
2.1893123999755106,2.578622866847294,0.0,1.0,0.8463940427559635
2.201361545576589,2.5633222262624864,0.0,1.0,0.8583732973757399
2.2130560425984265,2.54755165768283,0.0,1.0,0.8700230810277448
2.224398978244623,2.531320951633395,0.0,1.0,0.8813129942620168
2.2353941966885422,2.5146404067659667,0.0,1.0,0.8922210306298761
2.2460461845533675,2.497520752985844,0.0,1.0,0.9026015976295156
2.2563599635021725,2.4799730793514856,0.0,1.0,0.9123106603627616
2.2663409920192734,2.4620087681439533,0.0,1.0,0.9213491994517399
2.275995067376311,2.4436394290591967,0.0,1.0,0.9297215353208534
2.285328245474518,2.4248768454044427,0.0,1.0,0.9374341385430824
2.294346778319122,2.405732932084927,0.0,1.0,0.9444944517394747
2.3030570630504323,2.3862197013000452,0.0,1.0,0.9509097923564663
2.3114656006865957,2.366349234726918,0.0,1.0,0.9566864911707862
2.319578963700548,2.3461336615562174,0.0,1.0,0.9618293649882874
2.32740377449192,2.32558514370932,0.0,1.0,0.9661791040923208
2.334946690163547,2.3047158650934816,0.0,1.0,0.9690791227292262
2.3422143924395815,2.28353802395423,0.0,1.0,0.9705581545472596
2.3492135817001873,2.262063827451457,0.0,1.0,0.9708466261882703
2.355950975006162,2.2403054882542617,0.0,1.0,0.9699880530048721
2.362433307406109,2.218275222413934,0.0,1.0,0.9680154352787608
2.368667336289655,2.19598524798417,0.0,1.0,0.9649585695576105
2.3746598498946607,2.1734477841602993,0.0,1.0,0.9608438316314447
2.380417679239498,2.150675050772548,0.0,1.0,0.9564239560215352
2.385947714043731,2.127679267990547,0.0,1.0,0.9517894581585004
2.3912569230741614,2.104472656115534,0.0,1.0,0.9469288330593093
2.396352381709244,2.0810674354397043,0.0,1.0,0.9418300566023229
2.401241306114006,2.057475826257103,0.0,1.0,0.9364806071745005
2.405931089799905,2.0337100488625524,0.0,1.0,0.9308674949577165
2.4104293451182692,2.009782323550203,0.0,1.0,0.9249773008726154
2.414743949864316,1.9857048706144718,0.0,1.0,0.9187962286319795
2.418883102827961,1.961489910349746,0.0,1.0,0.9123101734693028
2.4228553707783345,1.9371496630502725,0.0,1.0,0.905504809512947
2.426669732232973,1.9126963490106752,0.0,1.0,0.8983656977816749
2.430335618252302,1.888142188525091,0.0,1.0,0.8908784177672003
2.433862953306185,1.8634994018868543,0.0,1.0,0.8830287253451964
2.4372621829498944,1.8387802093946761,0.0,1.0,0.8748027389916466
2.440544278428149,1.8139968312929358,0.0,1.0,0.8661871556104521
2.44372073584467,1.7891614876767221,0.0,1.0,0.8571694964252394
2.4468035663658068,1.764286398355518,0.0,1.0,0.8477383821102773
2.449805279389419,1.7393837826275091,0.0,1.0,0.8378838347916542
2.4527388398164973,1.7144658588895128,0.0,1.0,0.8275976030153556
2.455617621840095,1.6895448440114489,0.0,1.0,0.816873503576647
2.458455361244879,1.6646329523681451,0.0,1.0,0.805707770494747
2.4612661056172573,1.6397423943039375,0.0,1.0,0.794099399034146
2.464064157102278,1.6148853736550453,0.0,1.0,0.7820504716007279
2.466864011015481,1.5900740842460483,0.0,1.0,0.7695664497373299
2.4696803001366745,1.5653207049548363,0.0,1.0,0.7566564155592757
2.472527738778355,1.5406373929423913,0.0,1.0,0.7433332463173075
2.4754210627656943,1.5160362736070732,0.0,1.0,0.7296137042094172
2.478374964190725,1.4915294276367375,0.0,1.0,0.7155184254465665
2.4814040254431133,1.4671288751205467,0.0,1.0,0.7010718003321269
2.4845226484423937,1.4428465560224695,0.0,1.0,0.6863017472480158
2.487744973092196,1.4186943054344765,0.0,1.0,0.6712393738120761
2.491084781340472,1.3946838226026925,0.0,1.0,0.6559185141442859
2.4945554038222215,1.3708266399038702,0.0,1.0,0.6403751596162294
2.4981696210691324,1.3471340889756558,0.0,1.0,0.6246468291727423
2.5019395601185725,1.3236172647004596,0.0,1.0,0.6087718912246118
2.5058765759182196,1.3002869833589095,0.0,1.0,0.5927887932501538
2.50999115296034,1.277153747795643,0.0,1.0,0.5767352324854523
2.5142928279242898,1.2542277199234773,0.0,1.0,0.5606473716555972
2.518790121328303,1.2315186963482492,0.0,1.0,0.5445591526652848
2.52349047840501,1.2090360872379515,0.0,1.0,0.5285016022108804
2.5284002292120182,1.186788902057302,0.0,1.0,0.5125021127319296
2.5335246079310396,1.164785756556134,0.0,1.0,0.4965839069490816
2.5388677830505335,1.143034883631671,0.0,1.0,0.4807657645236318
2.544432904263679,1.1215441501786083,0.0,1.0,0.4653873479335551
2.550222159419142,1.1003210775479295,0.0,1.0,0.45079700153311
2.5562368713009955,1.079372876315389,0.0,1.0,0.43699446822046
2.5624776052315066,1.0587064849378938,0.0,1.0,0.4239799048182534
2.568944268313594,1.038328605406431,0.0,1.0,0.41175473743398877
2.57563620655032,1.018245738136355,0.0,1.0,0.40032243419019387
2.5825523008877016,0.9984642164708395,0.0,1.0,0.3896895343647332
2.58969106591954,0.9789902421406886,0.0,1.0,0.3798666156437231
2.597050727532486,0.9598299131583945,0.0,1.0,0.3708686942446457
2.6046292884002735,0.9409892473470033,0.0,1.0,0.36271536536581545
2.612424582549912,0.9224742019430697,0.0,1.0,0.35543103954568644
2.6204343226298796,0.9042906905777965,0.0,1.0,0.34904516793721013
2.6286561354804916,0.8864445960557292,0.0,1.0,0.3430841513150337
2.637087587476062,0.8689417794589406,0.0,1.0,0.33753269504725203
2.645726203589138,0.8517880869958843,0.0,1.0,0.3323962262546828
2.654569481383782,0.8349893550284908,0.0,1.0,0.3276822088934947
2.663614901064492,0.818551413682247,0.0,1.0,0.3234001951531424
2.6728599317291644,0.8024800890925876,0.0,1.0,0.31974311650622184
2.6823020355513916,0.7867812049073821,0.0,1.0,0.316848191239851
2.6919386705269917,0.7714605832736321,0.0,1.0,0.31471258739558056
2.70176729224039,0.7565240454720417,0.0,1.0,0.3133369050661203
2.7117853548995625,0.7419774122888255,0.0,1.0,0.31272501769336364
2.721990311918898,0.7278265042251042,0.0,1.0,0.3128838697805884
2.7323796162939953,0.7140771416315422,0.0,1.0,0.31382324023747954
2.7429507209047737,0.7007351448172514,0.0,1.0,0.31555547246204424
2.753701078628874,0.6878063340905217,0.0,1.0,0.3180951663388615
2.764628142349512,0.6752965297616456,0.0,1.0,0.3212568694658243
2.7757293649467587,0.6632115521397882,0.0,1.0,0.325036578723794
2.787002199301695,0.6515572215344744,0.0,1.0,0.32946683041889596
2.7984440982952483,0.6403393582551861,0.0,1.0,0.33457967570310465
2.8100525148082958,0.6295637826113457,0.0,1.0,0.340406218686048
2.8218249017217736,0.6192363149124791,0.0,1.0,0.34697608120536705
2.8337587119165883,0.6093627754680617,0.0,1.0,0.35431679313380254
2.8458513982735543,0.5999489845870919,0.0,1.0,0.36245311026608
2.858100413674002,0.5910007625809757,0.0,1.0,0.3714062656517464
2.8705032109976507,0.5825239297536831,0.0,1.0,0.38119316404013204
2.883057243095723,0.5745243062778836,0.0,1.0,0.39182553455739594
2.8957599627339357,0.5670077119322294,0.0,1.0,0.4033090656764518
2.9086088225193767,0.5599799657644486,0.0,1.0,0.41564255244108855
2.9216012747758264,0.5534468855168311,0.0,1.0,0.42881708856321793
2.9347347713385816,0.547414286680754,0.0,1.0,0.4428153424596711
2.9480067632305182,0.5418879810041087,0.0,1.0,0.4576109584843469
2.961414700111525,0.5368737739542715,0.0,1.0,0.4731681237524877
2.9749560294160693,0.5323774607441684,0.0,1.0,0.48944134483173035
2.9886281950902034,0.52840482051255,0.0,1.0,0.5063754739102585
3.0024286357813823,0.5249616079828747,0.0,1.0,0.5239060048480843
3.0163547822047763,0.5220535413276078,0.0,1.0,0.541959631946953
3.0304040531933247,0.5196862839673754,0.0,1.0,0.5604550881185715
3.044573850661369,0.5178654213639848,0.0,1.0,0.5793042898462196
3.0588615530968717,0.516596431033399,0.0,1.0,0.5984137459129631
3.07326450735393,0.5158846447266227,0.0,1.0,0.6176861157602516
3.0877800174618306,0.5157351968632526,0.0,1.0,0.6370218877622501
3.1024053315194613,0.5161529641425076,0.0,1.0,0.6563212860373567
3.1171376274562883,0.517142499931575,0.0,1.0,0.6754863231339101
3.1319739969786435,0.5187079602921307,0.0,1.0,0.6944227411591282
3.146911427204403,0.5208530193551596,0.0,1.0,0.7130417103023441
3.161946779596544,0.5235807722494055,0.0,1.0,0.731261547347844
3.177076772712613,0.5268936556130639,0.0,1.0,0.7490094952412168
3.192297965616941,0.5307933711593059,0.0,1.0,0.7662230479998414
3.207606742612138,0.5352808153209163,0.0,1.0,0.7828506264802282
3.222999297662914,0.5403560074771409,0.0,1.0,0.7988519698816399
3.2384716260220023,0.54601805136704,0.0,1.0,0.8141985050163318
3.2540195228443096,0.5522651287036059,0.0,1.0,0.8288732390834319
3.269638584030871,0.5590945030626255,0.0,1.0,0.8428699198917593
3.285324210148927,0.5665025379459252,0.0,1.0,0.8561918695378934
3.3010716139614105,0.574484731476302,0.0,1.0,0.8688509023375272
3.3168758373433493,0.583035794346203,0.0,1.0,0.8808661877558631
3.3327317679624326,0.5921497266797243,0.0,1.0,0.8922627574071984
3.3486341565658493,0.6018198976882388,0.0,1.0,0.9030699484766215
3.3645776342694815,0.6120391253368452,0.0,1.0,0.9133201121533353
3.3805567323371655,0.6227997674847444,0.0,1.0,0.9230475436999183
3.396565901089588,0.6340938090151442,0.0,1.0,0.9322874684038769
3.4125995254694326,0.6459129335574734,0.0,1.0,0.9410751225301153
3.4286519387778736,0.658248586783457,0.0,1.0,0.9494450719946615
3.4447174346438163,0.6710920315599521,0.0,1.0,0.9574307497857848
3.460790277745077,0.6844343973507448,0.0,1.0,0.9650641224817382
3.476864711583305,0.6982667160424703,0.0,1.0,0.9723754460406601
3.4929349644567305,0.7125799494662879,0.0,1.0,0.9789441977786137
3.5089952540344997,0.7273650104758577,0.0,1.0,0.9844910819506552
3.525039790885993,0.7426127792099929,0.0,1.0,0.9890868055220237
3.5410627809337965,0.7583141143956431,0.0,1.0,0.9927966554361143
3.5570584270559045,0.774459860730667,0.0,1.0,0.9956807572813372
3.5730209301990534,0.791040854013933,0.0,1.0,0.9977943950226129
3.588944490125432,0.8080479245860438,0.0,1.0,0.9991883565892914
3.6048233059018635,0.825471899583445,0.0,1.0,0.9999092814150916
3.6206515761822464,0.8433036042398916,0.0,1.0,1.0
3.6364234993813054,0.8615338626870379,0.0,1.0,1.0
3.652133273780195,0.8801534984410804,0.0,1.0,1.0
3.667775097591684,0.8991533347030843,0.0,1.0,1.0
3.6833431690126597,0.918524194600946,0.0,1.0,1.0
3.6988316862408994,0.9382569012666527,0.0,1.0,1.0
3.714234847473787,0.9583422778303999,0.0,1.0,1.0
3.729546850908809,0.9787711474228438,0.0,1.0,1.0
3.744761894743455,0.9995343331746223,0.0,1.0,1.0
3.7598741771751727,1.0206226582162958,0.0,1.0,1.0
3.774877896401469,1.0420269456785076,0.0,1.0,1.0
3.7897672506198887,1.063738018691932,0.0,1.0,1.0
3.8045364380273834,1.0857467003866497,0.0,1.0,1.0
3.8191796568231453,1.1080438138949829,0.0,1.0,1.0
3.833691105201392,1.1306201823442754,0.0,1.0,1.0
3.8480649813656744,1.1534666288712154,0.0,1.0,1.0
3.8622954836078134,1.1765739767008498,0.0,1.0,1.0
3.876376810459454,1.1999330492982991,0.0,1.0,1.0
3.8903031608899155,1.2235346705668075,0.0,1.0,1.0
3.9040687346298686,1.2473696651717598,0.0,1.0,1.0
3.9176677327143694,1.271428859084269,0.0,1.0,1.0
3.9310943584312823,1.2957030805305843,0.0,1.0,1.0
3.9443428187897958,1.3201831614621196,0.0,1.0,1.0
3.957407326745708,1.344859939783037,0.0,1.0,1.0
3.970282104452208,1.3697242626043824,0.0,1.0,1.0
3.9829613883456214,1.3947669913350833,0.0,1.0,1.0
3.9954394365020667,1.4199790090461935,0.0,1.0,1.0
4.00771053838724,1.445351230230753,0.0,1.0,1.0
4.019769027767877,1.4708746137285655,0.0,1.0,1.0
4.031609299907022,1.496540179939219,0.0,1.0,1.0
4.043225835492113,1.522339034774878,0.0,1.0,1.0
4.054613227839311,1.5482623968926892,0.0,1.0,1.0
4.065766214868248,1.5743016297025283,0.0,1.0,1.0
4.076679715987028,1.6004482782900906,0.0,1.0,1.0
4.087348878008148,1.6266941153801941,0.0,1.0,1.0
4.097769123361768,1.6530311895998155,0.0,1.0,1.0
4.1079361945138695,1.6794518699421113,0.0,1.0,1.0
4.11784619931956,1.7059488911665321,0.0,1.0,1.0
4.127495656578343,1.732515399401107,0.0,1.0,1.0
4.136881542774363,1.7591449989309473,0.0,1.0,1.0
4.146001316529748,1.7858317766768281,0.0,1.0,1.0
4.154852935535233,1.8125703191432838,0.0,1.0,1.0
4.163434865576962,1.8393557214547258,0.0,1.0,1.0
4.171746084611704,1.8661835914348799,0.0,1.0,1.0
4.179786066844681,1.8930500336681586,0.0,1.0,1.0
4.187554749017188,1.919951615752493,0.0,1.0,1.0
4.195052495875612,1.946885333732717,0.0,1.0,1.0
4.202280061169894,1.9738485730587494,0.0,1.0,1.0
4.20923854523209,2.0008390661203803,0.0,1.0,1.0
4.215929340614487,2.0278548378292705,0.0,1.0,1.0
4.222354084473434,2.0548941579536324,0.0,1.0,1.0
4.228514615721457,2.0819554982261117,0.0,1.0,1.0
4.2344129364113625,2.1090374936880365,0.0,1.0,1.0
4.240051174970132,2.1361389058853555,0.0,1.0,1.0
4.245431554649021,2.163258591286171,0.0,1.0,1.0
4.250556369890945,2.1903954776237313,0.0,1.0,1.0
4.25542796726363,2.2175485448099055,0.0,1.0,1.0
4.260048730426879,2.24471680988692,0.0,1.0,1.0
4.2644210681315515,2.2718993150139632,0.0,1.0,1.0
4.268547406153434,2.299095119392723,0.0,1.0,1.0
4.272430181622095,2.3263032935903833,0.0,1.0,1.0
4.276071839011525,2.3535229155261406,0.0,1.0,1.0
4.279474827348193,2.3807530676763604,0.0,1.0,1.0
4.282641598416438,2.407992835278131,0.0,1.0,1.0
4.285574605681113,2.43524130525079,0.0,1.0,1.0
4.288276303594507,2.462497565502123,0.0,1.0,1.0
4.290749147168707,2.4897607045002994,0.0,1.0,1.0
4.2929955917264575,2.517029811024458,0.0,1.0,1.0
4.29501809273651,2.544303973999904,0.0,1.0,1.0
4.2968191057087255,2.5715822823930945,0.0,1.0,1.0
4.298401086144481,2.5988638251619873,0.0,1.0,1.0
4.299766489546826,2.626147691266217,0.0,1.0,1.0
4.300917771419054,2.653432969665662,0.0,1.0,1.0
4.301857387264102,2.6807187493198508,0.0,1.0,1.0
4.30258779258507,2.708004119188467,0.0,1.0,1.0
4.303111442885042,2.735288168231161,0.0,1.0,1.0
4.303430793666985,2.7625699854075583,0.0,1.0,1.0
4.303548300434204,2.7898486596773737,0.0,1.0,1.0
4.303466418689447,2.8171232800001667,0.0,1.0,1.0
4.303187603935266,2.8443929353354402,0.0,1.0,1.0
4.302714311668231,2.871656714640966,0.0,1.0,1.0
4.302048997231136,2.898913706830087,0.0,1.0,1.0
4.3011941156294355,2.9261630007186676,0.0,1.0,1.0
4.300152121264668,2.953403684948082,0.0,1.0,1.0
4.298925467467907,2.980634847850395,0.0,1.0,1.0
4.2975166056913015,3.0078555772147717,0.0,1.0,0.9999961131305294
4.295927984229948,3.035064959918171,0.0,1.0,0.9999765501041932
4.294162046250031,3.06226208135558,0.0,1.0,0.9999456333908073
4.292221226780464,3.0894460245707793,0.0,1.0,0.999908120549629
4.290107947816227,3.1166158688414805,0.0,1.0,0.9998692910278137
4.287824611414586,3.143770687684526,0.0,1.0,0.9998350125971964
4.285373590110348,3.170909546086443,0.0,1.0,0.9998118139078842
4.282757213983717,3.1980314967667787,0.0,1.0,0.9998069400630948
4.279977752087026,3.2251355748114916,0.0,1.0,0.9998040000640556
4.2770373876663355,3.25222079051338,0.0,1.0,0.999801015293457
4.27393818879595,3.2792861208871367,0.0,1.0,0.9997979850694997
4.270682072569076,3.306330499322478,0.0,1.0,0.9997949086999998
4.267270761643767,3.3333528030283683,0.0,1.0,0.9997917854822331
4.2637057283602005,3.3603518368861,0.0,1.0,0.9997886147027748
4.25998813929236,3.387326317427855,0.0,1.0,0.9997853956373347
4.2561187971232135,3.414274856041942,0.0,1.0,0.9997821275505936
4.252098080045879,3.4411959414631457,0.0,1.0,0.9997788096960342
4.24792587391508,3.46808792016834,0.0,1.0,0.9997754413157708
4.243601510774288,3.4949489786144805,0.0,1.0,0.9997720216403764
4.239123727527609,3.5217771312964556,0.0,1.0,0.9997685498887071
4.234490629858989,3.548570210323316,0.0,1.0,0.999765025267723
4.229699664918029,3.5753258575218783,0.0,1.0,0.9997614469723073
4.224747600451557,3.6020415183837167,0.0,1.0,0.9997578141850836
4.219630540982257,3.628714446705871,0.0,1.0,0.9997541260762269
4.214343954762146,3.6553417123297836,0.0,1.0,0.9997503818032762
4.208882708399111,3.6819202110666844,0.0,1.0,0.9997465805109402
4.2032411076565515,3.708446676350686,0.0,1.0,0.9997427213309039
4.19741295490264,3.734917695605258,0.0,1.0,0.9997388033816281
4.191391619749833,3.761329730296903,0.0,1.0,0.9997348257681504
4.185170102027024,3.787679133592211,0.0,1.0,0.9997307875818787
4.1787410933692355,3.813962167366516,0.0,1.0,0.9997266879003845
4.172097036776346,3.8401750181681815,0.0,1.0,0.9997225257871921
4.165230189538561,3.866313813659389,0.0,1.0,0.9997183002915657
4.158132676899387,3.8923746358031854,0.0,1.0,0.9997140104482902
4.150796539549681,3.9183535315387195,0.0,1.0,0.9997096552774519
4.143213778443343,3.9442465215941493,0.0,1.0,0.9997052337842152
4.135376399624724,3.9700496078561387,0.0,1.0,0.9997007449585942
4.127276455882431,3.995758779125877,0.0,1.0,0.9996961877752224
4.118906086081924,4.021370015072581,0.0,1.0,0.9996915611931192
4.110257554945618,4.046879289165926,0.0,1.0,0.9996868641554509
4.101323297559845,4.072282570791128,0.0,1.0,0.9996820955892901
4.09209596126386,4.0975758267708,0.0,1.0,0.9996772544053709
4.08256844380918,4.122755022315449,0.0,1.0,0.9996723394978386
4.072733930654387,4.147816121636387,0.0,1.0,0.9996673497439983
4.0625859326099505,4.172755088346853,0.0,1.0,0.9996622840040592
4.052118320912299,4.1975678857171745,0.0,1.0,0.9996571411208725
4.041325344612556,4.222250476820878,0.0,1.0,0.9996519199196674
4.030201643339649,4.246798824635597,0.0,1.0,0.9996466192077843
4.018742253494645,4.271208892148286,0.0,1.0,0.9996412377744002
4.006942610742319,4.295476642489604,0.0,1.0,0.9996357743902542
3.9947985334788756,4.319598039061101,0.0,1.0,0.9996302278073644
3.98230619693801,4.343569045741663,0.0,1.0,0.9996245967587457
3.9694621061479216,4.367385627221645,0.0,1.0,0.9996188799581174
3.956263066316109,4.39104374953772,0.0,1.0,0.9996130760996117
3.9427061496728455,4.414539380984292,0.0,1.0,0.9996071838574737
3.92878865551715,4.4378684934749675,0.0,1.0,0.9996012018857601
3.914508077805557,4.461027064536484,0.0,1.0,0.9995951288180306
3.8998620773476698,4.48401108013169,0.0,1.0,0.9995889632670361
3.884848460015135,4.506816538922385,0.0,1.0,0.999582703824402
3.8694651591206397,4.529439458262666,0.0,1.0,0.9995763490603067
3.853710225985789,4.551875881805013,0.0,1.0,0.9995795230858356
3.8375818299545714,4.574121889257544,0.0,1.0,0.9996214197799106
3.821078266868063,4.596173608893369,0.0,1.0,0.9996913333496596
3.8041979784993045,4.618027234466016,0.0,1.0,0.9997774805106028
3.7869395770050596,4.639679043529098,0.0,1.0,0.9998667855359412
3.7693018765169373,4.6611254180518715,0.0,1.0,0.9999447157301258
3.7512839305521237,4.682362867315104,0.0,1.0,0.999995101754559
3.7328850787515138,4.703388055258614,0.0,1.0,1.0
3.714104994750703,4.724197827963108,0.0,1.0,1.0
3.694943726626188,4.744789236621941,0.0,1.0,1.0
3.675401736709195,4.765159559892437,0.0,1.0,1.0
3.6554799388593127,4.785306324694962,0.0,1.0,1.0
3.635179734671832,4.805227326319459,0.0,1.0,1.0
3.6145030243506375,4.824920634508798,0.0,1.0,1.0
3.5934522087930865,4.844384594674324,0.0,1.0,1.0
3.5720301839840003,4.863617824850185,0.0,1.0,1.0
3.5502403298350815,4.88261920956088,0.0,1.0,1.0
3.5280864818798316,4.901387884231268,0.0,1.0,1.0
3.5055728874341314,4.919923211045494,0.0,1.0,1.0
3.4827041639311744,4.938224756003177,0.0,1.0,1.0
3.4594852552949305,4.956292264895084,0.0,1.0,1.0
3.435921387761327,4.974125638974917,0.0,1.0,1.0
3.4120180186635625,4.991724906756428,0.0,1.0,1.0
3.3877807930094157,5.009090200101755,0.0,1.0,1.0
3.3632155061839195,5.026221733682212,0.0,1.0,1.0
3.338328071504973,5.043119787111852,0.0,1.0,1.0
3.3131244910532147,5.059784688893455,0.0,1.0,1.0
3.287610831477482,5.076216803159879,0.0,1.0,1.0
3.2617932065205064,5.092416520130743,0.0,1.0,1.0
3.2356777633942535,5.108384248724921,0.0,1.0,1.0
3.2092706724228903,5.124120411068163,0.0,1.0,1.0
3.18257811910932,5.139625438478408,0.0,1.0,1.0
3.15560629894727,5.154899769167938,0.0,1.0,1.0
3.1283614139042104,5.16994384716123,0.0,1.0,1.0
3.1008496700094086,5.184758122291479,0.0,1.0,1.0
3.073077275737844,5.199343051432104,0.0,1.0,1.0
3.0450504410010524,5.213699100889198,0.0,1.0,1.0
3.0167753765601217,5.227826750165836,0.0,1.0,1.0
2.988258293661874,5.241726497272582,0.0,1.0,1.0
2.9595054038230897,5.255398866632044,0.0,1.0,1.0
2.930522918672229,5.268844419264142,0.0,1.0,1.0
2.901317049858967,5.282063765020701,0.0,1.0,1.0
2.871894009026026,5.295057577450265,0.0,1.0,1.0
2.8422600078186226,5.307826612184909,0.0,1.0,1.0
2.812421257881488,5.32037172985559,0.0,1.0,1.0
2.782383970859295,5.3326939183451945,0.0,1.0,1.0
2.752154358396823,5.344794316497193,0.0,1.0,1.0
2.721738632138804,5.356674238727914,0.0,1.0,1.0
2.69114300372992,5.368335202979593,0.0,1.0,1.0
2.660373684815157,5.379778953534251,0.0,1.0,1.0
2.629436887038581,5.391007477255399,0.0,1.0,1.0
2.5983388220458687,5.402023017426658,0.0,1.0,1.0
2.5670857014686437,5.412828084517417,0.0,1.0,1.0
2.535683736840987,5.42342546253581,0.0,1.0,1.0
2.50413913949763,5.43381820045011,0.0,1.0,1.0
2.4724581204147347,5.444009600961057,0.0,1.0,1.0
2.440646889951374,5.454003205613439,0.0,1.0,1.0
2.408711657403478,5.463802777531192,0.0,1.0,1.0
2.3766586302550063,5.473412275620085,0.0,1.0,1.0
2.3444940130368277,5.482835825658271,0.0,1.0,1.0
2.312224005619237,5.492077693521182,0.0,1.0,1.0
2.279854800695651,5.501142258281066,0.0,1.0,1.0
2.2473925798051892,5.510033984358055,0.0,1.0,1.0
2.2148435079228577,5.518757391509544,0.0,1.0,1.0
2.18221372622288,5.527317027291638,0.0,1.0,1.0
2.1495093426218372,5.535717439520262,0.0,1.0,1.0
2.1167364186910147,5.543963146291819,0.0,1.0,1.0
2.0839009526909105,5.552058602473031,0.0,1.0,1.0
2.051008860460295,5.560008165714258,0.0,1.0,1.0
2.0180659528948466,5.567816060004749,0.0,1.0,1.0
1.9850779097101563,5.575486335422694,0.0,1.0,1.0
1.952050246758979,5.583022820025018,0.0,1.0,1.0
1.918988285536432,5.590429075580243,0.0,1.0,1.0
1.8858971231125898,5.597708354654601,0.0,1.0,1.0
1.8527816022232053,5.604863558334953,0.0,1.0,1.0
1.81964627957824,5.611897191759269,0.0,1.0,1.0
1.786495399268612,5.6188113269072915,0.0,1.0,1.0
1.7533328795759067,5.6256075841182955,0.0,1.0,1.0
1.7201623031752609,5.632287118395506,0.0,1.0,1.0
1.6869869128627861,5.638850613406283,0.0,1.0,1.0
1.6538096111650777,5.645298280881016,0.0,1.0,1.0
1.62063297797458,5.651629885070272,0.0,1.0,1.0
1.587459292836188,5.657844773655546,0.0,1.0,1.0
1.5542905592643532,5.6639419114756855,0.0,1.0,1.0
1.5211285309975409,5.669919916940871,0.0,1.0,1.0
1.4879747435451942,5.675777105786879,0.0,1.0,1.0
1.454830549872954,5.681511540568968,0.0,1.0,1.0
1.421697150503666,5.687121072410724,0.0,1.0,1.0
1.3885756212142288,5.692603379418378,0.0,1.0,1.0
1.3554669379094446,5.697956001179799,0.0,1.0,1.0
1.3223720006729147,5.703176372122084,0.0,1.0,1.0
1.2892916525170113,5.708261847516933,0.0,1.0,1.0
1.256226693958156,5.713209723695977,0.0,1.0,1.0
1.2231778946651324,5.718017254206472,0.0,1.0,1.0
1.1901460027641904,5.722681662717114,0.0,1.0,1.0
1.1571317518768343,5.727200152779117,0.0,1.0,1.0
1.1241358657913765,5.731569914305466,0.0,1.0,1.0
1.091159061815187,5.735788128220374,0.0,1.0,1.0
1.0582020531129903,5.73985196970236,0.0,1.0,1.0
1.0252655503256138,5.743758610429424,0.0,1.0,1.0
0.992350262554083,5.747505219943924,0.0,1.0,1.0
0.9594568979720035,5.751088966501905,0.0,1.0,1.0
0.9265861642145196,5.754507017612601,0.0,1.0,1.0
0.8937387686166344,5.7577565403689785,0.0,1.0,1.0
0.8609154183477533,5.760834701634313,0.0,1.0,1.0
0.8281168205101153,5.76373866817872,0.0,1.0,1.0
0.7953436821987131,5.76646560676226,0.0,1.0,1.0
0.7625967105101739,5.76901268414728,0.0,1.0,1.0
0.7298766125409516,5.771377067095874,0.0,1.0,1.0
0.6971840953873912,5.773555922369985,0.0,1.0,1.0
0.6645198661459116,5.7755464167316575,0.0,1.0,1.0
0.6318846319129054,5.777345716942908,0.0,1.0,1.0
0.5992790997848123,5.778950989765803,0.0,1.0,1.0
0.5667039768578829,5.780359401962183,0.0,1.0,1.0
0.5341599702288405,5.78156812029446,0.0,1.0,1.0
0.5016477869938761,5.7825743115243915,0.0,1.0,1.0
0.46916813424804465,5.783375142412415,0.0,1.0,1.0
0.43672171910488045,5.7839677797409035,0.0,1.0,1.0
0.4043092487620181,5.78434939039213,0.0,1.0,1.0
0.3719314305853545,5.7845171414482595,0.0,1.0,1.0
0.33958897223277273,5.784468200338305,0.0,1.0,1.0
0.307282581885244,5.7841997351126695,0.0,1.0,1.0
0.2750129686246816,5.7837089148919905,0.0,1.0,1.0
0.242780843029649,5.782992910574803,0.0,1.0,1.0
0.2105869180787133,5.78204889591066,0.0,1.0,1.0
0.17843191057740165,5.780874049195186,0.0,1.0,1.0
0.14631654338524874,5.7794655559156825,0.0,1.0,1.0
0.1142415484906677,5.7778206124037705,0.0,1.0,1.0
0.08220767125590957,5.775936430878062,0.0,1.0,1.0
0.05021567616850294,5.773810246276399,0.0,1.0,1.0
0.018266355248136818,5.771439326242477,0.0,1.0,1.0
-0.01363946158477536,5.768820983442847,0.0,1.0,1.0
-0.0455008939682014,5.76595259046445,0.0,1.0,1.0
-0.07731699601625346,5.762831597731024,0.0,1.0,1.0
-0.10908673729327426,5.759455556104276,0.0,1.0,1.0
-0.14080898017811058,5.7558221437732024,0.0,1.0,1.0
-0.17248245791659736,5.751929192325914,0.0,1.0,1.0
-0.2041057511024315,5.747774714688345,0.0,1.0,1.0
-0.23567726317041351,5.7433569342362025,0.0,1.0,1.0
-0.26719519264411556,5.738674317762407,0.0,1.0,1.0
-0.29865751266245305,5.73372559979778,0.0,1.0,1.0
-0.33006195527167714,5.728509801270841,0.0,1.0,1.0
-0.3614059985740309,5.723026244774101,0.0,1.0,1.0
-0.39268685622912075,5.717274567035564,0.0,1.0,1.0
-0.4239014737015409,5.711254723376212,0.0,1.0,1.0
-0.4550465377570001,5.704966976429418,0.0,1.0,1.0
-0.48611848768652427,5.698411882807554,0.0,1.0,1.0
-0.5171135301563086,5.691590275461607,0.0,1.0,1.0
-0.5480276562283891,5.68450324346206,0.0,1.0,1.0
-0.5788566673370139,5.677152101141182,0.0,1.0,1.0
-0.6095962013714513,5.6695383571088325,0.0,1.0,1.0
-0.6402417565284279,5.661663685917795,0.0,1.0,1.0
-0.6707887139651054,5.653529901153954,0.0,1.0,1.0
-0.701232359968658,5.645138929100721,0.0,1.0,0.999988118610643
-0.7315679073707129,5.636492783300483,0.0,1.0,0.9999478046792967
-0.7617905120161362,5.627593544991067,0.0,1.0,0.999886702179548
-0.7918952864784532,5.618443346813003,0.0,1.0,0.9998122519799012
-0.8218773112661839,5.6090443594973305,0.0,1.0,0.9997315774850538
-0.8517316443028817,5.599398780604123,0.0,1.0,0.9996514394507032
-0.8814533277622686,5.589508826402925,0.0,1.0,0.9995782531144451
-0.911037392917262,5.5793767261125,0.0,1.0,0.9995181026160898
-0.9404788637156214,5.569004717653285,0.0,1.0,0.9994767469806211
-0.9697727593603717,5.5583950445820705,0.0,1.0,0.9994596421677007
-0.9989140960969677,5.547549953968984,0.0,1.0,0.9994514133682239
-1.0278978883075567,5.536471695097602,0.0,1.0,0.9994430592570799
-1.0567191492350376,5.525162518604827,0.0,1.0,0.9994345779259698
-1.0853728914484368,5.513624675928079,0.0,1.0,0.9994259674375324
-1.1138541271362983,5.501860418956751,0.0,1.0,0.9994172258249062
-1.1421578682703795,5.489871999837756,0.0,1.0,0.9994083510912753
-1.1702791267048942,5.477661670857647,0.0,1.0,0.9993993412094168
-1.1982129142454354,5.465231684360732,0.0,1.0,0.9993901941212352
-1.2259542426985903,5.4525842926901325,0.0,1.0,0.9993809077372945
-1.253498123871058,5.439721748188846,0.0,1.0,0.9993714799363397
-1.2808395695689778,5.426646303200523,0.0,1.0,0.9993619085648118
-1.3079735915987871,5.413360210068473,0.0,1.0,0.9993521914363572
-1.334895201766836,5.399865721136114,0.0,1.0,0.999342326331327
-1.3615994118794401,5.3861650887468375,0.0,1.0,0.9993323109962711
-1.388081233743087,5.372260565244043,0.0,1.0,0.9993221431434226
-1.414335679163927,5.358154402971128,0.0,1.0,0.999311820450175
-1.44035775994821,5.343848854271486,0.0,1.0,0.9993013405585534
-1.466142487904371,5.329346171488517,0.0,1.0,0.9992907010746735
-1.4916848748318392,5.31464860696562,0.0,1.0,0.9992798995681965
-1.516979932592889,5.29975841304619,0.0,1.0,0.9992689335717732
-1.5420226732395899,5.284677842073618,0.0,1.0,0.9992578005804804
-1.5668081092016735,5.269409146391308,0.0,1.0,0.9992464980512489
-1.591331253591069,5.25395457834266,0.0,1.0,0.9992350234022831
-1.6155871207134995,5.238316390271065,0.0,1.0,0.9992233740124702
-1.6395707268927693,5.222496834519926,0.0,1.0,0.9992115472207821
-1.6632770917534125,5.206498163432627,0.0,1.0,0.9991995403256672
-1.6867012403798016,5.190322629352578,0.0,1.0,0.9991873505844336
-1.7098382065777993,5.1739724846231745,0.0,1.0,0.9991749752126228
-1.7326830375656819,5.157449981587809,0.0,1.0,0.9991624113833734
-1.7552308005573016,5.140757372589881,0.0,1.0,0.9991496562267749
-1.7774765923001734,5.123896909972786,0.0,1.0,0.9991367068292131
-1.799415552895541,5.106870846079924,0.0,1.0,0.9991235602327037
-1.8210428829400234,5.0896814332546905,0.0,1.0,0.9991102134342171
-1.8423538652720206,5.07233092384048,0.0,1.0,0.9990966633849921
-1.8633438919871348,5.0548215701806924,0.0,1.0,0.9990829069898395
-1.88400850079539,5.037155624618722,0.0,1.0,0.999068941106436
-1.904343415324865,5.0193353394979745,0.0,1.0,0.9990547625446051
-1.9243445883246613,5.001362967161836,0.0,1.0,0.999040368065589
-1.9440082491875346,4.983240759953707,0.0,1.0,0.9990257543813087
-1.963330957958988,4.964970970216988,0.0,1.0,0.9990109181536129
-1.982309663601891,4.946555850295072,0.0,1.0,0.9989958559935156
-2.0009417487630294,4.927997652531358,0.0,1.0,0.9989805644604219
-2.0192250719616287,4.909298629269244,0.0,1.0,0.9989650400613419
-2.0371580045954203,4.8904610328521265,0.0,1.0,0.9989492792500935
-2.054739467185848,4.8714871156234,0.0,1.0,0.9989332784264907
-2.071968940590339,4.852379129926463,0.0,1.0,0.9989170339355237
-2.088846460753812,4.833139328104713,0.0,1.0,0.9989005420665215
-2.105372607030527,4.81376996250155,0.0,1.0,0.9988837990523061
-2.121548482911381,4.794273285460367,0.0,1.0,0.9988668010683309
-2.137375684994283,4.7746515493245605,0.0,1.0,0.998849544231808
-2.152856250198314,4.754907006437525,0.0,1.0,0.9988614480375643
-2.1679926065380295,4.735041909142666,0.0,1.0,0.998943496265292
-2.1827875233339196,4.715058509783377,0.0,1.0,0.9990767550816377
-2.1972440626855656,4.694959060703054,0.0,1.0,0.9992427935670296
-2.211365525627565,4.674745814245096,0.0,1.0,0.9994239669161827
-2.2251554040410038,4.654421022752893,0.0,1.0,0.9996035283351394
-2.2386173413269477,4.633986938569851,0.0,1.0,0.9997655866168174
-2.2517550984593337,4.6134458140393635,0.0,1.0,0.9998950704291116
-2.2645725247935338,4.5927999015048275,0.0,1.0,0.9999777134975081
-2.277073533046067,4.572051453309641,0.0,1.0,1.0
-2.2892620815873457,4.551202721797195,0.0,1.0,1.0
-2.30114216096334,4.530255959310897,0.0,1.0,1.0
-2.312717783783296,4.509213418194138,0.0,1.0,1.0
-2.3239929770775,4.488077350790314,0.0,1.0,1.0
-2.3349717771899368,4.466850009442824,0.0,1.0,1.0
-2.3456582264577657,4.445533646495064,0.0,1.0,1.0
-2.3560563709470537,4.424130514290429,0.0,1.0,1.0
-2.3661702589628937,4.402642865172348,0.0,1.0,1.0
-2.3760039401030237,4.381072951484093,0.0,1.0,1.0
-2.3855614647216776,4.359423025569342,0.0,1.0,1.0
-2.394846883602122,4.337695339771182,0.0,1.0,1.0
-2.4038642477412098,4.315892146425415,0.0,1.0,1.0
-2.4126176081248767,4.2940156978393205,0.0,1.0,1.0
-2.421111015598132,4.272068246267239,0.0,1.0,1.0
-2.429348520742158,4.250052043870214,0.0,1.0,1.0
-2.437334173695322,4.22796934264953,0.0,1.0,1.0
-2.445072023825859,4.205822394329852,0.0,1.0,1.0
-2.45256611921423,4.183613450173033,0.0,1.0,1.0
-2.459820505865485,4.161344760695046,0.0,1.0,1.0
-2.4668392265502144,4.139018575249461,0.0,1.0,1.0
-2.473626319038894,4.116637141392902,0.0,1.0,1.0
-2.480185813418654,4.094202703920727,0.0,1.0,1.0
-2.48652172853812,4.071717503589375,0.0,1.0,1.0
-2.4926380672576967,4.049183775409399,0.0,1.0,1.0
-2.498538810235024,4.026603746412073,0.0,1.0,1.0
-2.5042279071311553,4.003979632489051,0.0,1.0,1.0
-2.5097092661619183,3.9813136346372935,0.0,1.0,1.0
-2.5149867420340337,3.9586079346235405,0.0,1.0,1.0
-2.52006412191985,3.9358646899438656,0.0,1.0,1.0
-2.5249451084905643,3.9130860277261212,0.0,1.0,1.0
-2.5296333003515943,3.8902740376987697,0.0,1.0,1.0
-2.534132174491339,3.8674307658832463,0.0,1.0,1.0
-2.5384450682999766,3.8445582081318563,0.0,1.0,1.0
-2.5425751618557353,3.821658303761773,0.0,1.0,1.0
-2.546525458759471,3.7987329286673126,0.0,1.0,1.0
-2.5502987740452356,3.7757838909752195,0.0,1.0,1.0
-2.5538977271028642,3.752812928501151,0.0,1.0,1.0
-2.557324737124575,3.729821707113282,0.0,1.0,1.0
-2.5605820211088157,3.7068118200149183,0.0,1.0,1.0
-2.563671596845035,3.6837847888171624,0.0,1.0,1.0
-2.5665952957421903,3.6607420681492693,0.0,1.0,1.0
-2.569354776089182,3.6376850504241918,0.0,1.0,1.0
-2.5719515381627347,3.6146150712681044,0.0,1.0,1.0
-2.5743869401832447,3.591533415254644,0.0,1.0,1.0
-2.5766622189939277,3.5684413233366277,0.0,1.0,1.0
-2.578778509924379,3.5453399999846775,0.0,1.0,1.0
-2.5807368640636814,3.522230619394858,0.0,1.0,1.0
-2.5825382640349677,3.4991143311577813,0.0,1.0,1.0
-2.5841836385542485,3.4759922654907913,0.0,1.0,1.0
-2.585673875857479,3.452865538063411,0.0,1.0,1.0
-2.587009833685994,3.429735253585946,0.0,1.0,1.0
-2.5881923472960544,3.406602508687958,0.0,1.0,1.0
-2.58922223578122,3.3834683941904107,0.0,1.0,1.0
-2.5901003071762467,3.360333996939941,0.0,1.0,1.0
-2.590827362038832,3.3372004010960556,0.0,1.0,1.0
-2.5914041958977894,3.314068689010976,0.0,1.0,1.0
-2.591831601003426,3.290939941858683,0.0,1.0,1.0
-2.592110367543747,3.2678152400719975,0.0,1.0,1.0
-2.59224128446013,3.244695663635731,0.0,1.0,1.0
-2.5922251399311422,3.2215822922605493,0.0,1.0,1.0
-2.592062721682503,3.1984762054943827,0.0,1.0,1.0
-2.5917548171802283,3.1753784827918157,0.0,1.0,1.0
-2.5913022137466375,3.1522902035557974,0.0,1.0,1.0
-2.59070569862975,3.129212447162575,0.0,1.0,1.0
-2.5899660590516453,3.1061462929790733,0.0,1.0,1.0
-2.589084082237054,3.0830928203731696,0.0,1.0,1.0
-2.588060555409975,3.060053108712473,0.0,1.0,1.0
-2.5868962657944032,3.0370282373646,0.0,1.0,1.0
-2.585592000614432,3.0140192856971995,0.0,1.0,1.0
-2.584148547094103,2.991027333077896,0.0,1.0,1.0
-2.5825666924574686,2.9680534588743264,0.0,1.0,1.0
-2.5808472239285867,2.9450987424541237,0.0,1.0,1.0
-2.5789909287315083,2.9221642631849214,0.0,1.0,1.0
-2.576998594090288,2.899251100434355,0.0,1.0,1.0
-2.5748710072289795,2.8763603335700503,0.0,1.0,1.0
-2.5726089553716363,2.8534930419596494,0.0,1.0,1.0
-2.5702132257423127,2.830650304970783,0.0,1.0,1.0
-2.567684605565062,2.8078332019710848,0.0,1.0,1.0
-2.565023882063938,2.7850428123281867,0.0,1.0,1.0
-2.5622318424629946,2.7622802154097212,0.0,1.0,1.0
-2.5593092739862846,2.7395464905833267,0.0,1.0,1.0
-2.556256963857863,2.7168427172166334,0.0,1.0,1.0
-2.5530756993017834,2.694169974677274,0.0,1.0,1.0
-2.549766267542097,2.671529342332882,0.0,1.0,1.0
-2.546329455802862,2.648921899551091,0.0,1.0,1.0
-2.5427660513081296,2.6263487256995375,0.0,1.0,1.0
-2.5390768412819535,2.603810900145853,0.0,1.0,1.0
-2.535262612948388,2.581309502257671,0.0,1.0,1.0
-2.531324153531485,2.5588456114026212,0.0,1.0,1.0
-2.527262250255301,2.5364203069483446,0.0,1.0,1.0
-2.5230776903438885,2.5140346682624704,0.0,1.0,1.0
-2.5187712610213007,2.491689774712631,0.0,1.0,1.0
-2.514343749511592,2.4693867056664613,0.0,1.0,1.0
-2.5097959430388155,2.447126540491594,0.0,1.0,1.0
-2.5051286288270265,2.424910358555665,0.0,1.0,1.0
-2.500342594100277,2.402739239226304,0.0,1.0,1.0
-2.4954386260826205,2.3806142618711474,0.0,1.0,1.0
-2.490417511998113,2.358536505857827,0.0,1.0,1.0
-2.485280039070806,2.336507050553977,0.0,1.0,1.0
-2.480026994524754,2.314526975327233,0.0,1.0,1.0
-2.4746591655840113,2.292597359545225,0.0,1.0,1.0
-2.469177339472632,2.270719282575588,0.0,1.0,1.0
-2.463582303414668,2.248893823785956,0.0,1.0,1.0
-2.457874844634173,2.2271220625439594,0.0,1.0,1.0
-2.452055750355202,2.205405078217235,0.0,1.0,1.0
-2.4461258078018098,2.1837439501734157,0.0,1.0,1.0
-2.4400858041980484,2.162139757780136,0.0,1.0,1.0
-2.433936526767971,2.1405935804050262,0.0,1.0,1.0
-2.427678762735632,2.1191064974157183,0.0,1.0,1.0
-2.421313299325086,2.097679588179853,0.0,1.0,1.0
-2.4148409237603867,2.0763139320650605,0.0,1.0,1.0
-2.4082624232655863,2.0550106084389723,0.0,1.0,1.0
-2.40157858506474,2.0337706966692224,0.0,1.0,1.0
-2.3947901963819005,2.0125952761234425,0.0,1.0,1.0
-2.387898044441122,1.9914854261692714,0.0,1.0,1.0
-2.380902916466459,1.970442226174341,0.0,1.0,1.0
-2.373805599681964,1.9494667555062821,0.0,1.0,1.0
-2.3666068813116916,1.9285600935327287,0.0,1.0,1.0
-2.3593075485796935,1.9077233196213133,0.0,1.0,1.0
-2.3519083887100263,1.8869575131396745,0.0,1.0,1.0
-2.344410188926743,1.8662637534554418,0.0,1.0,1.0
-2.3368137364538963,1.8456431199362482,0.0,1.0,1.0
-2.329119818515541,1.825096691949729,0.0,1.0,1.0
-2.321329222335729,1.8046255488635157,0.0,1.0,1.0
-2.313442735138517,1.7842307700452436,0.0,1.0,1.0
-2.3054611441479556,1.7639134348625451,0.0,1.0,1.0
-2.2973852365881,1.7436746226830546,0.0,1.0,1.0
-2.289215799683005,1.7235154128744057,0.0,1.0,1.0
-2.2809536206567227,1.7034368848042296,0.0,1.0,1.0
-2.2725994867333066,1.683440117840162,0.0,1.0,1.0
-2.2641541851368125,1.6635261913498358,0.0,1.0,1.0
-2.255618503091293,1.6436961847008857,0.0,1.0,1.0
-2.246993227820801,1.6239511772609443,0.0,1.0,1.0
-2.23827914654939,1.6042922483976405,0.0,1.0,1.0
-2.2294770465011164,1.584720477478615,0.0,1.0,1.0
-2.22058771490003,1.5652369438714975,0.0,1.0,1.0
-2.211611938970191,1.5458427269439257,0.0,1.0,1.0
-2.2025505059356467,1.5265389060635264,0.0,1.0,1.0
-2.193404203020431,1.5073265605979154,0.0,1.0,1.0
-2.1841738174487233,1.488206769914845,0.0,1.0,1.0
-2.17486013644387,1.4691806133812917,0.0,1.0,1.0
-2.16546394721345,1.4502491703496179,0.0,1.0,1.0
-2.155986036924744,1.4314135201348457,0.0,1.0,1.0
-2.1464271926713914,1.4126747419837429,0.0,1.0,1.0
-2.1367882014144612,1.3940339150202232,0.0,1.0,1.0
-2.1270698498860288,1.3754921181559716,0.0,1.0,1.0
-2.117272924436637,1.357050429949087,0.0,1.0,1.0
-2.107398210792381,1.3387099283789547,0.0,1.0,1.0
-2.097446493651235,1.3204716904721419,0.0,1.0,1.0
-2.0874185560970355,1.3023367917592934,0.0,1.0,1.0
-2.077315178757658,1.28430630549497,0.0,1.0,1.0
-2.0671371386330044,1.266381301571472,0.0,1.0,1.0
-2.0568852073377393,1.2485628448902815,0.0,1.0,1.0
-2.0465601487342924,1.2308519931684188,0.0,1.0,1.0
-2.0361627159820173,1.2132497942037224,0.0,1.0,1.0
-2.0256936478313703,1.195757282440449,0.0,1.0,1.0
-2.015153663903632,1.1783754745947,0.0,1.0,1.0
-2.004543458524911,1.161105363940035,0.0,1.0,1.0
-1.9938636943177623,1.1439479143684341,0.0,1.0,1.0
-1.9831149950913065,1.1269040538011446,0.0,1.0,1.0
-1.9722979381177925,1.1099746670309205,0.0,1.0,1.0
-1.9614130450072154,1.0931605872649763,0.0,1.0,1.0
-1.9504607732989094,1.076462588332415,0.0,1.0,1.0
-1.9394415096390418,1.0598813783614085,0.0,1.0,1.0
-1.928355563395835,1.0434175938620402,0.0,1.0,1.0
-1.9172031609041285,1.0270717943923953,0.0,1.0,1.0
-1.9059844405420434,1.0108444579958102,0.0,1.0,1.0
-1.8946994525662852,0.9947359810482422,0.0,1.0,1.0
-1.883348160139499,0.9787466792103817,0.0,1.0,1.0
-1.871930441742794,0.9628767896634758,0.0,1.0,1.0
-1.8604460944809362,0.9471264741724525,0.0,1.0,1.0
-1.8488948405835277,0.9314958251109534,0.0,1.0,1.0
-1.8372763356918163,0.9159848731412111,0.0,1.0,1.0
-1.8255901765915195,0.900593594380525,0.0,1.0,1.0
-1.8138359090300087,0.8853219176459071,0.0,1.0,1.0
-1.8020130355287582,0.870169731694348,0.0,1.0,1.0
-1.7901210239209147,0.8551368931350923,0.0,1.0,1.0
-1.778159314284131,0.8402232328547106,0.0,1.0,1.0
-1.7661273248489082,0.8254285614927133,0.0,1.0,1.0
-1.7540244570247006,0.8107526740995398,0.0,1.0,1.0
-1.7418500998427708,0.7961953542540204,0.0,1.0,1.0
-1.729603633460343,0.7817563773108854,0.0,1.0,1.0
-1.7172844316710572,0.7674355127273484,0.0,1.0,1.0
-1.7048918638291697,0.7532325258463836,0.0,1.0,1.0
-1.6924252962864808,0.7391471792284088,0.0,1.0,1.0
-1.6798840934596466,0.7251792336404271,0.0,1.0,1.0
-1.6672676185090718,0.7113284486851992,0.0,1.0,1.0
-1.6545752337965725,0.6975945832253866,0.0,1.0,1.0
-1.641806301192534,0.6839773956682116,0.0,1.0,1.0
-1.6289601822777209,0.6704766441524886,0.0,1.0,1.0
-1.616036238465064,0.65709208666149,0.0,1.0,1.0
-1.6030338310698102,0.6438234810879572,0.0,1.0,1.0
-1.5899523213526254,0.6306705852740502,0.0,1.0,1.0
-1.5767910705464385,0.6176331570362226,0.0,1.0,1.0
-1.5635494398796208,0.6047109541867044,0.0,1.0,1.0
-1.5502267905807046,0.5919037345378754,0.0,1.0,1.0
-1.5368224838781241,0.5792112559020233,0.0,1.0,1.0
-1.5233358810003488,0.566633276091468,0.0,1.0,1.0
-1.5097663431758426,0.5541695529185268,0.0,1.0,1.0
-1.496113231633066,0.5418198441955112,0.0,1.0,1.0
-1.4823759076004803,0.5295839077347351,0.0,1.0,1.0
-1.4685537323065487,0.5174615013485133,0.0,1.0,1.0
-1.4546460669797316,0.5054523828491588,0.0,1.0,1.0
-1.4406522728484954,0.49355631004898926,0.0,1.0,1.0
-1.426571711141301,0.4817730407603171,0.0,1.0,1.0
-1.4124037430866088,0.4701023327954554,0.0,1.0,1.0
-1.3981477299128815,0.4585439439667192,0.0,1.0,1.0
-1.3838030328485817,0.44709763208642245,0.0,1.0,1.0
-1.3693690131221739,0.4357631549668811,0.0,1.0,1.0
-1.354845031962117,0.4245402704204073,0.0,1.0,1.0
-1.3402304505968756,0.41342873625931614,0.0,1.0,1.0
-1.3255246302549115,0.40242831029592274,0.0,1.0,1.0
-1.3107269321646848,0.39153875034253893,0.0,1.0,1.0
-1.295836717554661,0.3807598142114808,0.0,1.0,1.0
-1.2808533476533013,0.37009125971506257,0.0,1.0,1.0
-1.2657761836890684,0.359532844665599,0.0,1.0,1.0
-1.2506045868904219,0.3490843268754017,0.0,1.0,1.0
-1.2353379184858269,0.3387454641567875,0.0,1.0,1.0
-1.2199755397037455,0.32851601432207,0.0,1.0,1.0
-1.2045168117726395,0.3183957351835631,0.0,1.0,1.0
-1.188961095920972,0.3083843845535821,0.0,1.0,1.0
-1.1733077533772023,0.2984817202444389,0.0,1.0,1.0
-1.1575561453697958,0.28868750006844973,0.0,1.0,1.0
-1.141705633127214,0.2790014818379286,0.0,1.0,1.0
-1.12575557787792,0.26942342336519026,0.0,1.0,1.0
-1.1097053408503745,0.25995308246254767,0.0,1.0,1.0
-1.093554283273038,0.2505902169423139,0.0,1.0,1.0
-1.0773017663743778,0.2413345846168064,0.0,1.0,1.0
-1.0609471513828541,0.23218594329833847,0.0,1.0,1.0
-1.044489799526928,0.22314405079922314,0.0,1.0,1.0
-1.0279290720350618,0.21420866493177504,0.0,1.0,1.0
-1.0112643301357167,0.20537954350830767,0.0,1.0,1.0
-0.9944949350573589,0.19665644434113738,0.0,1.0,1.0
-0.9776202480284502,0.18803912524257796,0.0,1.0,1.0
-0.9606396302774497,0.17952734402494244,0.0,1.0,1.0
-0.9435524430328208,0.17112085850054531,0.0,1.0,1.0
-0.9263580475230249,0.16281942648170045,0.0,1.0,1.0
-0.9090558049765287,0.15462280578072427,0.0,1.0,1.0
-0.8916450766217897,0.1465307542099289,0.0,1.0,1.0
-0.8741252236872732,0.13854302958162906,0.0,1.0,1.0
-0.8564956074014366,0.13065938970813892,0.0,1.0,1.0
-0.8387555889927509,0.12287959240177347,0.0,1.0,1.0
-0.8209045296896822,0.11520339547484791,0.0,1.0,1.0
-0.8029417907206012,0.10763055673966186,0.0,1.0,1.0
-0.7848667333143446,0.10016083400858905,0.0,1.0,1.0
-0.766678718698474,0.09279398509380146,0.0,1.0,1.0
-0.7483771081023708,0.08552976780775726,0.0,1.0,1.0
-0.7299612627574895,0.07836793996324368,0.0,1.0,1.0
-0.711430543872386,0.07130825936943683,0.0,1.0,1.0
-0.692784312738673,0.06435048384860476,0.0,1.0,1.0
-0.6740219304697433,0.057494371194924884,0.0,1.0,1.0
-0.6551427582938949,0.05073967922068448,0.0,1.0,1.0
-0.6361461583208556,0.04408616587710132,0.0,1.0,1.0
-0.617031487968518,0.03753358837587943,0.0,1.0,1.0
-0.5977981180692362,0.03108170604306825,0.0,1.0,1.0
-0.5784453986928182,0.0247302749321895,0.0,1.0,1.0
-0.558972664670834,0.018479048694961708,0.0,1.0,1.0
-0.5393795777441435,0.012327832509696166,0.0,1.0,1.0
-0.5196661582908783,0.00627648808422462,0.0,1.0,1.0
-0.4998327352151164,0.00032492576144974033,0.0,1.0,1.0
-0.47988010551862764,-0.005526870323475758,0.0,1.0,1.0
-0.45981012806144206,-0.011278748646756124,0.0,1.0,1.0
-0.4396263047881848,-0.016930298668143644,0.0,1.0,1.0
-0.4193346594517155,-0.022480712302499876,0.0,1.0,1.0
-0.3989449544890481,-0.027928592078029543,0.0,1.0,1.0
-0.37847236445146404,-0.033271687310864356,0.0,1.0,1.0
-0.35793985951339474,-0.03850651831814395,0.0,1.0,1.0
-0.3373809724815215,-0.04362794014057152,0.0,1.0,1.0
-0.31684302730217434,-0.048628633463973586,0.0,1.0,1.0
-0.2963907627534765,-0.053498533175997,0.0,1.0,1.0
-0.2761106284460924,-0.05822415082156424,0.0,1.0,1.0
-0.2561146685640443,-0.06278796189792428,0.0,1.0,1.0
-0.23654323586344841,-0.06716797740220509,0.0,1.0,1.0
-0.21756667011838493,-0.07133747843937967,0.0,1.0,1.0
-0.19938553900043526,-0.07526497721309336,0.0,1.0,1.0
-0.18222849568256783,-0.07891455336019376,0.0,1.0,1.0
-0.16634605187979412,-0.0822468340478848,0.0,1.0,1.0
-0.15200229869655138,-0.0852202974916861,0.0,1.0,1.0
-0.1394639379083801,-0.08779300017631293,0.0,1.0,1.0
-0.12898663745560668,-0.08992472559597708,0.0,1.0,1.0
-0.12080296558411335,-0.0915788853003951,0.0,1.0,1.0
-0.11509678420866856,-0.09272655042996812,0.0,1.0,1.0
-0.11201720825512244,-0.09334425761579833,0.0,1.0,1.0
