-2.435208744034608,2.125349405535529,0.0,1.0,1.0
-2.4341022812313393,2.1218138160044484,0.0,1.0,1.0
-2.4320688994865134,2.115331291433686,0.0,1.0,1.0
-2.4291752596224723,2.106145182949932,0.0,1.0,1.0
-2.425500098586962,2.0945428700988518,0.0,1.0,1.0
-2.42113926798629,2.080874086257154,0.0,1.0,1.0
-2.416192289608993,2.065501779868236,0.0,1.0,1.0
-2.410755932069571,2.0487786165012962,0.0,1.0,1.0
-2.4049189224319303,2.0310276495496637,0.0,1.0,1.0
-2.3987582436924733,2.0125287956008817,0.0,1.0,1.0
-2.3923371660575508,1.9935116523460958,0.0,1.0,1.0
-2.385705231907449,1.9741554710953289,0.0,1.0,1.0
-2.378899812092337,1.9545948777569626,0.0,1.0,1.0
-2.371947926825648,1.9349265564814182,0.0,1.0,1.0
-2.3648682634862945,1.9152166509072097,0.0,1.0,1.0
-2.3576733072199736,1.895508575573064,0.0,1.0,1.0
-2.3503712704474053,1.8758300881589154,0.0,1.0,1.0
-2.3429674396979348,1.8561982254450546,0.0,1.0,1.0
-2.3354651974840723,1.8366230479852377,0.0,1.0,1.0
-2.3278667658358576,1.8171103645663438,0.0,1.0,1.0
-2.3201736949228766,1.7976635225123265,0.0,1.0,1.0
-2.3123871798733986,1.7782845684054165,0.0,1.0,1.0
-2.3045082392010823,1.7589749017844905,0.0,1.0,1.0
-2.296537755821272,1.7397354254824353,0.0,1.0,1.0
-2.288476509479973,1.720566664452672,0.0,1.0,1.0
-2.280325259517937,1.7014690689119225,0.0,1.0,1.0
-2.272084779500045,1.6824431411744878,0.0,1.0,1.0
-2.2637558380553178,1.6634893654764988,0.0,1.0,1.0
-2.25533920460212,1.6446082289451498,0.0,1.0,1.0
-2.246835648788996,1.6258002195506915,0.0,1.0,1.0
-2.2382459400335555,1.607065824417547,0.0,1.0,1.0
-2.229570847847026,1.588405531013036,0.0,1.0,1.0
-2.2208111417206435,1.5698198267312458,0.0,1.0,1.0
-2.2119675911440533,1.5513091989604435,0.0,1.0,1.0
-2.2030409656104544,1.5328741351019153,0.0,1.0,1.0
-2.194032034611343,1.514515122550706,0.0,1.0,1.0
-2.1849415676386634,1.4962326487034971,0.0,1.0,1.0
-2.1757703341843397,1.47802720095691,0.0,1.0,1.0
-2.1665191037402516,1.4598992667073782,0.0,1.0,1.0
-2.1571886457983025,1.4418493333514446,0.0,1.0,1.0
-2.1477797298503587,1.423877888285619,0.0,1.0,1.0
-2.1382931253884565,1.4059854189064136,0.0,1.0,1.0
-2.1287296019040496,1.388172412610345,0.0,1.0,1.0
-2.119089928873819,1.370439356793925,0.0,1.0,1.0
-2.1093748757280357,1.35278673885367,0.0,1.0,1.0
-2.0995852117981695,1.3352150461860928,0.0,1.0,1.0
-2.089721706216131,1.3177247661877078,0.0,1.0,1.0
-2.0797851277337727,1.3003163862550298,0.0,1.0,1.0
-2.0697762444145598,1.2829903937845726,0.0,1.0,1.0
-2.0596958230540126,1.2657472761728499,0.0,1.0,1.0
-2.0495446282376,1.2485875208163764,0.0,1.0,1.0
-2.039323420905872,1.2315116151116663,0.0,1.0,1.0
-2.029032956262834,1.2145200464552337,0.0,1.0,1.0
-2.0186739804202323,1.1976133022435929,0.0,1.0,1.0
-2.0082472257516315,1.180791869873258,0.0,1.0,1.0
-1.9977534050702157,1.1640562367407432,0.0,1.0,1.0
-1.9871932043975453,1.147406890242562,0.0,1.0,1.0
-1.9765672732625768,1.1308443177752299,0.0,1.0,1.0
-1.965876213281253,1.11436900673526,0.0,1.0,1.0
-1.9551205672804826,1.0979814445191671,0.0,1.0,1.0
-1.9443008080517743,1.081682118523465,0.0,1.0,1.0
-1.9334173262802163,1.0654715161446682,0.0,1.0,1.0
-1.9224704189978927,1.0493501247792907,0.0,1.0,1.0
-1.9114602842192006,1.033318431823847,0.0,1.0,1.0
-1.9003870175365158,1.0173769246748503,0.0,1.0,1.0
-1.8892506108646951,1.0015260907288162,0.0,1.0,1.0
-1.8780509536633176,0.9857664173822579,0.0,1.0,1.0
-1.8667878418465245,0.9700983920316899,0.0,1.0,1.0
-1.8554609875465882,0.9545225020736264,0.0,1.0,1.0
-1.8440700294036896,0.9390392349045815,0.0,1.0,1.0
-1.8326145433803451,0.9236490779210691,0.0,1.0,1.0
-1.8210940558213922,0.9083525185196042,0.0,1.0,1.0
-1.8095080547398672,0.8931500440967001,0.0,1.0,1.0
-1.7978559989353133,0.8780421420488713,0.0,1.0,1.0
-1.7861373257384505,0.8630292997726322,0.0,1.0,1.0
-1.774351457714028,0.8481120046644968,0.0,1.0,1.0
-1.7624978076161089,0.8332907441209791,0.0,1.0,1.0
-1.7505757816914687,0.8185660055385943,0.0,1.0,1.0
-1.7385847820642883,0.803938276313855,0.0,1.0,1.0
-1.7265242083963481,0.7894080438432765,0.0,1.0,1.0
-1.714393458943846,0.7749757955233724,0.0,1.0,1.0
-1.7021919311512255,0.7606420187506568,0.0,1.0,1.0
-1.6899190220186662,0.746407200921645,0.0,1.0,1.0
-1.6775741283166383,0.7322718294328503,0.0,1.0,1.0
-1.665156646702593,0.7182363916807867,0.0,1.0,1.0
-1.6526659737775735,0.7043013750619687,0.0,1.0,1.0
-1.6401015061199276,0.6904672669729105,0.0,1.0,1.0
-1.6274626403072703,0.6767345548101262,0.0,1.0,1.0
-1.614748772917163,0.6631037259701299,0.0,1.0,1.0
-1.601959300527127,0.649575267849436,0.0,1.0,1.0
-1.5890936197147116,0.6361496678445586,0.0,1.0,1.0
-1.5761511270574586,0.6228274133520119,0.0,1.0,1.0
-1.5631312191329079,0.6096089917683098,0.0,1.0,1.0
-1.550033292518602,0.5964948904899672,0.0,1.0,1.0
-1.5368567437920826,0.5834855969134976,0.0,1.0,1.0
-1.523600969530891,0.5705815984354156,0.0,1.0,1.0
-1.5102653663125696,0.5577833824522348,0.0,1.0,1.0
-1.4968493307146595,0.5450914363604701,0.0,1.0,0.9999114655081148
-1.4833522593147028,0.5325062475566352,0.0,1.0,0.9982396063154155
-1.469773548690241,0.5200283034372445,0.0,1.0,0.9959296152753804
-1.4561125954188163,0.507658091398812,0.0,1.0,0.993273100535769
-1.442368796077969,0.495396098837852,0.0,1.0,0.9903407973023718
-1.4285415472452425,0.4832428131508789,0.0,1.0,0.9871759119915324
-1.4146302454981776,0.4711987217344067,0.0,1.0,0.9837995551328865
-1.4006342874143167,0.45926431198494944,0.0,1.0,0.9802177344334989
-1.3865530695712005,0.44744007129902136,0.0,1.0,0.976428869429894
-1.372385988546372,0.43572648707313694,0.0,1.0,0.9724300951397273
-1.3581324409173714,0.42412404670380993,0.0,1.0,0.96822076751491
-1.3437918232617416,0.4126332375875546,0.0,1.0,0.9638035473373544
-1.3293635321570239,0.40125454712088554,0.0,1.0,0.9591848855206728
-1.3148469641807594,0.3899884627003164,0.0,1.0,0.9543750209050941
-1.3002415159104914,0.37883547172236187,0.0,1.0,0.9493867430999535
-1.28554658392376,0.3677960615835357,0.0,1.0,0.9442337918555456
-1.2707615647981079,0.3568707196803523,0.0,1.0,0.9389299466880962
-1.2558858551110763,0.3460599334093259,0.0,1.0,0.9334885607262277
-1.2409188514402072,0.33536419016697033,0.0,1.0,0.927922480281538
-1.2258599503630423,0.32478397734980036,0.0,1.0,0.9222436756167787
-1.2107085484571232,0.31431978235432956,0.0,1.0,0.9164620225062655
-1.1954640422999914,0.3039720925770724,0.0,1.0,0.9105867939887559
-1.180125828469189,0.2937413954145433,0.0,1.0,0.9046279783754969
-1.1646933035422573,0.283628178263256,0.0,1.0,0.8985941173259028
-1.1491658640967386,0.2736329285197249,0.0,1.0,0.8924922198496795
-1.1335429067101748,0.2637561335804644,0.0,1.0,0.8863287539077833
-1.117823827960105,0.253998280841988,0.0,1.0,0.8801093222225461
-1.102008024424075,0.2443598577008107,0.0,1.0,0.8738386335943081
-1.0860948926796294,0.23484135155344713,0.0,1.0,0.8675205267120377
-1.0700838293042758,0.22544324979640615,0.0,1.0,0.8611579568217664
-1.053974230875667,0.2161660398262193,0.0,1.0,0.8547530263623462
-1.0377654939711571,0.20701020903937106,0.0,1.0,0.8483070216739953
-1.0214570151682043,0.1979762448323624,0.0,1.0,0.8418204602498731
-1.0050481910460836,0.1890646346019836,0.0,1.0,0.8352931461676557
-0.9885384181758515,0.18027586574371532,0.0,1.0,0.8287242295661587
-0.9719270931483724,0.17161042565619555,0.0,1.0,0.8221122684783957
-0.9552136125361528,0.1630688017351355,0.0,1.0,0.8154552908316394
-0.9383973728384475,0.15465148136456724,0.0,1.0,0.8087508550080922
-0.921477770990352,0.14635895199801477,0.0,1.0,0.8019961077422076
-0.9044542026982875,0.13819170089309737,0.0,1.0,0.7951878384350596
-0.8873260653597037,0.13015021557705836,0.0,1.0,0.7883225292904773
-0.8700927587076803,0.1222349839495442,0.0,1.0,0.7813964009003679
-0.852753660387232,0.11444649038838874,0.0,1.0,0.7744054531556616
-0.8353082208393732,0.10678523087832076,0.0,1.0,0.7673455016819556
-0.8177557619076218,0.09925168089995288,0.0,1.0,0.7602122101293367
-0.8000955804208458,0.09184631194545871,0.0,1.0,0.7530011184944835
-0.7823283401350262,0.08456980545145419,0.0,1.0,0.7457076678061321
-0.7644540569497684,0.07742264353119405,0.0,1.0,0.7383272222166892
-0.7464730015900142,0.07040527118712474,0.0,1.0,0.7308550900596674
-0.7283872502581402,0.06351833547241402,0.0,1.0,0.7232865451219649
-0.7102006719580618,0.0567625060519343,0.0,1.0,0.7156168489927455
-0.6919202995488841,0.05013851547172298,0.0,1.0,0.7078412767093945
-0.6735578727161212,0.043647121847738085,0.0,1.0,0.7000410269016302
-0.6551316483630079,0.037288997425575884,0.0,1.0,0.6922189989907802
-0.6366687339067933,0.031064507565286652,0.0,1.0,0.6843684667323137
-0.6182072086588636,0.024973268933517256,0.0,1.0,0.6764834282353103
-0.5997970788495824,0.01901348210239288,0.0,1.0,0.6685588408808862
-0.581499906420398,0.013181045620513292,0.0,1.0,0.6605908824698193
-0.5633865596557691,0.007468384137049314,0.0,1.0,0.6525771294025801
-0.5455313751414211,0.0018630388801359728,0.0,1.0,0.6445166765407464
-0.5280029470349755,-0.0036533765418319385,0.0,1.0,0.636410307530457
-0.5108534154984689,-0.009105718980782782,0.0,1.0,0.6282605950155189
-0.49410654514768454,-0.014525175949761044,0.0,1.0,0.6200716995545288
-0.4777452590096317,-0.019947845962371296,0.0,1.0,0.6118490172002432
-0.4617052413601933,-0.025411422202313245,0.0,1.0,0.603598928373884
-0.44587490694135595,-0.03095086927782249,0.0,1.0,0.595328485525804
-0.43010118986566814,-0.03659335308388553,0.0,1.0,0.5870448036122389
-0.414202771740947,-0.042352221618325754,0.0,1.0,0.578617146543101
-0.3979913729415307,-0.048222037480009486,0.0,1.0,0.5700174964725517
-0.3812930399658579,-0.05417591014933563,0.0,1.0,0.561242343339339
-0.3639670954310583,-0.060164725296458346,0.0,1.0,0.5526522612224817
-0.34592247515884034,-0.06611844536547862,0.0,1.0,0.5503918938548231
-0.3271255334078539,-0.07195079737094978,0.0,1.0,0.5505697904966179
-0.30759729927140717,-0.07756575452905391,0.0,1.0,0.5519827171821025
-0.2874056699367927,-0.08286399864355572,0.0,1.0,0.5543358461452675
-0.26665335544221624,-0.08774945079846576,0.0,1.0,0.5574475004525122
-0.24546203969980682,-0.09213521247241892,0.0,1.0,0.5612268060335128
-0.2239575662606081,-0.09594705158799714,0.0,1.0,0.5656449264989877
-0.20225923392181955,-0.09912506839008553,0.0,1.0,0.570704152554765
-0.18047206340984417,-0.1016240689376467,0.0,1.0,0.5764119724093661
-0.15868232423472536,-0.1034126902147899,0.0,1.0,0.5827666515609703
-0.13695750109728305,-0.10447106786644327,0.0,1.0,0.589752772780826
-0.11534813637091797,-0.10478855026436093,0.0,1.0,0.5973392381681454
-0.09389047863227197,-0.10436156225759205,0.0,1.0,0.6054792763569528
-0.07260958517507743,-0.10319165502874193,0.0,1.0,0.6141155292312954
-0.05152266393665057,-0.10128377001420637,0.0,1.0,0.6231866336114363
-0.030641548516631457,-0.09864505533898321,0.0,1.0,0.6326309637848336
-0.00997460719274699,-0.09528404086725785,0.0,1.0,0.6423885468464408
0.010471881556335258,-0.09121006914994094,0.0,1.0,0.6524013914561079
0.030693591917769093,-0.08643305035339353,0.0,1.0,0.662615004441892
0.050685934479659585,-0.08096295849567595,0.0,1.0,0.67298340028066
0.07044429912099465,-0.0748098492917811,0.0,1.0,0.6834629631027919
0.08996538747308142,-0.06798408764955377,0.0,1.0,0.6940070232909675
0.10924565034409148,-0.06049597987470142,0.0,1.0,0.7045747475222797
0.12828151304116445,-0.05235582631488753,0.0,1.0,0.7151314901639225
0.14706944847739467,-0.04357393844039764,0.0,1.0,0.7256447122941522
0.16560590731305888,-0.03416062252238477,0.0,1.0,0.736085312721836
0.18388734589318204,-0.024126186160182223,0.0,1.0,0.746427743493482
0.20191022042830814,-0.01348093692170409,0.0,1.0,0.7566499094341367
0.21967098643763552,-0.002235182213337409,0.0,1.0,0.7667332204082354
0.2371660998317171,0.009600770467094222,0.0,1.0,0.7766624626836455
0.25439201640235887,0.022016613649510824,0.0,1.0,0.7864256452638332
0.2713451919539228,0.0350020398608989,0.0,1.0,0.7960138028002383
0.2880220822998633,0.0485467416261206,0.0,1.0,0.8054207648032963
0.30441914324702823,0.06264041147158247,0.0,1.0,0.8146429081585577
0.32053283060460513,0.0772727419231426,0.0,1.0,0.8236788998923743
0.33635960018141436,0.09243342550675095,0.0,1.0,0.8325294391913601
0.3518959077860866,0.10811215474838118,0.0,1.0,0.841197005281761
0.36713820922752677,0.12429862217398228,0.0,1.0,0.8496856162018607
0.38208296031460626,0.14098252030951222,0.0,1.0,0.858000602248601
0.3967266168549138,0.1581535416809286,0.0,1.0,0.8661483965456224
0.4110656346612417,0.17580137881418734,0.0,1.0,0.8741363442638763
0.42509646953497104,0.19391572423524536,0.0,1.0,0.8819725310017515
0.43881557729310733,0.21248627047005936,0.0,1.0,0.8895262641161142
0.45221941394257764,0.23150271004458492,0.0,1.0,0.8966544621272665
0.46530443612315464,0.2509547354847804,0.0,1.0,0.903347573113972
0.4780671018029174,0.2708320393166022,0.0,1.0,0.90959579720508
0.49050387151948266,0.2911243140660067,0.0,1.0,0.9153892556468953
0.5026112107515194,0.31182125225895035,0.0,1.0,0.9207182547625778
0.5143855944044925,0.33291254642139023,0.0,1.0,0.925638995999953
0.5258235142639721,0.3543878890792822,0.0,1.0,0.9303204076243236
0.5369214907238657,0.37623697275858414,0.0,1.0,0.9347661031031532
0.5476760914411567,0.39844948998525176,0.0,1.0,0.9386270519480031
0.5580839622859217,0.42101513328524237,0.0,1.0,0.9418773625407901
0.5681418698366737,0.4439235951845128,0.0,1.0,0.9445321840900938
0.5778467584167809,0.46716456820901875,0.0,1.0,0.9466055155721472
0.587195826000036,0.4907277448847182,0.0,1.0,0.9481094692722726
0.5961866336336493,0.5146028177375671,0.0,1.0,0.9490532612986343
0.6048172265272607,0.5387794792935225,0.0,1.0,0.9494425058186965
0.613086267203399,0.5632474220785407,0.0,1.0,0.9492786377818165
0.6209931822972565,0.5879963386185775,0.0,1.0,0.9485577768399488
0.6285383407436146,0.6130159214395915,0.0,1.0,0.9472696460711602
0.6357232015710087,0.6382958630675387,0.0,1.0,0.9453978214144684
0.6425504233318569,0.6638258560283756,0.0,1.0,0.9429206395861827
0.6490239549201574,0.6895955928480592,0.0,1.0,0.9398115286924119
0.655149114428528,0.7155947660525448,0.0,1.0,0.9360396304616428
0.6609325970315573,0.7418130681677915,0.0,1.0,0.931571981270802
0.6663824028302413,0.7682401917197541,0.0,1.0,0.9269406436545998
0.6715077522052384,0.7948658292343892,0.0,1.0,0.9222530918754803
0.6763189810035297,0.821679673237655,0.0,1.0,0.9175138940669441
0.6808274000715294,0.8486714162555075,0.0,1.0,0.912725991865402
0.6850451155182421,0.8758307508139025,0.0,1.0,0.9078909464209275
0.6889848793720214,0.9031473694387979,0.0,1.0,0.9030091406068582
0.6926599536869159,0.9306109646561499,0.0,1.0,0.8980799719678101
0.6960839868113842,0.9582112289919159,0.0,1.0,0.893102049796191
0.6992708989175833,0.9859378549720512,0.0,1.0,0.888073361299695
0.7022348014252507,1.013780535122512,0.0,1.0,0.8829913910134626
0.7049899366433138,1.0417289619692576,0.0,1.0,0.8778532116651333
0.7075506324582944,1.0697728280382437,0.0,1.0,0.8726555560345145
0.7099312689147519,1.0979018258554258,0.0,1.0,0.8673948700829223
0.7121462577097043,1.1261056479467617,0.0,1.0,0.8620673502960376
0.7142100293775018,1.154373986838208,0.0,1.0,0.8566689710406613
0.7161370250651026,1.1826965350557206,0.0,1.0,0.8511955051117538
0.717941691533058,1.2110629851252575,0.0,1.0,0.8456425388130362
0.7196384784671157,1.2394630295727727,0.0,1.0,0.8400054831483786
0.7212418370771383,1.2678863609242255,0.0,1.0,0.8342795819924976
0.7227662193091381,1.296322671705574,0.0,1.0,0.8284599173423433
0.7242260773750966,1.3247616544427705,0.0,1.0,0.8225414120441523
0.7256358635150048,1.3531930016617766,0.0,1.0,0.816518830501019
0.7270100299559148,1.3816064058885438,0.0,1.0,0.8103867775870834
0.7283630289310825,1.4099915596490318,0.0,1.0,0.8041396959058027
0.729709312672136,1.4383381554691985,0.0,1.0,0.7977718615395298
0.7310633334107642,1.4666358858749973,0.0,1.0,0.7912773784338993
0.7324395433788422,1.494874443392388,0.0,1.0,0.7846501715540588
0.7338523948081361,1.5230435205473243,0.0,1.0,0.7778839789491581
0.735316339930446,1.551132809865765,0.0,1.0,0.7709723428620244
0.7368458309775682,1.5791320038736667,0.0,1.0,0.7639086000252704
0.7384553201812958,1.6070307950969838,0.0,1.0,0.7566858712935192
0.7401592597734253,1.634818876061677,0.0,1.0,0.7492970507746213
0.7419721019857514,1.6624859392937,0.0,1.0,0.7417347946418137
0.7439082990500663,1.6900216773190107,0.0,1.0,0.7339915098337119
0.7459823031981733,1.7174157826635643,0.0,1.0,0.7260593428808786
0.7482085666618553,1.7446579478533195,0.0,1.0,0.7179301691430354
0.7506015416728976,1.7717378654142386,0.0,1.0,0.7095955827745665
0.7531756804632207,1.7986452278722365,0.0,1.0,0.7010468878249525
0.7559454352641806,1.8253697277534073,0.0,1.0,0.6922750910833331
0.758925258308404,1.8519010575834505,0.0,1.0,0.6832708975318328
0.7621296018276251,1.8782289098883398,0.0,1.0,0.6740247092020456
0.7655729180477318,1.9043429771958704,0.0,1.0,0.6645266283064303
0.7692696592157162,1.9302329520272714,0.0,1.0,0.6547664664947924
0.7732342772305124,1.9558885270119688,0.0,1.0,0.6447337633933866
0.7774812230010878,1.9812993950870972,0.0,1.0,0.6344178183627763
0.7820249453451866,2.0064552498398203,0.0,1.0,0.6238077395627627
0.786879888791972,2.031345786190347,0.0,1.0,0.613465746716328
0.7920604895536159,2.055960701644095,0.0,1.0,0.6040068593661102
0.7975811686390578,2.0802896984321855,0.0,1.0,0.5954983755884653
0.8034563201957395,2.104322487135234,0.0,1.0,0.5880098929394606
0.8097002904488417,2.128048793229788,0.0,1.0,0.5816124818026013
0.8163273455241651,2.1514583670900995,0.0,1.0,0.5763775679399734
0.8233516243787289,2.174540998618954,0.0,1.0,0.5721067152241551
0.8307870716112019,2.19728653813256,0.0,1.0,0.5681390582385047
0.8386473322646486,2.2196849290595475,0.0,1.0,0.56449489956441
0.8469456185121268,2.2417262493797914,0.0,1.0,0.5611932192155578
0.8556945477979706,2.2634007619357948,0.0,1.0,0.5582508218602702
0.8649059482362015,2.2846989749217057,0.0,1.0,0.5556809994122467
0.8745906009362524,2.3056117219775705,0.0,1.0,0.5534918017920665
0.8847579738799866,2.3261302449097108,0.0,1.0,0.5516848054397394
0.895415978554877,2.3462462693377115,0.0,1.0,0.5502544489590702
0.9065707302279744,2.365952079209707,0.0,1.0,0.5491871301265273
0.9182262949363397,2.385240595446661,0.0,1.0,0.548460446241839
0.9303845042803426,2.4041054335111367,0.0,1.0,0.5480440267945562
0.9430449087514527,2.4225409179146524,0.0,1.0,0.5479015142933666
0.9562047706125162,2.4405420844307537,0.0,1.0,0.5479921271906462
0.9698591030217073,2.458104667933905,0.0,1.0,0.5482721717727758
0.9840007887653744,2.47522506549314,0.0,1.0,0.5486976043950897
0.9986208372893588,2.4919002564776838,0.0,1.0,0.5492267217767886
1.013708626914723,2.508127727267766,0.0,1.0,0.5498215377157576
1.0292521503405474,2.523905394943725,0.0,1.0,0.5504484412626245
1.0452382638929076,2.5392315298106274,0.0,1.0,0.5510789533470895
1.0616529607195497,2.554104670479765,0.0,1.0,0.5516900963188776
1.0784815835961759,2.568523557720956,0.0,1.0,0.5522639406897508
1.09570899618108,2.5824870812305756,0.0,1.0,0.5527868753532902
1.1133197231036789,2.595994236087117,0.0,1.0,0.5532490379041638
1.1312980656982945,2.6090440867770464,0.0,1.0,0.5536437470816656
1.14962818030018,2.6216357428576473,0.0,1.0,0.5539668733030534
1.1682941303470267,2.6337683427620378,0.0,1.0,0.5542163014999754
1.1872799226308606,2.6454410425307966,0.0,1.0,0.5543915602997375
1.2065695315479545,2.656653008274253,0.0,1.0,0.5544935453003995
1.2261469134181795,2.6674034117215095,0.0,1.0,0.5545243002602389
1.2459960144675246,2.6776914277392088,0.0,1.0,0.554631003460284
1.2661007756160956,2.6875162328432456,0.0,1.0,0.5548827321281753
1.2864451351563595,2.696877004366277,0.0,1.0,0.5552786699087169
1.3070130301049987,2.7057729200375222,0.0,1.0,0.5558189716138703
1.3277883969826212,2.714203157740393,0.0,1.0,0.556504769576063
1.3487551722504398,2.7221668953767666,0.0,1.0,0.5573381777637013
1.3698972923821318,2.7296633108446478,0.0,1.0,0.5583222933739532
1.3911986938507366,2.7366915820422326,0.0,1.0,0.5593347435587033
1.41264331312794,2.7432508868681458,0.0,1.0,0.5602858890346729
1.4342150866862413,2.749340403220752,0.0,1.0,0.5611877166199084
1.4558979509978838,2.7549593089985014,0.0,1.0,0.5620526744423809
1.4776758425351446,2.760106782099832,0.0,1.0,0.5628936792404435
1.499532697770313,2.7647820004231747,0.0,1.0,0.5637241297876378
1.5214524531756695,2.768984141866968,0.0,1.0,0.56455792584993
1.5434190452234942,2.772712384329647,0.0,1.0,0.5654094921100213
1.5654164103860715,2.775965905709648,0.0,1.0,0.5662938064959377
1.587428485135686,2.7787438839054066,0.0,1.0,0.567226432348919
1.6094392059446148,2.7810454968153557,0.0,1.0,0.5682235538478697
1.6314325092851418,2.7828699223379325,0.0,1.0,0.5693020140728193
1.6533923316295658,2.7842163383715803,0.0,1.0,0.570479355035644
1.6753026094501045,2.785083922814705,0.0,1.0,0.5717738589277128
1.6971472792191704,2.785471853565802,0.0,1.0,0.5732045897315609
1.7189102774090181,2.785379308523294,0.0,1.0,0.574791434212608
1.7405755404910783,2.7848054655852277,0.0,1.0,0.5765551411204906
1.7621270049413056,2.7837495026517156,0.0,1.0,0.578517357291386
1.7835486072234463,2.782210597617293,0.0,1.0,0.5807006589766767
1.804824283819851,2.7801879283849984,0.0,1.0,0.5831285758900536
1.8259379714131514,2.7776806729494057,0.0,1.0,0.5858256044145045
1.8468736074860692,2.7746880096707582,0.0,1.0,0.5888172066994715
1.8676151312121874,2.7712091176820945,0.0,1.0,0.5921297920602249
1.8881464850934584,2.767243177637647,0.0,1.0,0.5957906730670961
1.908451617930216,2.762789373070257,0.0,1.0,0.5998279833347454
1.9285144906173601,2.7578468930404605,0.0,1.0,0.6042705408191127
1.9483190859492192,2.7524149366176967,0.0,1.0,0.6091476398037374
1.9678494242550852,2.7464927200263642,0.0,1.0,0.6144887491887938
1.9870895873235024,2.740079487580162,0.0,1.0,0.6203230633124481
2.0060237587803877,2.733174530136493,0.0,1.0,0.6266788497875122
2.0246362817251864,2.725777211438451,0.0,1.0,0.6335825940403191
2.0429117356314586,2.71788700326143,0.0,1.0,0.6410579323931278
2.0608350364642596,2.7095035311707156,0.0,1.0,0.6491242463983433
2.078391579589469,2.700626639836686,0.0,1.0,0.6577948711897171
2.095567412092284,2.69125647179117,0.0,1.0,0.6670752260615322
2.1123494141952692,2.6813935503426474,0.0,1.0,0.6769610778490698
2.1287254979109638,2.671038870368332,0.0,1.0,0.687436714577142
2.144684839232321,2.6601940044343673,0.0,1.0,0.6984731372182615
2.1602181077843716,2.6488612077556954,0.0,1.0,0.7100272778139152
2.17531761804787,2.637043487311237,0.0,1.0,0.7220425992065748
2.1899774550624898,2.6247446592952057,0.0,1.0,0.7344501892700811
2.204193573050925,2.611969394192215,0.0,1.0,0.7471703146305346
2.2179638438316354,2.5987232389038195,0.0,1.0,0.7601155892236292
2.2312879595739457,2.5850125723037487,0.0,1.0,0.7731954359433805
2.244167312214954,2.5708445501266826,0.0,1.0,0.7863199393959673
2.256604845520458,2.5562270373542546,0.0,1.0,0.7992008582431981
2.268604880351599,2.5411685283550143,0.0,1.0,0.8115368594828043
2.2801728681711606,2.525678034227075,0.0,1.0,0.8232207553054722
2.291315173167112,2.5097649832199775,0.0,1.0,0.8341541529560332
2.3020388824896107,2.4934391340055146,0.0,1.0,0.8443121232962919
2.3123516365226444,2.4767104981051675,0.0,1.0,0.8539141952309498
2.3222614698432444,2.459589267202198,0.0,1.0,0.8629181047316433
2.3317766911255657,2.4420857582530666,0.0,1.0,0.8712898898985775
2.3409057978579453,2.424210374509764,0.0,1.0,0.8790025469645777
2.3496574120330447,2.405973576127677,0.0,1.0,0.886034911089502
2.3580402327117636,2.387385858485413,0.0,1.0,0.8923707403615216
2.3660630050012346,2.3684577380065277,0.0,1.0,0.8979979636676696
2.373734501634768,2.3491997437408285,0.0,1.0,0.9029081657412696
2.3810635110589313,2.329622411919701,0.0,1.0,0.907096352433144
2.3880588301575574,2.309736282630698,0.0,1.0,0.9105609587801188
2.3947292601436416,2.2895518979399627,0.0,1.0,0.9133040613878943
2.401083604498403,2.2690798009503164,0.0,1.0,0.9153317775153283
2.407130667811358,2.248330535271107,0.0,1.0,0.9166548139647683
2.412879255119726,2.2273146447163032,0.0,1.0,0.9166962105814002
2.418338171501564,2.206042673118541,0.0,1.0,0.9152097488737839
2.423516222024058,2.1845251643054824,0.0,1.0,0.9122464864874008
2.4284222117611747,2.162772662107896,0.0,1.0,0.9078634802879244
2.433064945784677,2.1407957103555373,0.0,1.0,0.90212364909708
2.4374532291666258,2.1186048528782964,0.0,1.0,0.8950952254614207
2.441595866979214,2.0962106335061295,0.0,1.0,0.8868508432665103
2.445501664294524,2.073623596068938,0.0,1.0,0.8779862092785011
2.4491794261846778,2.050854284396646,0.0,1.0,0.8689671811347323
2.452637957721792,2.0279132423191695,0.0,1.0,0.8598437962356854
2.455886063977982,2.0048110136664263,0.0,1.0,0.8506639148044308
2.4589325500253634,1.9815581422683373,0.0,1.0,0.8414708361729281
2.461786220936051,1.9581651719548165,0.0,1.0,0.8323009300865377
2.464455881782161,1.9346426465557862,0.0,1.0,0.8231819821551102
2.466950337635808,1.9110011099011632,0.0,1.0,0.8141326889721887
2.4692783935691116,1.887251105820864,0.0,1.0,0.8051628336238619
2.4714488546541853,1.8634031781448082,0.0,1.0,0.7962737609072646
2.473470525963118,1.8394678707029215,0.0,1.0,0.7874594088590943
2.4753522125681493,1.8154557273250846,0.0,1.0,0.7787078626489918
2.4771027195410973,1.7913772918413087,0.0,1.0,0.7700028733295643
2.478730851954338,1.767243108081432,0.0,1.0,0.7613250985917526
2.4802454148811472,1.743063719874995,0.0,1.0,0.7526532092352777
2.481655213388675,1.718849671053517,0.0,1.0,0.7439648679847072
2.4829690526001533,1.6946115054304234,0.0,1.0,0.7352374181994354
2.4841957378090855,1.6703597667641796,0.0,1.0,0.7264482925034403
2.485344074674347,1.6461049986953402,0.0,1.0,0.7175752586723049
2.486422869602194,1.6218577446232496,0.0,1.0,0.708596548594017
2.487440930465698,1.597628547473865,0.0,1.0,0.699490878830064
2.488407067855406,1.573427949296123,0.0,1.0,0.6902374097222662
2.4893300971314622,1.549266490599652,0.0,1.0,0.6808156947726313
2.490218842137652,1.5251547091561304,0.0,1.0,0.6712056432364379
2.491082141111326,1.50110313809195,0.0,1.0,0.6613875234061511
2.491928855332434,1.4771223030968879,0.0,1.0,0.6513420516765256
2.492767881287766,1.4532227184983086,0.0,1.0,0.6410505713594166
2.4936081692675143,1.4294148812594223,0.0,1.0,0.6304952868427571
2.4944587488115473,1.405709262766936,0.0,1.0,0.6196595830175478
2.495328758848813,1.3821162991040572,0.0,1.0,0.6085284881553679
2.4962274837809346,1.358646379405123,0.0,1.0,0.5970891787644735
2.497164399147225,1.335309831117975,0.0,1.0,0.5853313585066492
2.498149225114267,1.3121169027410944,0.0,1.0,0.5732475863458208
2.4991919727875938,1.2890777488772867,0.0,1.0,0.5608336393194578
2.500302989523769,1.2662024156099554,0.0,1.0,0.5480886776912857
2.5014930035712863,1.243500826096004,0.0,1.0,0.535015005508274
2.5027731660483448,1.2209827670182147,0.0,1.0,0.5216176685656732
2.504155061936012,1.1986578850373801,0.0,1.0,0.5079040763508872
2.5056507109362904,1.1765356865153838,0.0,1.0,0.49388343775655263
2.5072725589085634,1.1546255402789387,0.0,1.0,0.47956595840884864
2.509033460533125,1.132936683214651,0.0,1.0,0.46496211278345134
2.5109466336698536,1.1114782349989851,0.0,1.0,0.4500821479393308
2.513025610559128,1.0902592138473561,0.0,1.0,0.43493564570738175
2.515284190948115,1.0692885516418424,0.0,1.0,0.4195311159128701
2.517736395754108,1.0485751088855562,0.0,1.0,0.4038757528002563
2.520396416541228,1.028127691008204,0.0,1.0,0.38880649366600123
2.5232785720604114,1.0079550623920788,0.0,1.0,0.3752414655612824
2.526397275174747,0.9880659570463357,0.0,1.0,0.3633393020858375
2.529767005793735,0.9684690873420206,0.0,1.0,0.35326668032914693
2.5334022887813075,0.9491731511419945,0.0,1.0,0.3449325784293499
2.537317677794847,0.9301868370161268,0.0,1.0,0.3372840057194555
2.5415277450362437,0.9115188275501043,0.0,1.0,0.330385698831522
2.5460470741067147,0.8931778016505574,0.0,1.0,0.3243041327109084
2.5508902552251493,0.8751724360832738,0.0,1.0,0.3191070857354819
2.556071882307734,0.8575114064422662,0.0,1.0,0.3148629630127041
2.5616065511848634,0.8402033876429638,0.0,1.0,0.3116398286130313
2.5675088580101466,0.8232570541391098,0.0,1.0,0.30950410078685003
2.5737933972486604,0.8066810798847623,0.0,1.0,0.3085188769529494
2.5804747589895376,0.7904841380765252,0.0,1.0,0.30874186029761147
2.5875675241984917,0.7746749005402763,0.0,1.0,0.3102228699798479
2.5950862566276385,0.7592620365980504,0.0,1.0,0.3130009434922201
2.6030454883924543,0.74425421099045,0.0,1.0,0.3171010585535111
2.6114596937577232,0.7296600800756422,0.0,1.0,0.32253057418165954
2.6203432479144677,0.71548828585671,0.0,1.0,0.32945619968927126
2.6297103649979445,0.7017474470012518,0.0,1.0,0.33783901909738207
2.6395750045259367,0.6884461452849175,0.0,1.0,0.3476095538659222
2.649950722374926,0.6755929039991784,0.0,1.0,0.3586681614793249
2.6608504783181774,0.663196160065229,0.0,1.0,0.3708844581607189
2.6722863910042856,0.6512642285324652,0.0,1.0,0.3840987263992564
2.684269428949218,0.6398052578058627,0.0,1.0,0.39812506053861063
2.696808985408578,0.6288271680485927,0.0,1.0,0.41275694216366887
2.709912441290263,0.6183375878517856,0.0,1.0,0.4276269533765218
2.723584721229817,0.6083437899136349,0.0,1.0,0.44247259528995564
2.7378278343749742,0.5988526245029899,0.0,1.0,0.45708775432433163
2.7526403519433815,0.589870443761915,0.0,1.0,0.47128488761277754
2.76801703174619,0.5814030473023781,0.0,1.0,0.4849047619489242
2.7839486175585644,0.5734556531366864,0.0,1.0,0.4978232552629191
2.8004217117273686,0.5660328792195296,0.0,1.0,0.509953429258033
2.8174187138937143,0.5591387345694165,0.0,1.0,0.5212448034197141
2.8349179702410705,0.5527766408926148,0.0,1.0,0.5316813961898207
2.852894153921926,0.5469494877070111,0.0,1.0,0.5412774778682251
2.8713186441565157,0.5416596872632465,0.0,1.0,0.5500711748615497
2.8901599390335035,0.5369092342636601,0.0,1.0,0.5581182183930278
2.9093841241387493,0.5326997734143737,0.0,1.0,0.5654868365558733
2.9289554046705284,0.5290326760124362,0.0,1.0,0.5722531986083524
2.948836525471175,0.5259090998451049,0.0,1.0,0.5784973842362903
2.968989133351985,0.5233300399933556,0.0,1.0,0.5843005459695554
2.9893740918706593,0.5212963711684817,0.0,1.0,0.5897432235126369
3.009951760920618,0.5198088824604091,0.0,1.0,0.5949043273604956
3.030682201452145,0.5188682977600003,0.0,1.0,0.5998606032473202
3.0515253432765674,0.5184752860383588,0.0,1.0,0.60468654235532
3.0724411437987893,0.5186304614607994,0.0,1.0,0.6094545441876322
3.0933897558049637,0.5193343727239746,0.0,1.0,0.6142351193410752
3.1143317033188436,0.5205874824094353,0.0,1.0,0.6190970378199531
3.1352280845196363,0.5223901363339499,0.0,1.0,0.6241073098691041
3.156040831083578,0.5247425195843339,0.0,1.0,0.6293308138604465
3.1767330427766916,0.5276445966320504,0.0,1.0,0.6348295549074979
3.197269327453004,0.5310960491887122,0.0,1.0,0.640661695720716
3.2176161689153835,0.5350962082371062,0.0,1.0,0.6468802366198388
3.237742330918832,0.5396439790419945,0.0,1.0,0.6535311053873093
3.2576193145008197,0.5447377560395728,0.0,1.0,0.6606510743296096
3.2772216591818784,0.5503753666188193,0.0,1.0,0.6682661952154072
3.2965271740966755,0.5565540279832993,0.0,1.0,0.6763904428981142
3.3155171076038537,0.5632703155030546,0.0,1.0,0.685024216393896
3.334176270822475,0.5705201396579025,0.0,1.0,0.6941536526567523
3.3524929025015426,0.5782987712562477,0.0,1.0,0.703751604375709
3.3704584259203916,0.5866008868028523,0.0,1.0,0.7137792863931172
3.38806717314324,0.5954206199589521,0.0,1.0,0.7241878233471449
3.405316071700845,0.6047516200144185,0.0,1.0,0.734920563159546
3.4222042190570545,0.6145871313016859,0.0,1.0,0.7459163708828259
3.4387324482091213,0.6249200742643273,0.0,1.0,0.7571126147781099
3.454902970553191,0.6357431121062418,0.0,1.0,0.7684471995541663
3.4707190572450197,0.6470487102567826,0.0,1.0,0.7798603590100041
3.4861847495032148,0.6588291904345647,0.0,1.0,0.7912963208645242
3.501304618074185,0.6710767755366259,0.0,1.0,0.8027043001405307
3.516083599454621,0.6837836202029217,0.0,1.0,0.814038802602885
3.530526872927092,0.6969418337642027,0.0,1.0,0.8252597167668199
3.5446397707344395,0.7105434970054542,0.0,1.0,0.8363323231431424
3.558427715685738,0.724580673809999,0.0,1.0,0.8472271047639539
3.571896184892251,0.739045417927176,0.0,1.0,0.8579194242203283
3.58505068668902,0.7539297772792777,0.0,1.0,0.868389187348355
3.597896746399619,0.769225796618159,0.0,1.0,0.8786205128521403
3.6104398980430106,0.7849255190729267,0.0,1.0,0.888601378849871
3.622685680148175,0.8010209869310128,0.0,1.0,0.8983232585516892
3.634639633492644,0.8175042420602253,0.0,1.0,0.9077807599446978
3.6463072998263653,0.8343673261468958,0.0,1.0,0.9169712738831549
3.6576942209976995,0.8516022808589906,0.0,1.0,0.9258946279645079
3.668805938850127,0.8692011478653885,0.0,1.0,0.9345527495273651
3.6796479952317087,0.887155968834107,0.0,1.0,0.9429493486736522
3.6902259319886928,0.9054587854335078,0.0,1.0,0.9510896257365195
3.700545290967702,0.9241016393318818,0.0,1.0,0.9589800022188224
3.7106116140153955,0.9430765721975127,0.0,1.0,0.9666278766278411
3.720430442978364,0.9623756256986987,0.0,1.0,0.9740414060106949
3.730007319703227,0.9819908415037241,0.0,1.0,0.9804864827982948
3.7393477860365976,1.0019142612808856,0.0,1.0,0.9859735075318787
3.7484573838250936,1.0221379266984758,0.0,1.0,0.990524297928751
3.757341654915324,1.042653879424784,0.0,1.0,0.9941609272175861
3.7660061411539085,1.0634541611281052,0.0,1.0,0.9969054086554159
3.7744563843874586,1.0845308134767273,0.0,1.0,0.9987794326652011
3.7826979264625917,1.1058758781389422,0.0,1.0,0.9998041506819256
3.790736309225913,1.1274813967830473,0.0,1.0,1.0
3.7985770745240472,1.149339411077328,0.0,1.0,1.0
3.8062257642036337,1.171441962690058,0.0,1.0,1.0
3.8136879201111227,1.1937810932896573,0.0,1.0,1.0
3.820969084093605,1.2163488445440318,0.0,1.0,1.0
3.828074797997007,1.2391372581220355,0.0,1.0,1.0
3.8350106036671683,1.2621383756925866,0.0,1.0,1.0
3.8417820429573286,1.285344238918591,0.0,1.0,1.0
3.8483946576603643,1.3087468895120729,0.0,1.0,1.0
3.854853989357516,1.3323383693573174,0.0,1.0,1.0
3.8611655791652097,1.3561107207169285,0.0,1.0,1.0
3.867334967263503,1.3800559866156374,0.0,1.0,1.0
3.873367691967891,1.4041662115957751,0.0,1.0,1.0
3.8792692881011956,1.4284334430424077,0.0,1.0,1.0
3.8850452843209426,1.4528497333586479,0.0,1.0,1.0
3.8907011984817474,1.4774071437402705,0.0,1.0,1.0
3.896242529801203,1.5020977505520376,0.0,1.0,1.0
3.901674747417482,1.5269136546408377,0.0,1.0,1.0
3.9070032742160508,1.5518469944994104,0.0,1.0,1.0
3.9122334633687004,1.576889965361606,0.0,1.0,1.0
3.9173705636800102,1.6020348474074724,0.0,1.0,1.0
3.922419678759719,1.6272740389935458,0.0,1.0,1.0
3.927385718264338,1.6526000963380898,0.0,1.0,1.0
3.9322733394508487,1.6780057810915319,0.0,1.0,1.0
3.937086872499562,1.7034841211173932,0.0,1.0,1.0
3.9418302544707777,1.729028464246089,0.0,1.0,1.0
3.94650696767949,1.754632528432754,0.0,1.0,1.0
3.9511199814362685,1.7802904491752958,0.0,1.0,1.0
3.955671691904993,1.8059968284652035,0.0,1.0,1.0
3.9601638977134535,1.8317467546384594,0.0,1.0,1.0
3.964597800975523,1.857535801543594,0.0,1.0,1.0
3.9689740191835874,1.8833600188622326,0.0,1.0,1.0
3.973292607521365,1.9092159139483122,0.0,1.0,1.0
3.977553111531989,1.9351004089606794,0.0,1.0,1.0
3.9817546387722738,1.9610107825424852,0.0,1.0,1.0
3.985895923604176,1.986944617086346,0.0,1.0,1.0
3.989975391096249,2.012899746723896,0.0,1.0,1.0
3.993991222693912,2.038874203875658,0.0,1.0,1.0
3.9979414197343983,2.064866167555194,0.0,1.0,1.0
4.001823850195613,2.0908739253194253,0.0,1.0,1.0
4.005636286587271,2.116895842428408,0.0,1.0,1.0
4.009376436254577,2.142930337180684,0.0,1.0,1.0
4.013041965012694,2.168975861676761,0.0,1.0,1.0
4.016630512021509,2.195030889712336,0.0,1.0,1.0
4.020139699903006,2.221093908543568,0.0,1.0,1.0
4.023567141534698,2.247163413357808,0.0,1.0,1.0
4.026910444419114,2.2732379037171944,0.0,1.0,1.0
4.030167213081392,2.299315881607206,0.0,1.0,1.0
4.033335050440474,2.3253958503206418,0.0,1.0,1.0
4.0364115586004035,2.3514763138135533,0.0,1.0,1.0
4.039394339269908,2.3775557763637476,0.0,1.0,1.0
4.042280993997191,2.403632742379689,0.0,1.0,1.0
4.045069124290248,2.4297057163025593,0.0,1.0,1.0
4.047756331666837,2.455773202565602,0.0,1.0,1.0
4.050340217642537,2.4818337056038287,0.0,1.0,1.0
4.052818383732759,2.5078857298523967,0.0,1.0,1.0
4.055188431453294,2.5339277797461466,0.0,1.0,1.0
4.05744796231975,2.5599583597200604,0.0,1.0,1.0
4.059594577847785,2.585975974209096,0.0,1.0,1.0
4.061625879553056,2.611979127648205,0.0,1.0,1.0
4.06353946895121,2.637966324472343,0.0,1.0,1.0
4.065332947557903,2.6639360691164664,0.0,1.0,1.0
4.067003916888786,2.6898868660155255,0.0,1.0,1.0
4.0685499784595125,2.7158172196044768,0.0,1.0,1.0
4.069968733785733,2.741725634318275,0.0,1.0,1.0
4.0712577843831,2.7676106145918773,0.0,1.0,1.0
4.072414731767266,2.793470664860239,0.0,1.0,1.0
4.073437177453884,2.8193042895583083,0.0,1.0,1.0
4.074322722958605,2.845109993121045,0.0,1.0,1.0
4.075068969797084,2.8708862799834023,0.0,1.0,1.0
4.07567351948497,2.896631654580336,0.0,1.0,1.0
4.076133973537917,2.9223446213468027,0.0,1.0,1.0
4.076447933471578,2.948023684717754,0.0,1.0,1.0
4.076613000801604,2.973667349128144,0.0,1.0,1.0
4.076626777043646,2.9992741190129295,0.0,1.0,1.0
4.076486863713361,3.0248424988070672,0.0,1.0,1.0
4.076190862326397,3.0503709929455067,0.0,1.0,1.0
4.0757363743984065,3.075858105863206,0.0,1.0,1.0
4.075121001445046,3.10130234199512,0.0,1.0,1.0
4.074342344981962,3.126702205776201,0.0,1.0,1.0
4.073398006524809,3.1520562016414093,0.0,1.0,1.0
4.072285587589241,3.1773628340256925,0.0,1.0,1.0
4.071002689690911,3.2026206073640093,0.0,1.0,1.0
4.069546914345467,3.2278280260913137,0.0,1.0,1.0
4.0679158630685635,3.252983594642561,0.0,1.0,1.0
4.066107137375854,3.278085817452707,0.0,1.0,1.0
4.06411833878299,3.303133198956703,0.0,1.0,1.0
4.061947068805625,3.3281242435895093,0.0,1.0,1.0
4.059590928959408,3.3530574557860717,0.0,1.0,1.0
4.057047520759992,3.3779313399813504,0.0,1.0,1.0
4.0543144457230325,3.402744400610307,0.0,1.0,1.0
4.0513893053641805,3.427495142107885,0.0,1.0,1.0
4.048269701199088,3.4521820689090443,0.0,1.0,1.0
4.044953234743404,3.4768036854487385,0.0,1.0,1.0
4.041437507512785,3.501358496161922,0.0,1.0,1.0
4.0377201210228835,3.5258450054835535,0.0,1.0,1.0
4.033798676789349,3.5502617178485822,0.0,1.0,1.0
4.029670776327837,3.5746071376919657,0.0,1.0,1.0
4.025334021153997,3.5988797694486587,0.0,1.0,1.0
4.020786012783482,3.6230781175536144,0.0,1.0,1.0
4.016024352731943,3.6472006864417907,0.0,1.0,1.0
4.011046642515037,3.67124598054814,0.0,1.0,1.0
4.005850483648413,3.6952125043076163,0.0,1.0,1.0
4.000433477647721,3.719098762155174,0.0,1.0,1.0
3.9947932260286168,3.7429032585257707,0.0,1.0,1.0
3.988927330306752,3.766624497854363,0.0,1.0,1.0
3.9828333919977794,3.7902609845759,0.0,1.0,1.0
3.9765090126173503,3.8138112231253385,0.0,1.0,1.0
3.969951793681117,3.8372737179376335,0.0,1.0,1.0
3.9631593367047317,3.86064697344774,0.0,1.0,1.0
3.956129243203846,3.883929494090615,0.0,1.0,1.0
3.9488591146941157,3.9071197843012087,0.0,1.0,1.0
3.9413465526911895,3.9302163485144783,0.0,1.0,1.0
3.9335891587107206,3.9532176911653787,0.0,1.0,1.0
3.925584534268362,3.9761223166888633,0.0,1.0,1.0
3.9173302808797645,3.99892872951989,0.0,1.0,1.0
3.9088240000605827,4.021635434093409,0.0,1.0,1.0
3.900063293326468,4.044240934844377,0.0,1.0,1.0
3.89104576219307,4.066743736207752,0.0,1.0,1.0
3.8817690081760508,4.089142342618485,0.0,1.0,1.0
3.8722306327910445,4.11143525851153,0.0,1.0,1.0
3.8624282375537073,4.133620988321841,0.0,1.0,1.0
3.852359423979787,4.1556980364843925,0.0,1.0,1.0
3.8420217935845438,4.1776649074340675,0.0,1.0,1.0
3.8314129478844996,4.199520105605977,0.0,1.0,1.0
3.8205304883947497,4.221262135434978,0.0,1.0,1.0
3.8093720166283593,4.242889501355555,0.0,1.0,1.0
3.797935134146622,4.264400707810853,0.0,1.0,1.0
3.786217442681561,4.2857942592746125,0.0,1.0,1.0
3.774216544332911,4.307068660286516,0.0,1.0,1.0
3.761930041916106,4.328222415514552,0.0,1.0,1.0
3.7493555396786205,4.349254029883459,0.0,1.0,1.0
3.736490644565287,4.370162008801592,0.0,1.0,1.0
3.7233329683249377,4.390944858538603,0.0,1.0,1.0
3.7098801308791356,4.411601086829436,0.0,1.0,1.0
3.6961297662483474,4.432129203936817,0.0,1.0,1.0
3.682079531396914,4.452527724237068,0.0,1.0,1.0
3.6677271186614715,4.472795168448393,0.0,1.0,1.0
3.653070272657767,4.492930066662085,0.0,1.0,1.0
3.638106815593209,4.5129309628808185,0.0,1.0,1.0
3.6228346791951775,4.532796420743042,0.0,1.0,1.0
3.6072519409043715,4.552525030012066,0.0,1.0,1.0
3.5913568655146246,4.572115414041659,0.0,1.0,1.0
3.5751479568455244,4.591566239040388,0.0,1.0,1.0
3.558624011952489,4.6108762237909335,0.0,1.0,1.0
3.541784164032659,4.630044147342644,0.0,1.0,1.0
3.524627922075091,4.649068856120417,0.0,1.0,1.0
3.5071552079057007,4.667949270566461,0.0,1.0,1.0
3.489366383320364,4.686684390004977,0.0,1.0,1.0
3.4712622446816246,4.705273291673407,0.0,1.0,1.0
3.452844010081087,4.7237151284207695,0.0,1.0,1.0
3.434113297847621,4.742009124854435,0.0,1.0,1.0
3.4150720957206855,4.7601545718131995,0.0,1.0,1.0
3.395722706628095,4.778150816645831,0.0,1.0,1.0
3.3760676982446105,4.795997254167442,0.0,1.0,1.0
3.3561098560553337,4.813693318244244,0.0,1.0,1.0
3.33585213901071,4.831238473842965,0.0,1.0,1.0
3.315297634411634,4.84863220894222,0.0,1.0,1.0
3.294449522507881,4.865874028185384,0.0,1.0,1.0
3.273311050013027,4.882963448132094,0.0,1.0,1.0
3.251885509252478,4.899899993519703,0.0,1.0,1.0
3.2301762218689203,4.916683194341848,0.0,1.0,1.0
3.20818652775637,4.93331258386444,0.0,1.0,1.0
3.1859197781718973,4.949787697390663,0.0,1.0,1.0
3.163379331095556,4.966108071429067,0.0,1.0,1.0
3.1405685482579933,4.98227324316063,0.0,1.0,1.0
3.1174907933956972,4.998282750125971,0.0,1.0,1.0
3.094149431332133,5.014136130060587,0.0,1.0,1.0
3.070547827447005,5.029832920799702,0.0,1.0,1.0
3.046689347390821,5.045372660227096,0.0,1.0,1.0
3.022577356917544,5.060754886245089,0.0,1.0,1.0
2.9982152218033034,5.075979136759986,0.0,1.0,1.0
2.9736063078176755,5.091044949676909,0.0,1.0,1.0
2.9487539807323024,5.105951862901354,0.0,1.0,1.0
2.9236616063185825,5.120699414338772,0.0,1.0,1.0
2.898332550347778,5.135287141894594,0.0,1.0,1.0
2.8727701785912547,5.149714583474258,0.0,1.0,1.0
2.846977856820337,5.163981276983208,0.0,1.0,1.0
2.820958950806363,5.178086760326885,0.0,1.0,1.0
2.7947168263206614,5.1920305714107275,0.0,1.0,1.0
2.7682548491345735,5.205812248140173,0.0,1.0,1.0
2.7415763850194317,5.219431328420664,0.0,1.0,1.0
2.7146847997465704,5.232887350157644,0.0,1.0,1.0
2.6875834590873238,5.246179851256548,0.0,1.0,1.0
2.660275728813024,5.259308369622816,0.0,1.0,1.0
2.6327649746950073,5.272272443161888,0.0,1.0,1.0
2.605054562504609,5.28507160977921,0.0,1.0,1.0
2.5771478580131633,5.297705407380217,0.0,1.0,1.0
2.5490482269920047,5.3101733738703505,0.0,1.0,1.0
2.5207590352124627,5.32247504715505,0.0,1.0,1.0
2.492283648445879,5.334609965139754,0.0,1.0,1.0
2.4636254324635853,5.346577665729906,0.0,1.0,1.0
2.434787753036917,5.358377686830944,0.0,1.0,1.0
2.4057739759372065,5.37000956634831,0.0,1.0,1.0
2.3765874669357867,5.381472842187441,0.0,1.0,1.0
2.347231591803997,5.392767052253778,0.0,1.0,1.0
2.31770971631317,5.403891734452764,0.0,1.0,1.0
2.288025206234639,5.414846426689834,0.0,1.0,1.0
2.25818142733974,5.425630666870434,0.0,1.0,1.0
2.228181745399802,5.436243992900002,0.0,1.0,1.0
2.1980295261861684,5.446685942683976,0.0,1.0,1.0
2.1677281354701687,5.456956054127795,0.0,1.0,1.0
2.137280939023137,5.467053865136902,0.0,1.0,1.0
2.1066913026164054,5.476978913616738,0.0,1.0,1.0
2.0759625920213156,5.486730737472743,0.0,1.0,1.0
2.0450981730091975,5.496308874610353,0.0,1.0,1.0
2.0141014113513855,5.50571286293501,0.0,1.0,1.0
1.9829756728192156,5.514942240352156,0.0,1.0,1.0
1.9517243231840173,5.523996544767231,0.0,1.0,1.0
1.9203507282171326,5.532875314085674,0.0,1.0,1.0
1.8888582536898917,5.5415780862129225,0.0,1.0,1.0
1.8572502653736294,5.550104399054421,0.0,1.0,1.0
1.825530129039681,5.558453790515608,0.0,1.0,1.0
1.7937012104593764,5.566625798501925,0.0,1.0,1.0
1.7617668754040576,5.574619960918807,0.0,1.0,1.0
1.7297304896450576,5.582435815671698,0.0,1.0,1.0
1.6975954189537068,5.590072900666036,0.0,1.0,1.0
1.665365029101341,5.597530753807268,0.0,1.0,1.0
1.6330426858592915,5.604808913000826,0.0,1.0,1.0
1.6006317549989,5.611906916152153,0.0,1.0,1.0
1.5681356022914972,5.618824301166689,0.0,1.0,1.0
1.535557593508418,5.625560605949874,0.0,1.0,1.0
1.5029010944209962,5.632115368407147,0.0,1.0,1.0
1.470169470800563,5.638488126443952,0.0,1.0,1.0
1.4373660884184603,5.644678417965726,0.0,1.0,1.0
1.404494313046018,5.650685780877907,0.0,1.0,1.0
1.3715575104545716,5.656509753085938,0.0,1.0,1.0
1.3385590464154555,5.662149872495261,0.0,1.0,1.0
1.3055022866999995,5.667605677011311,0.0,1.0,1.0
1.2723905970795462,5.672876704539531,0.0,1.0,1.0
1.2392273433254268,5.677962492985363,0.0,1.0,1.0
1.2060158912089747,5.682862580254246,0.0,1.0,1.0
1.1727596065015247,5.6875765042516155,0.0,1.0,1.0
1.1394618549744073,5.692103802882917,0.0,1.0,1.0
1.106126002398965,5.696444014053589,0.0,1.0,1.0
1.0727554145465286,5.700596675669069,0.0,1.0,1.0
1.0393534571884315,5.704561325634802,0.0,1.0,1.0
1.0059234960960088,5.7083375018562235,0.0,1.0,1.0
0.9724688970405915,5.711924742238777,0.0,1.0,1.0
0.9389930257935213,5.715322584687902,0.0,1.0,1.0
0.9054992481261289,5.718530567109039,0.0,1.0,1.0
0.8719909298097487,5.721548227407624,0.0,1.0,1.0
0.8384714366157149,5.724375103489099,0.0,1.0,1.0
0.8049441343153584,5.727010733258907,0.0,1.0,1.0
0.7714123886800212,5.729454654622486,0.0,1.0,1.0
0.7378795654810343,5.731706405485278,0.0,1.0,1.0
0.7043490304897312,5.73376552375272,0.0,1.0,1.0
0.6708241494774488,5.735631547330254,0.0,1.0,1.0
0.6373082882155173,5.737304014123317,0.0,1.0,1.0
0.6038048124752744,5.738782462037353,0.0,1.0,1.0
0.5703170880280537,5.740066428977801,0.0,1.0,1.0
0.5368484806451899,5.741155452850101,0.0,1.0,1.0
0.5034023560980171,5.742049071559691,0.0,1.0,1.0
0.4699820801578661,5.742746823012014,0.0,1.0,1.0
0.43659101859607796,5.743248245112512,0.0,1.0,1.0
0.4032325371839878,5.7435528757666106,0.0,1.0,1.0
0.3699100016929186,5.743660252879791,0.0,1.0,1.0
0.336626777894219,5.7435699143574395,0.0,1.0,1.0
0.30338623155923744,5.743281398104926,0.0,1.0,1.0
0.27019172845880063,5.7427942420296745,0.0,1.0,1.0
0.23704663436126097,5.7421079840485625,0.0,1.0,1.0
0.20395431502958455,5.741222162099175,0.0,1.0,1.0
0.17091813621629062,5.74013631415922,0.0,1.0,1.0
0.13794146365310678,5.738849978286267,0.0,1.0,1.0
0.10502766303209315,5.737362692690283,0.0,1.0,1.0
0.07218009997384543,5.735673995855711,0.0,1.0,1.0
0.03940213997726757,5.733783426734433,0.0,1.0,0.9999501245243771
0.0066971483336518475,5.731690525075812,0.0,1.0,0.9998347405916379
-0.025931510009538243,5.729394831949886,0.0,1.0,0.9996540161750908
-0.05848047063869502,5.72689589047737,0.0,1.0,0.9994088712234387
-0.09094636993226797,5.724193246821347,0.0,1.0,0.9991011384375454
-0.1233258454298786,5.721286451605161,0.0,1.0,0.9987336490330371
-0.155615536341382,5.718175061867762,0.0,1.0,0.9983102815693186
-0.18781208411139097,5.714858643232213,0.0,1.0,0.9978360336075072
-0.21991213306743673,5.711336772395266,0.0,1.0,0.9973170150729507
-0.25191233117924805,5.707609040043944,0.0,1.0,0.996760253757494
-0.28380933096058364,5.703675054319602,0.0,1.0,0.9961734497258636
-0.3155997901703261,5.699534443510926,0.0,1.0,0.9955647990971688
-0.34728037243530574,5.695186858446358,0.0,1.0,0.9949427650323847
-0.37884774779628316,5.69063197459121,0.0,1.0,0.9943157178284419
-0.4102985932086879,5.685869493971119,0.0,1.0,0.9936916299942582
-0.44162959253734607,5.6808991451518205,0.0,1.0,0.9930779401304581
-0.47283743632802194,5.675720682361573,0.0,1.0,0.992481451614392
-0.5039188214640569,5.670333884172285,0.0,1.0,0.9919082080401141
-0.5348704507156677,5.664738551768257,0.0,1.0,0.9913634531706903
-0.5656890319623659,5.658934505959396,0.0,1.0,0.9908517091732161
-0.596371277339622,5.652921583903417,0.0,1.0,0.9903768697823571
-0.6269139024924112,5.646699636238586,0.0,1.0,0.9899422703300063
-0.6573136258737957,5.640268524389505,0.0,1.0,0.9895507736358654
-0.687567168055522,5.63362811791894,0.0,1.0,0.989204871823311
-0.7176712511268478,5.6267782922186695,0.0,1.0,0.9889067691815128
-0.7476225982654003,5.619718926861063,0.0,1.0,0.9886584390106956
-0.7774179334001251,5.6124499043044205,0.0,1.0,0.9884269785823432
-0.8070539809519073,5.60497110889669,0.0,1.0,0.9881907944717786
-0.8365274656447794,5.597282426150221,0.0,1.0,0.9879497902773247
-0.865835112391657,5.5893837423029,0.0,1.0,0.9877038676299232
-0.8949736462182828,5.581274944026006,0.0,1.0,0.9874529261529827
-0.9239397922142668,5.57295591823613,0.0,1.0,0.9871968634214111
-0.9527302755031971,5.564426551980411,0.0,1.0,0.9869355749198069
-0.981341821226988,5.555686732376346,0.0,1.0,0.9866689539998031
-1.0097711545370673,5.546736346577991,0.0,1.0,0.9863968918365338
-1.0380150005895183,5.537575281757279,0.0,1.0,0.9861192773842181
-1.0660700845423525,5.528203425093543,0.0,1.0,0.9858359973308349
-1.0939331315539675,5.518620663767632,0.0,1.0,0.9855469360518724
-1.1216008667826887,5.50882688496008,0.0,1.0,0.9852519755631354
-1.1490700153868685,5.49882197585154,0.0,1.0,0.9849509954725869
-1.1763373025248538,5.488605823622644,0.0,1.0,0.9846438729312115
-1.2033994533549943,5.4781783154540165,0.0,1.0,0.9843304825828687
-1.2302531930356302,5.4675393385262945,0.0,1.0,0.9840106965131312
-1.256895246725112,5.456688780020105,0.0,1.0,0.9836843841970729
-1.2833223395817877,5.445626527116081,0.0,1.0,0.9833514124459923
-1.3095311967640015,5.434352466994853,0.0,1.0,0.9830116453530533
-1.3355185434301038,5.422866486837047,0.0,1.0,0.9826649442378094
-1.3612811047384388,5.411168473823299,0.0,1.0,0.9823111675896018
-1.3868156058473546,5.399258315134237,0.0,1.0,0.9819501710097978
-1.4121187719151982,5.387135897950496,0.0,1.0,0.981581807152855
-1.437187328100315,5.374801109452701,0.0,1.0,0.9812059256661783
-1.4620179995610567,5.362253836821482,0.0,1.0,0.9808223731287533
-1.4866075114557704,5.349493967237483,0.0,1.0,0.980430992988524
-1.5109525889427682,5.336521387881301,0.0,1.0,0.980031625498494
-1.5350499571805032,5.323335985933643,0.0,1.0,0.9796241076515243
-1.5588963413271821,5.309937648575042,0.0,1.0,0.9792082731138
-1.5824884665409331,5.296326262985965,0.0,1.0,0.978783952156939
-1.6058230579820298,5.282501716348438,0.0,1.0,0.9783509715887134
-1.6288968408030207,5.2684638958389165,0.0,1.0,0.9779091546823607
-1.651706540200229,5.254212688665344,0.0,1.0,0.9774583211044495
-1.674248881526095,5.239747982147966,0.0,1.0,0.9769982868412752
-1.6965205904969356,5.225069663868749,0.0,1.0,0.9765288641237501
-1.7185183935749042,5.210177621946146,0.0,1.0,0.9760498613507654
-1.74023901867561,5.195071745544056,0.0,1.0,0.975561083010985
-1.7616791963769058,5.179751925741306,0.0,1.0,0.9750623296030457
-1.7828356621167991,5.16421805711258,0.0,1.0,0.9745533975541287
-1.80370516004125,5.14847004049612,0.0,1.0,0.9740340791368658
-1.8242844489234509,5.132507787251374,0.0,1.0,0.973504162384557
-1.8445703108823834,5.11633122553019,0.0,1.0,0.9729634310046501
-1.864559564674834,5.099940309837626,0.0,1.0,0.9724116642904592
-1.884249086039457,5.083335035665229,0.0,1.0,0.9720537824162425
-1.9036358331988,5.066515457834395,0.0,1.0,0.9719538563955429
-1.9227168788377944,5.049481713498165,0.0,1.0,0.9721109608317171
-1.9414894505539029,5.032234051236624,0.0,1.0,0.9725210725537808
-1.9599509847053183,5.014772869789377,0.0,1.0,0.9731764092195525
-1.9780991784972752,4.9970987555207085,0.0,1.0,0.9740650764614239
-1.9959320428889464,4.979212520474995,0.0,1.0,0.9751708669435258
-2.0134479565705856,4.961115241201909,0.0,1.0,0.9764729655180253
-2.0306457259156194,4.942808301879379,0.0,1.0,0.9779459764202086
-2.0475246203129682,4.924293419727772,0.0,1.0,0.9795607231590678
-2.0640843902346786,4.905572658005759,0.0,1.0,0.9812852585707857
-2.080325275778702,4.886648432155058,0.0,1.0,0.9830855895196067
-2.0962480073508862,4.8675235102909715,0.0,1.0,0.9849266187462173
-2.1118537766398586,4.8482009923249185,0.0,1.0,0.9867736250980966
-2.127144188163216,4.828684275112085,0.0,1.0,0.9885935176084771
-2.1421212116911508,4.808977018230217,0.0,1.0,0.9903553952576902
-2.1567871320218286,4.78908310785355,0.0,1.0,0.9920309635725653
-2.1711444916179756,4.769006615491868,0.0,1.0,0.9935950468336688
-2.1851960313073904,4.748751755336985,0.0,1.0,0.9950257526679345
-2.1989446444759304,4.7283228513142,0.0,1.0,0.9963041501239401
-2.2123933380701626,4.707724309031903,0.0,1.0,0.9974138863412391
-2.2255451996146522,4.686960592057446,0.0,1.0,0.9983408983700581
-2.2384033700574975,4.666036202385185,0.0,1.0,0.9990730597498525
-2.2509710259987172,4.644955667653552,0.0,1.0,0.9995997615818353
-2.263251367016087,4.62372353202865,0.0,1.0,0.9999115715582724
-2.275247606774949,4.602344349809626,0.0,1.0,1.0
-2.2869629670164633,4.580822681104491,0.0,1.0,1.0
-2.298400674138506,4.559163089370778,0.0,1.0,1.0
-2.3095639571469513,4.537370139941929,0.0,1.0,1.0
-2.3204560464257464,4.515448399142621,0.0,1.0,1.0
-2.3310801730422805,4.493402433789119,0.0,1.0,1.0
-2.3414395684077878,4.471236810945023,0.0,1.0,1.0
-2.3515374640846405,4.448956097782636,0.0,1.0,1.0
-2.3613770916670136,4.426564861497138,0.0,1.0,1.0
-2.370961682745378,4.404067669281047,0.0,1.0,1.0
-2.3802944689096868,4.381469088326507,0.0,1.0,1.0
-2.3893786817507205,4.358773685826254,0.0,1.0,1.0
-2.3982175528588856,4.335986028972756,0.0,1.0,1.0
-2.406814313824764,4.313110684958684,0.0,1.0,1.0
-2.415172196238554,4.290152220976071,0.0,1.0,1.0
-2.423294431691376,4.267115204218488,0.0,1.0,1.0
-2.431184251773288,4.244004201877751,0.0,1.0,1.0
-2.4388448880579037,4.220823781118421,0.0,1.0,1.0
-2.4462795720455324,4.197578508983587,0.0,1.0,1.0
-2.453491535079661,4.1742729522564845,0.0,1.0,1.0
-2.4604840081964143,4.1509116772110275,0.0,1.0,1.0
-2.4672602218425577,4.127499249144554,0.0,1.0,1.0
-2.4738234053292483,4.104040231472639,0.0,1.0,1.0
-2.4801767859125112,4.080539184205427,0.0,1.0,1.0
-2.48632358732768,4.057000661519136,0.0,1.0,1.0
-2.492267027494199,4.033429207952816,0.0,1.0,1.0
-2.4980103146285315,4.009829351967302,0.0,1.0,1.0
-2.503556641796151,3.986205596917622,0.0,1.0,1.0
-2.508909179555988,3.962562408864561,0.0,1.0,1.0
-2.514071066246869,3.9389042004789028,0.0,1.0,1.0
-2.5190453938547397,3.915235307622845,0.0,1.0,1.0
-2.523835191680837,3.891559962287529,0.0,1.0,1.0
-2.5284434085595318,3.8678822631272536,0.0,1.0,1.0
-2.5328728932124025,3.8442061429054197,0.0,1.0,1.0
-2.537126370484626,3.820535329117268,0.0,1.0,1.0
-2.541206419671366,3.7968733080758326,0.0,1.0,1.0
-2.545115459022969,3.7732232992364394,0.0,1.0,1.0
-2.5488557325714103,3.7495882333675854,0.0,1.0,1.0
-2.5524292988387542,3.7259707338404198,0.0,1.0,1.0
-2.5558380268515672,3.7023731100244524,0.0,1.0,1.0
-2.559083605098045,3.6787973721298854,0.0,1.0,1.0
-2.5621675523746483,3.6552452491809175,0.0,1.0,1.0
-2.5650912316161794,3.63171821193273,0.0,1.0,1.0
-2.5678558676052705,3.6082175022168284,0.0,1.0,1.0
-2.5704625716617873,3.5847441738523584,0.0,1.0,1.0
-2.572912362633983,3.5612991274293186,0.0,1.0,1.0
-2.5752061858528594,3.5378831417166596,0.0,1.0,1.0
-2.577344930327054,3.5144969021549186,0.0,1.0,1.0
-2.579329445036599,3.491141027855636,0.0,1.0,1.0
-2.5811605507813766,3.4678160912347114,0.0,1.0,1.0
-2.582839048907351,3.4445226324721276,0.0,1.0,1.0
-2.584365727911177,3.4212611704560447,0.0,1.0,1.0
-2.5857413683641592,3.3980322109419947,0.0,1.0,1.0
-2.5869667460359493,3.3748362517289854,0.0,1.0,1.0
-2.588042633810344,3.35167378583404,0.0,1.0,1.0
-2.588969802928579,3.3285453035524006,0.0,1.0,1.0
-2.589749023752266,3.3054512937217333,0.0,1.0,1.0
-2.5903810661855835,3.282392244421719,0.0,1.0,1.0
-2.5908666998924486,3.2593686433339126,0.0,1.0,1.0
-2.5912066944191494,3.236380977944956,0.0,1.0,1.0
-2.591401819263134,3.213429735660566,0.0,1.0,1.0
-2.5914528439155258,3.19051540387597,0.0,1.0,1.0
-2.5913605378687348,3.167638469988535,0.0,1.0,1.0
-2.5911256706144856,3.1447994213944894,0.0,1.0,1.0
-2.5907490116447027,3.1219987454903877,0.0,1.0,1.0
-2.5902313304512923,3.0992369296727635,0.0,1.0,1.0
-2.5895733965261423,3.0765144613381152,0.0,1.0,1.0
-2.588775979361154,3.0538318278829624,0.0,1.0,1.0
-2.5878398484482212,3.031189516703813,0.0,1.0,1.0
-2.5867657732792497,3.008588015197207,0.0,1.0,1.0
-2.585554523346116,2.9860278107595835,0.0,1.0,1.0
-2.584206868140745,2.96350939078756,0.0,1.0,1.0
-2.58272357715508,2.941033242677819,0.0,1.0,1.0
-2.5811054198806174,2.918599853825407,0.0,1.0,1.0
-2.579353165810557,2.896209711631605,0.0,1.0,1.0
-2.5774675844345443,2.8738633034846854,0.0,1.0,1.0
-2.575449445243815,2.8515611167787354,0.0,1.0,1.0
-2.573299517749596,2.8293036389810733,0.0,1.0,1.0
-2.571018571369498,2.807091357216123,0.0,1.0,1.0
-2.5686073757520638,2.7849247594541295,0.0,1.0,1.0
-2.566066700315658,2.7628043328222938,0.0,1.0,1.0
-2.5633973136893045,2.7407305615567465,0.0,1.0,1.0
-2.560599989437881,2.7187039479717856,0.0,1.0,1.0
-2.5576754869021396,2.6967249422841335,0.0,1.0,1.0
-2.554624585828086,2.6747940694472105,0.0,1.0,1.0
-2.5514481691310666,2.652912232293908,0.0,1.0,1.0
-2.548147255324738,2.631080830363099,0.0,1.0,1.0
-2.5447230395373692,2.609301910237014,0.0,1.0,1.0
-2.5411770719385487,2.5875788192396096,0.0,1.0,1.0
-2.537511574558312,2.565917366157759,0.0,1.0,1.0
-2.533729929909173,2.5443276115452247,0.0,1.0,1.0
-2.5298374245204753,2.5228265921822945,0.0,1.0,1.0
-2.525842270812938,2.5014420657489036,0.0,1.0,1.0
-2.521756953932261,2.480217446783778,0.0,1.0,1.0
-2.517600161257353,2.4592188789254292,0.0,1.0,1.0
-2.5133989130016503,2.438543046324284,0.0,1.0,1.0
-2.509190580015323,2.418324574888722,0.0,1.0,1.0
-2.5050247046786525,2.3987427159287646,0.0,1.0,1.0
-2.5009645571979933,2.3800270671355555,0.0,1.0,1.0
-2.4970871205697476,2.362457545096642,0.0,1.0,1.0
-2.493481121857821,2.346357203205354,0.0,1.0,1.0
-2.4902433296767135,2.3320787070308877,0.0,1.0,1.0
-2.4874732658149616,2.319985005016639,0.0,1.0,1.0
-2.485266781878872,2.310425830539317,0.0,1.0,1.0
-2.483702614816195,2.3036885631445903,0.0,1.0,1.0
-2.4828474254492665,2.3000165539591455,0.0,1.0,1.0
