4.209996511222794,4.791748486933174,0.0,1.0,0.803593157047689
4.205401301610803,4.797578438053507,0.0,1.0,0.8079866033517614
4.197407836398049,4.807612729531674,0.0,1.0,0.8126606830218118
4.186774015940508,4.8207225077336116,0.0,1.0,0.816887668550533
4.174227451660823,4.835825577239194,0.0,1.0,0.8217616270796895
4.160403221999415,4.851981005458563,0.0,1.0,0.8274856078704579
4.145728297061069,4.868561105037137,0.0,1.0,0.8340598240052681
4.130458672141524,4.885195299922937,0.0,1.0,0.841294263195984
4.114726947239572,4.9016985121264245,0.0,1.0,0.8489353172700655
4.0985928293276785,4.917995161639082,0.0,1.0,0.8567359365607463
4.0820844121879585,4.934057154102642,0.0,1.0,0.8645298937105477
4.065216355745664,4.949876571798589,0.0,1.0,0.8722302937446803
4.04799858020102,4.965452613669818,0.0,1.0,0.8797973609451192
4.030439681308435,4.9807864674744495,0.0,1.0,0.8872173185838623
4.012547853833833,4.995879922911542,0.0,1.0,0.8944871623916183
3.9943312092641157,5.010734894634234,0.0,1.0,0.9016079486383644
3.975797901940852,5.025353232995368,0.0,1.0,0.9085825539128312
3.956956076798482,5.039736802462495,0.0,1.0,0.9154144146566883
3.93781387728917,5.053887469727218,0.0,1.0,0.9221072429646963
3.918379449001082,5.067807098276221,0.0,1.0,0.9286651043768849
3.8986609366617997,5.081497552887432,0.0,1.0,0.935092319221365
3.878666485121138,5.094960698155381,0.0,1.0,0.9413934097486844
3.8584042392928257,5.108198398578693,0.0,1.0,0.9475730601452103
3.837882344040236,5.121212518731562,0.0,1.0,0.9536360715510338
3.817108944242767,5.134004923164117,0.0,1.0,0.9595873261124238
3.7960921847790527,5.146577476427649,0.0,1.0,0.9653270150588332
3.774840210525762,5.158932043076391,0.0,1.0,0.9705814849296741
3.753361166360669,5.171070487662919,0.0,1.0,0.9753628471155033
3.731663197161282,5.182994674740214,0.0,1.0,0.9796830998909885
3.70975444780508,5.194706468861288,0.0,1.0,0.9835540754124676
3.687643063169594,5.206207734579082,0.0,1.0,0.9869873952859403
3.665337188132338,5.2175003364465695,0.0,1.0,0.9899944337547291
3.6428449675708245,5.228586139016716,0.0,1.0,0.9925862876871943
3.6201745463625676,5.239467006842486,0.0,1.0,0.9947737525790437
3.597334069385084,5.250144804476847,0.0,1.0,0.9965673038511211
3.5743316815158854,5.2606213964727635,0.0,1.0,0.9979770827871213
3.551175527632489,5.270898647383203,0.0,1.0,0.9990128865142279
3.5278737526124093,5.280978421761128,0.0,1.0,0.9996841614883704
3.504434501333157,5.290862584159507,0.0,1.0,1.0
3.4808659186722517,5.300552999131309,0.0,1.0,1.0
3.4571761495072053,5.310051531229495,0.0,1.0,1.0
3.433373338715532,5.3193600450070315,0.0,1.0,1.0
3.4094656311747475,5.3284804050168875,0.0,1.0,1.0
3.3854611717623664,5.337414475812024,0.0,1.0,1.0
3.3613681053559037,5.346164121945411,0.0,1.0,1.0
3.337194576832873,5.354731207970015,0.0,1.0,1.0
3.312948731070788,5.363117598438799,0.0,1.0,1.0
3.288638712947164,5.371325157904731,0.0,1.0,1.0
3.2642726673395166,5.379355750920775,0.0,1.0,1.0
3.239858739125358,5.387211242039896,0.0,1.0,1.0
3.2154050731822097,5.394893495815065,0.0,1.0,1.0
3.190919814387569,5.402404376799244,0.0,1.0,1.0
3.1664111076189725,5.409745749545401,0.0,1.0,1.0
3.1418870977539655,5.416919478606498,0.0,1.0,1.0
3.1173559296698143,5.423927428535505,0.0,1.0,1.0
3.092825748244672,5.430771463885385,0.0,1.0,1.0
3.068304698355566,5.437453449209108,0.0,1.0,1.0
3.0438009248773645,5.443975249059635,0.0,1.0,1.0
3.0193225726994855,5.450338727989935,0.0,1.0,1.0
2.9948777866543357,5.456545750552973,0.0,1.0,1.0
2.97047471115176,5.462598181301715,0.0,1.0,1.0
2.9461214888985343,5.468497884789128,0.0,1.0,1.0
2.921826256155344,5.474246725568176,0.0,1.0,1.0
2.897597128432079,5.479846568191826,0.0,1.0,1.0
2.873442169304755,5.485299277213045,0.0,1.0,1.0
2.849369311414038,5.4906067171847965,0.0,1.0,1.0
2.8253862010501303,5.495770752660047,0.0,1.0,1.0
2.8014999787298227,5.500793248191763,0.0,1.0,1.0
2.7777169546013187,5.50567606833291,0.0,1.0,1.0
2.754042178493192,5.510421077636456,0.0,1.0,1.0
2.730479172272263,5.515030140655366,0.0,1.0,1.0
2.7070297683842326,5.519505121942604,0.0,1.0,1.0
2.6836940417551816,5.523847886051137,0.0,1.0,1.0
2.6604706019983713,5.52806029753393,0.0,1.0,1.0
2.637356961164726,5.532144220943951,0.0,1.0,1.0
2.614349856749742,5.5361015208341655,0.0,1.0,1.0
2.591445573917919,5.539934061757539,0.0,1.0,1.0
2.56864017551697,5.543643708267038,0.0,1.0,1.0
2.5459296150049027,5.547232324915625,0.0,1.0,1.0
2.523309802118534,5.550701776256271,0.0,1.0,1.0
2.500776632166992,5.554053926841937,0.0,1.0,1.0
2.4783259956845134,5.557290641225592,0.0,1.0,1.0
2.4559537818484314,5.560413783960202,0.0,1.0,1.0
2.433655879571052,5.5634252195987335,0.0,1.0,1.0
2.4114281777526316,5.566326812694151,0.0,1.0,1.0
2.3892665653001575,5.56912042779942,0.0,1.0,1.0
2.3671669311159493,5.571807929467505,0.0,1.0,1.0
2.3451251641036954,5.574391182251376,0.0,1.0,1.0
2.323137153167067,5.576872050703995,0.0,1.0,1.0
2.301198787209545,5.579252399378332,0.0,1.0,1.0
2.2793059551347103,5.5815340928273525,0.0,1.0,1.0
2.25745454584612,5.583718995604017,0.0,1.0,1.0
2.2356404482473273,5.585808972261295,0.0,1.0,1.0
2.2138595512418933,5.587805887352155,0.0,1.0,1.0
2.192107743733375,5.5897116054295575,0.0,1.0,1.0
2.1703809146253303,5.591527991046473,0.0,1.0,1.0
2.148674952821316,5.593256908755866,0.0,1.0,1.0
2.12698574722489,5.594900223110702,0.0,1.0,1.0
2.1053091867396114,5.596459798663949,0.0,1.0,1.0
2.0836411602690363,5.597937499968567,0.0,1.0,1.0
2.0619775567167236,5.599335191577527,0.0,1.0,1.0
2.04031426498623,5.600654738043795,0.0,1.0,1.0
2.018647173981113,5.601898003920335,0.0,1.0,1.0
1.9969721726049319,5.603066853760113,0.0,1.0,1.0
1.975285149761244,5.604163152116098,0.0,1.0,1.0
1.9535819943536066,5.605188763541252,0.0,1.0,1.0
1.9318585952855762,5.606145552588542,0.0,1.0,1.0
1.910110841460715,5.607035383810935,0.0,1.0,1.0
1.8883346217825783,5.607860121761395,0.0,1.0,1.0
1.8665258251547012,5.608621630992901,0.0,1.0,1.0
1.8446803404807315,5.609321776058371,0.0,1.0,1.0
1.8227940566640766,5.60996242151085,0.0,1.0,1.0
1.8008628626081946,5.610545431903349,0.0,1.0,1.0
1.7788826472180164,5.611072671788162,0.0,1.0,1.0
1.7568492993938136,5.611546005719867,0.0,1.0,1.0
1.7347587081355602,5.611967298204272,0.0,1.0,1.0
1.7126067628991577,5.612338413524235,0.0,1.0,1.0
1.6903893548806426,5.612661215111625,0.0,1.0,1.0
1.668102381481447,5.612937563363689,0.0,1.0,1.0
1.6457417573147706,5.613169310260576,0.0,1.0,1.0
1.6233034394789712,5.613358287005891,0.0,1.0,1.0
1.6007834875594396,5.613506274683894,0.0,1.0,1.0
1.5781781615618884,5.613614956367107,0.0,1.0,1.0
1.5554840534195848,5.613685852805204,0.0,1.0,1.0
1.5326982975133947,5.613720219474186,0.0,1.0,1.0
1.509818757370651,5.613718955274854,0.0,1.0,1.0
1.4868441290386396,5.6136825519799824,0.0,1.0,1.0
1.4637740102546528,5.613611060408014,0.0,1.0,1.0
1.4406088515023625,5.613504114358006,0.0,1.0,1.0
1.4173497558873378,5.613361028476704,0.0,1.0,1.0
1.393998309066377,5.6131808814283675,0.0,1.0,1.0
1.3705564107947499,5.612962598273369,0.0,1.0,1.0
1.3470261247225719,5.612705023922436,0.0,1.0,1.0
1.32340959583302,5.6124069635119085,0.0,1.0,1.0
1.2997090059041079,5.612067204184308,0.0,1.0,1.0
1.2759265498787447,5.6116845266441215,0.0,1.0,1.0
1.252064426942821,5.611257709520879,0.0,1.0,1.0
1.2281248376588776,5.610785530770892,0.0,1.0,1.0
1.2041099829165736,5.610266768190499,0.0,1.0,1.0
1.1800220636433973,5.6097001995575395,0.0,1.0,1.0
1.1558632807676832,5.6090846026494345,0.0,1.0,1.0
1.13163583521629,5.6084187552443305,0.0,1.0,1.0
1.1073419279167227,5.607701435120064,0.0,1.0,1.0
1.0829837597963723,5.606931420054516,0.0,1.0,1.0
1.0585635317825945,5.606107487825589,0.0,1.0,1.0
1.034083444802782,5.605228416211177,0.0,1.0,1.0
1.00954569978431,5.604292982989161,0.0,1.0,1.0
0.9849524976545605,5.603299965937443,0.0,1.0,1.0
0.9603060393409129,5.602248142833911,0.0,1.0,1.0
0.9356085257707464,5.601136291456455,0.0,1.0,1.0
0.9108621578714421,5.599963189582966,0.0,1.0,1.0
0.8860691365703801,5.598727614991337,0.0,1.0,0.9999761864919012
0.8612316627949403,5.597428345459461,0.0,1.0,0.9998875851197103
0.8363519374725027,5.596064158765225,0.0,1.0,0.9997324937021967
0.811432161530447,5.594633832686529,0.0,1.0,0.9995092143533866
0.7864745358961532,5.593136145001256,0.0,1.0,0.9992160567659032
0.7614812614970015,5.591569873487299,0.0,1.0,0.998851341689595
0.7364545392603726,5.589933795922556,0.0,1.0,0.9984134046044905
0.7113965701136464,5.588226690084913,0.0,1.0,0.997900599562866
0.6863095549842018,5.586447333752261,0.0,1.0,0.9973113035773081
0.6611956947994202,5.584594504702495,0.0,1.0,0.9966439225646317
0.6360571904866805,5.582666980713503,0.0,1.0,0.9958969007911911
0.6108962429733633,5.5806635395631785,0.0,1.0,0.9950687417684377
0.5857150531868499,5.578582959029415,0.0,1.0,0.9941580613994466
0.5605158220545186,5.576424016890102,0.0,1.0,0.9931636954874682
0.5353007505037493,5.57418549092313,0.0,1.0,0.9920849098745675
0.5100720394619225,5.571866158906393,0.0,1.0,0.9909218005602781
0.4848318898564191,5.569464798617779,0.0,1.0,0.9896758137314077
0.4595825026146187,5.566980187835183,0.0,1.0,0.9883502120585177
0.43432607866390077,5.564411104336496,0.0,1.0,0.9869505462334783
0.409064818931646,5.56175632589961,0.0,1.0,0.9854847155212697
0.38380092434523355,5.5590146303024115,0.0,1.0,0.9839621404812062
0.35853659583204467,5.5561847953228005,0.0,1.0,0.9823927354626859
0.33327403431945885,5.553265598738665,0.0,1.0,0.9807859343127142
0.3080154407348561,5.550255818327891,0.0,1.0,0.979149582372366
0.28276301600561654,5.547154231868378,0.0,1.0,0.9774894343181593
0.25751896105912037,5.5439596171380146,0.0,1.0,0.9758094053407051
0.23228547682274692,5.540670751914693,0.0,1.0,0.9741119619210421
0.20706476422387654,5.537286413976302,0.0,1.0,0.972398559790865
0.18185902418989075,5.533805381100737,0.0,1.0,0.9706700991093073
0.15667045764816734,5.530226431065888,0.0,1.0,0.968927206881344
0.13150126552608712,5.526548341649645,0.0,1.0,0.9671703754823745
0.10635364875103104,5.5227698906299025,0.0,1.0,0.9654000348559748
0.08122980825037793,5.518889855784547,0.0,1.0,0.9636165811012811
0.05613194495150848,5.514907014891479,0.0,1.0,0.9618203850855508
0.031062259781803707,5.510820145728583,0.0,1.0,0.960011795058261
0.006022953668641353,5.50662802607375,0.0,1.0,0.9581911371842647
-0.018983772460597063,5.502329433704876,0.0,1.0,0.9563587153578604
-0.0439557176785313,5.497923146399851,0.0,1.0,0.9545148109517311
-0.06889068105778189,5.493407941936564,0.0,1.0,0.9526596826214507
-0.0937864616709684,5.488782598092909,0.0,1.0,0.9507935661520537
-0.11864085859071141,5.484045892646779,0.0,1.0,0.9489166743380071
-0.1434516708896303,5.479196603376061,0.0,1.0,0.9470291969002479
-0.1682166976403457,5.474233508058651,0.0,1.0,0.9451313004369908
-0.1929337379154766,5.469155384472441,0.0,1.0,0.9432231284062548
-0.21760059078764282,5.463961010395318,0.0,1.0,0.9413048011386402
-0.24221505532946588,5.458649163605176,0.0,1.0,0.9393764158783933
-0.2667749306135644,5.453218621879907,0.0,1.0,0.9374380468508394
-0.2912780157125588,5.447668162997403,0.0,1.0,0.9354897453544074
-0.3157221096990691,5.441996564735555,0.0,1.0,0.9335315398753932
-0.34010501164571405,5.436202604872255,0.0,1.0,0.9315634362236209
-0.36442452062511504,5.430285061185393,0.0,1.0,0.9295854176872049
-0.3886784357098922,5.424242711452861,0.0,1.0,0.9275974452047281
-0.4128645559726648,5.418074333452551,0.0,1.0,0.9255994575530431
-0.4369806804860525,5.411778704962357,0.0,1.0,0.9235913715490817
-0.46102460832267605,5.405354603760165,0.0,1.0,0.9215730822641155
-0.4849941385551544,5.398800807623872,0.0,1.0,0.9195444632488143
-0.5088870702561084,5.392116094331369,0.0,1.0,0.9175053667675469
-0.5327012024981579,5.385299241660543,0.0,1.0,0.9154556240406787
-0.5564343343539228,5.378349027389292,0.0,1.0,0.9133950454933193
-0.5800842648960227,5.3712642292955035,0.0,1.0,0.9113234210092311
-0.603648793197077,5.364043625157066,0.0,1.0,0.9092405201887804
-0.6271257183297069,5.356685992751879,0.0,1.0,0.9071460926095352
-0.650512839366532,5.34919010985783,0.0,1.0,0.9050398680884905
-0.673807955380172,5.341554754252809,0.0,1.0,0.9029215569448535
-0.6970088654432474,5.3337787037147075,0.0,1.0,0.9007908502624776
-0.7201133686283774,5.32586073602142,0.0,1.0,0.8986474201508744
-0.7431192640081816,5.317799628950838,0.0,1.0,0.8964909200039618
-0.7660243506552814,5.30959416028085,0.0,1.0,0.8943209847559347
-0.7888264276422959,5.301243107789351,0.0,1.0,0.8921372311332348
-0.8115232940418451,5.292745249254229,0.0,1.0,0.8899392579020834
-0.8341127489265493,5.28409936245338,0.0,1.0,0.8877266461110533
-0.856592591369027,5.275304225164692,0.0,1.0,0.8854989593278637
-0.8789606204419002,5.266358615166059,0.0,1.0,0.8832557438700624
-0.901214635217788,5.2572613102353705,0.0,1.0,0.8809965290291601
-0.92335243476931,5.248011088150518,0.0,1.0,0.8787208272876627
-0.9453718181690864,5.2386067266893965,0.0,1.0,0.8764281345286876
-0.9672705844897366,5.229047003629892,0.0,1.0,0.8741179302379036
-0.989046532803882,5.219330696749902,0.0,1.0,0.8717896776974653
-1.0106974621841414,5.209456583827312,0.0,1.0,0.8694428241716738
-1.0322211717031355,5.199423442640017,0.0,1.0,0.8670768010843043
-1.053615460433483,5.189230050965912,0.0,1.0,0.8647708098650443
-1.0748781274478063,5.178875186582887,0.0,1.0,0.8626615327851466
-1.096006971818721,5.168357627268824,0.0,1.0,0.8607540577761947
-1.1169997926188444,5.157676150801615,0.0,1.0,0.8590534431603692
-1.1378543889208437,5.1468295349592195,0.0,1.0,0.8575647067831536
-1.1585685597971866,5.135816557519307,0.0,1.0,0.8562928144829343
-1.179140104320694,5.124635996260065,0.0,1.0,0.8552426679006274
-1.1995668215643256,5.113286628959881,0.0,1.0,0.8544190917138064
-1.2198465105997667,5.101767233395276,0.0,1.0,0.8538268190327833
-1.239976970537388,5.090076587399488,0.0,1.0,0.8534704715751964
-1.259956000674109,5.078213469079244,0.0,1.0,0.8533545281007623
-1.279781400934602,5.066176657461599,0.0,1.0,0.8534832544742631
-1.2994509733940098,5.05396493472634,0.0,1.0,0.8538605256654056
-1.3189625265864209,5.0415770925224725,0.0,1.0,0.8544894656037697
-1.3383138841563733,5.029011944651892,0.0,1.0,0.8553717431701073
-1.3575029038583803,5.016268354923911,0.0,1.0,0.856506231663593
-1.3765275133038033,5.003345289562444,0.0,1.0,0.857887266506485
-1.3953857553767512,4.9902418837886335,0.0,1.0,0.8595030829715591
-1.4140758438383088,4.9769575233402295,0.0,1.0,0.8613342363424
-1.432596234828517,4.963491949298032,0.0,1.0,0.8633533990488217
-1.4509456574744377,4.949845302959312,0.0,1.0,0.865528132416583
-1.4691231171162815,4.936018130567496,0.0,1.0,0.867824329253546
-1.4871278828721293,4.922011365081267,0.0,1.0,0.8702094781467067
-1.5049594315744814,4.907826243981948,0.0,1.0,0.8726563757436856
-1.522617380517574,4.893464210676754,0.0,1.0,0.8751448091826656
-1.540101438857639,4.878926843248484,0.0,1.0,0.8776607145069906
-1.557411366027226,4.864215793488227,0.0,1.0,0.8801948673609463
-1.5745469440148294,4.849332746255533,0.0,1.0,0.8827414155937297
-1.5915079649580863,4.834279401289251,0.0,1.0,0.885296354175576
-1.6082942248226908,4.819057463940399,0.0,1.0,0.8878565789253373
-1.6249055207340075,4.803668641260148,0.0,1.0,0.8904194223409868
-1.6413416501591698,4.788114640800732,0.0,1.0,0.8929824116499697
-1.6576024106552132,4.772397170246174,0.0,1.0,0.8955431729694558
-1.6736875997886476,4.756517937294401,0.0,1.0,0.8980994023872734
-1.6895970151249544,4.740478649641818,0.0,1.0,0.900648857137002
-1.7053304542293284,4.724281014984426,0.0,1.0,0.9031893537420042
-1.7208877146672834,4.707926741018677,0.0,1.0,0.9057187685658473
-1.7362685940042146,4.691417535440857,0.0,1.0,0.9082342397365175
-1.7514728898055283,4.674755105947273,0.0,1.0,0.9107315431366526
-1.7665003996366417,4.657941160234239,0.0,1.0,0.9132090394507204
-1.7813509210629688,4.640977405998074,0.0,1.0,0.9156651534576551
-1.7960242516499207,4.62386555093508,0.0,1.0,0.9180983741118592
-1.810520188962913,4.606607302741575,0.0,1.0,0.9205072545080509
-1.8248385305673565,4.58920436911387,0.0,1.0,0.922890411736803
-1.838979074028666,4.571658457748275,0.0,1.0,0.9252465266356352
-1.852941616912252,4.553971276341106,0.0,1.0,0.9275743434421764
-1.86672595678353,4.536144532588673,0.0,1.0,0.929872669355832
-1.880331891207912,4.5181799341872875,0.0,1.0,0.9321403740137824
-1.8937592177508107,4.500079188833261,0.0,1.0,0.9343763888875332
-1.9070077339776412,4.481844004222905,0.0,1.0,0.9365797066061256
-1.9200772374538138,4.463476088052533,0.0,1.0,0.9387493802119309
-1.9329675257447432,4.444977148018458,0.0,1.0,0.9408845223546969
-1.9456783964158422,4.426348891816992,0.0,1.0,0.9429843044297335
-1.958209647032524,4.407593027144447,0.0,1.0,0.945047955665629
-1.9705610751602014,4.388711261697131,0.0,1.0,0.9470747621666652
-1.982732478364287,4.36970530317136,0.0,1.0,0.9490640659153879
-1.9947236542101956,4.350576859263444,0.0,1.0,0.9510152637405149
-2.0065344002633365,4.331327637669696,0.0,1.0,0.9529265424386483
-2.018164514089128,4.311959346086432,0.0,1.0,0.9547957351995205
-2.029613793252979,4.292473692209956,0.0,1.0,0.9566226544416373
-2.0408820353203048,4.272872383736588,0.0,1.0,0.9584077833943309
-2.0519690378565167,4.253157128362631,0.0,1.0,0.9601527169355203
-2.0628745984270296,4.233329633784406,0.0,1.0,0.9618605171898861
-2.0735985145972555,4.2133916076982185,0.0,1.0,0.9635319366925013
-2.0841405839326077,4.193344757800384,0.0,1.0,0.9651622595158053
-2.0945006039984984,4.173190791787217,0.0,1.0,0.9667513259548519
-2.1046783723603433,4.152931417355024,0.0,1.0,0.9682990198484679
-2.114673686583552,4.132568342200116,0.0,1.0,0.9698052674301957
-2.1244863442335404,4.112103274018813,0.0,1.0,0.9712700361878152
-2.134116142875719,4.0915379205074185,0.0,1.0,0.9726933337332574
-2.143562880075502,4.070873989362251,0.0,1.0,0.9740752066845445
-2.152826353398304,4.050113188279619,0.0,1.0,0.9754157395624365
-2.161906360409536,4.029257224955838,0.0,1.0,0.9767150537028267
-2.170802698674613,4.008307807087214,0.0,1.0,0.9779733061863147
-2.1795151657589455,3.9872666423700633,0.0,1.0,0.9791906887866679
-2.1880435592279492,3.966135438500697,0.0,1.0,0.9803674269392187
-2.196387676647034,3.9449159031754273,0.0,1.0,0.9815037787299642
-2.2045473155816167,3.9236097440905686,0.0,1.0,0.9826000339063733
-2.2125222735971084,3.9022186689424276,0.0,1.0,0.9836565129107842
-2.220312348258921,3.8807443854273194,0.0,1.0,0.9846735659364347
-2.2279173371324696,3.8591886012415557,0.0,1.0,0.9856515720071715
-2.235337037783167,3.8375530240814495,0.0,1.0,0.986590938081169
-2.242571247776424,3.8158393616433126,0.0,1.0,0.9874920981782196
-2.2496197646776572,3.794049321623455,0.0,1.0,0.988355512531277
-2.256482386052278,3.772184611718191,0.0,1.0,0.9891816667624268
-2.2631589094656985,3.7502469396238327,0.0,1.0,0.9899710710826573
-2.269649132483333,3.7282380130366892,0.0,1.0,0.9907242595155586
-2.2759528526705943,3.7061595396530747,0.0,1.0,0.9914417891448968
-2.2820698675928948,3.6840132271693005,0.0,1.0,0.9921242393854844
-2.2879999748156474,3.6618007832816812,0.0,1.0,0.992772211276988
-2.293742971904268,3.6395239156865276,0.0,1.0,0.9933863268005405
-2.2992986564241664,3.6171843320801482,0.0,1.0,0.9939672282172485
-2.304666825940757,3.5947837401588587,0.0,1.0,0.9945155774280501
-2.3098472780194528,3.5723238476189696,0.0,1.0,0.9950320553549212
-2.3148398102256653,3.549806362156794,0.0,1.0,0.9955173613420975
-2.31964422012481,3.5272329914686456,0.0,1.0,0.9959722125768268
-2.3242603052822997,3.504605443250832,0.0,1.0,0.9963973435292262
-2.328687863263547,3.481925425199669,0.0,1.0,0.9967935054100361
-2.3329266916339635,3.459194645011464,0.0,1.0,0.9971614656456699
-2.3369765879589637,3.4364148103825336,0.0,1.0,0.9975020073698422
-2.34083734980396,3.413587629009188,0.0,1.0,0.9978159289309159
-2.3445087747343663,3.3907148085877394,0.0,1.0,0.9981040434139095
-2.347990660315595,3.3677980568145016,0.0,1.0,0.9983671781763985
-2.3512828041130605,3.3448390813857856,0.0,1.0,0.9986061743975516
-2.354385003692173,3.321839589997899,0.0,1.0,0.9988218866390366
-2.357297056618348,3.298801290347161,0.0,1.0,0.9990151824171305
-2.360018760456998,3.2757258901298782,0.0,1.0,0.9991869417852476
-2.3625499127735354,3.2526150970423675,0.0,1.0,0.999338056925471
-2.3648903111333732,3.229470618780935,0.0,1.0,0.9994694317483518
-2.3670397531019267,3.206294163041898,0.0,1.0,0.9995819815002387
-2.3689980362446077,3.1830874375215665,0.0,1.0,0.9996766323769601
-2.370764958126827,3.1598521499162513,0.0,1.0,0.9997543211425711
-2.372340316314,3.136590007922266,0.0,1.0,0.9998159947526792
-2.3737239083715393,3.113302719235921,0.0,1.0,0.9998626099813929
-2.3749155318648594,3.0899919915535317,0.0,1.0,0.9998951330505353
-2.3759149843593703,3.0666595325714066,0.0,1.0,0.9999145392602561
-2.376722063420487,3.0433070499858603,0.0,1.0,0.9999218126201309
-2.3773365666136224,3.019936251493201,0.0,1.0,0.9999206219493716
-2.37775829150419,2.996548844789744,0.0,1.0,0.9999194131465701
-2.3779870356576014,2.9731465375718016,0.0,1.0,0.9999181859356042
-2.3780225966392714,2.949731037535685,0.0,1.0,0.9999169400361464
-2.3778647720146115,2.926304052377707,0.0,1.0,0.9999156751636005
-2.3775133593490354,2.9028672897941785,0.0,1.0,0.9999143910290358
-2.376968156207957,2.8794224574814096,0.0,1.0,0.9999130873391229
-2.376228960156787,2.8559712631357144,0.0,1.0,0.9999117637960638
-2.3752955687609405,2.832515414453405,0.0,1.0,0.9999104200975267
-2.374167779585835,2.8090566191307955,0.0,1.0,0.9999090559365753
-2.3728453901968645,2.7855965848641966,0.0,1.0,0.9999076710015992
-2.3713281981594703,2.7621370193499177,0.0,1.0,0.9999062649762427
-2.369616001039097,2.7386796302842717,0.0,1.0,0.9999048375393329
-2.3677085964008566,2.7152261253635723,0.0,1.0,0.9999033883648051
-2.365605781810996,2.6917782122841314,0.0,1.0,0.9999019171216293
-2.363307354834127,2.6683375987422613,0.0,1.0,0.9999004234737353
-2.360813113037791,2.6449059924342717,0.0,1.0,0.9998989070799342
-2.3581228540541104,2.6214851010564786,0.0,1.0,0.9998973675938421
-2.3552363758458132,2.5980766323051876,0.0,1.0,0.9998958046637991
-2.3521534775390505,2.5746822938767173,0.0,1.0,0.9998942179327908
-2.348873961775313,2.5513037934673752,0.0,1.0,0.9998968413740562
-2.3453976418488787,2.527942838773477,0.0,1.0,0.9999092702459619
-2.3417243577071165,2.504601137491333,0.0,1.0,0.999930641354685
-2.337854003465476,2.4812803973172555,0.0,1.0,0.9999580130520619
-2.333786583451058,2.457982325947554,0.0,1.0,0.9999848844178242
-2.3295222907134616,2.4347086310785424,0.0,1.0,1.0
-2.325061585726274,2.411461020406535,0.0,1.0,1.0
-2.3204052859904607,2.3882412016278427,0.0,1.0,1.0
-2.3155546372313274,2.3650508824387737,0.0,1.0,0.999906776386202
-2.3105112968061454,2.341891770535647,0.0,1.0,0.9996342513167594
-2.305277294364138,2.318765573614768,0.0,1.0,0.99917683730984
-2.299854966634768,2.2956739993724513,0.0,1.0,0.9985290166839746
-2.294246852669021,2.2726187555050092,0.0,1.0,0.9976853636743369
-2.2884556147509207,2.2496015497087525,0.0,1.0,0.9966405700896286
-2.282483984934549,2.2266240896799965,0.0,1.0,0.9953894730585228
-2.276334727176731,2.2036880831150496,0.0,1.0,0.9939270844480218
-2.2700106180881194,2.1807952377102264,0.0,1.0,0.9922486218669775
-2.263514439335355,2.157947261161836,0.0,1.0,0.9903495411350693
-2.2568489741556843,2.1351458611661926,0.0,1.0,0.9882477816921272
-2.250017006201313,2.1123927454196085,0.0,1.0,0.9860485121231969
-2.2430213192274038,2.089689621618395,0.0,1.0,0.9837502016569114
-2.2358646970030094,2.0670381974588636,0.0,1.0,0.9813514409446666
-2.2285499232936394,2.044440180637328,0.0,1.0,0.9788509542043503
-2.2210797818653276,2.0218972788500977,0.0,1.0,0.9762476113341543
-2.213457056484384,1.9994111997934858,0.0,1.0,0.9735404398600707
-2.2056845309169,1.9769836511638044,0.0,1.0,0.9707286365671032
-2.1977649889290394,1.9546163406573673,0.0,1.0,0.9678115786518472
-2.1897012142869596,1.932310975970486,0.0,1.0,0.9647888342233799
-2.181495990756809,1.910069264799469,0.0,1.0,0.9616601719709992
-2.173152102104742,1.8878929148406314,0.0,1.0,0.9584255698117669
-2.1646723320969143,1.865783633790284,0.0,1.0,0.9550852223285021
-2.156059464499478,1.8437431293447406,0.0,1.0,0.951639546810469
-2.1473162830785872,1.8217731092003129,0.0,1.0,0.948089187714929
-2.1384455716003945,1.7998752810533107,0.0,1.0,0.9444350193782242
-2.129450113831055,1.7780513526000497,0.0,1.0,0.9406781468205132
-2.120332693536719,1.756303031536836,0.0,1.0,0.9368199045094114
-2.1110960944835435,1.7346320255599874,0.0,1.0,0.932861852971569
-2.1017431004376785,1.713040042365813,0.0,1.0,0.9288057731728355
-2.092276495165281,1.691528789650627,0.0,1.0,0.9246536586282285
-2.082699062432502,1.6700999751107402,0.0,1.0,0.9204077052117435
-2.0730135860054966,1.6487553064424636,0.0,1.0,0.9160702987543379
-2.0632228496504155,1.6274964913421097,0.0,1.0,0.9116440006729976
-2.0533296371334147,1.6063252375059904,0.0,1.0,0.9071315321376294
-2.0433367322206473,1.5852432526304199,0.0,1.0,0.9025357581859761
-2.033246918678267,1.5642522444117088,0.0,1.0,0.8978596735117855
-2.0230629802724263,1.5433539205461677,0.0,1.0,0.8931063939228805
-2.0127877007692803,1.522549988730111,0.0,1.0,0.8882791617818632
-2.0024238639349794,1.5018421566598488,0.0,1.0,0.8833813566735669
-1.9919742535356795,1.4812321320316937,0.0,1.0,0.8784164836558387
-1.9814416533375334,1.4607216225419584,0.0,1.0,0.8733881406798976
-1.9708288471066944,1.4403123358869536,0.0,1.0,0.8682998880702834
-1.960138618609317,1.4200059797629936,0.0,1.0,0.8631549451994892
-1.9493737516115532,1.3998042618663882,0.0,1.0,0.8579558478335455
-1.9385370298795574,1.3797088898934506,0.0,1.0,0.8527041252871815
-1.9276312371794826,1.3597215715404922,0.0,1.0,0.8474000293130061
-1.9166591572774827,1.3398440145038248,0.0,1.0,0.8420425129679318
-1.9056235739397112,1.3200779264797624,0.0,1.0,0.8366294451279386
-1.8945272709323207,1.3004250151646142,0.0,1.0,0.831157898513334
-1.883373032021466,1.2808869882546943,0.0,1.0,0.8256244624409197
-1.8721636409732996,1.2614655534463144,0.0,1.0,0.8200255024381744
-1.8609018815539744,1.2421624184357847,0.0,1.0,0.8143573143029276
-1.8495905375296446,1.2229792909194186,0.0,1.0,0.808616204040919
-1.8382323926664639,1.2039178785935283,0.0,1.0,0.8027985204041892
-1.8268302307305864,1.1849798891544272,0.0,1.0,0.7969006621537936
-1.815386835488164,1.1661670302984246,0.0,1.0,0.7909190771146856
-1.803904990705352,1.1474810097218349,0.0,1.0,0.7848502591799748
-1.7923874800841864,1.1289235351209677,0.0,1.0,0.7786907452122
-1.7808370869426526,1.1104963141921362,0.0,1.0,0.772437112550273
-1.7692565929910689,1.0922010546316538,0.0,1.0,0.7660859771366926
-1.7576487745243126,1.0740394641358302,0.0,1.0,0.7596339922418648
-1.746016393107868,1.0560132504009794,0.0,1.0,0.7530778477509642
-1.7343621694857148,1.0381241211234125,0.0,1.0,0.7464142699885701
-1.722688728942569,1.02037378399944,0.0,1.0,0.7396400220837852
-1.7109985165206285,1.0027639467253764,0.0,1.0,0.7327519048676827
-1.6992936473729037,0.985296316997532,0.0,1.0,0.7257467582957574
-1.687575704545432,0.967972602512221,0.0,1.0,0.7186214633872444
-1.6758455732045499,0.9507945109657536,0.0,1.0,0.7113729446703624
-1.6641032933493738,0.9337637500544421,0.0,1.0,0.7039981731201498
-1.6523479545439463,0.9168820274745983,0.0,1.0,0.6964941695722119
-1.6405778011850936,0.9001510509225342,0.0,1.0,0.6888580085917622
-1.6287903797899388,0.8835725280945637,0.0,1.0,0.6810868227727246
-1.6169827047686312,0.8671481666869971,0.0,1.0,0.6731778074364324
-1.6051514606421342,0.8508796743961456,0.0,1.0,0.665128225693498
-1.5932931516888929,0.8347687589183239,0.0,1.0,0.6569354138259452
-1.5814041867280864,0.8188171279498415,0.0,1.0,0.6485967869395621
-1.5694809337573912,0.8030264891870114,0.0,1.0,0.6401098448289066
-1.5575197460450911,0.7873985503261455,0.0,1.0,0.6314721779893812
-1.5455169714440273,0.7719350190635553,0.0,1.0,0.6226814737026994
-1.5334689561993793,0.7566376030955547,0.0,1.0,0.6140478620335669
-1.5213720461722657,0.7415080101184535,0.0,1.0,0.6058576404235912
-1.509222587159696,0.7265479478285651,0.0,1.0,0.5981275429925378
-1.4970169249586762,0.7117591239222006,0.0,1.0,0.5908741901019583
-1.4847514053662134,0.6971432460956726,0.0,1.0,0.5841140193240407
-1.4724223741793157,0.6827020220452937,0.0,1.0,0.577863204019594
-1.460026177194989,0.6684371594673746,0.0,1.0,0.572137564267566
-1.4475591602102416,0.6543503660582288,0.0,1.0,0.566952471424699
-1.4350176690220795,0.6404433495141678,0.0,1.0,0.5623227464860581
-1.4223980494275095,0.626717817531502,0.0,1.0,0.5582625525309295
-1.4096966472235397,0.6131754778065454,0.0,1.0,0.5547108629783682
-1.3969098082071765,0.5998180380356092,0.0,1.0,0.5513145346314672
-1.3840338781754282,0.5866472059150064,0.0,1.0,0.5480780506529765
-1.3710652029253008,0.5736646891410477,0.0,1.0,0.5450056204004619
-1.3580001282538023,0.5608721954100464,0.0,1.0,0.5421011335144145
-1.3448349999579379,0.5482714324183132,0.0,1.0,0.5393681126342237
-1.3315661638347165,0.5358641078621604,0.0,1.0,0.536809665186884
-1.3181899656811449,0.5236519294379011,0.0,1.0,0.5344284347660943
-1.3047027512942295,0.5116366048418461,0.0,1.0,0.5322265526821753
-1.2911008664709782,0.4998198417703086,0.0,1.0,0.5302055903337511
-1.2773806570083983,0.4882033479195999,0.0,1.0,0.5283665131220642
-1.263538468703495,0.47678883098603103,0.0,1.0,0.5267096365873348
-1.2495706473532775,0.4655779986659155,0.0,1.0,0.525234586394314
-1.2354735387547517,0.4545725586555648,0.0,1.0,0.5239402649290771
-1.2212434887049233,0.443774218651291,0.0,1.0,0.5228248303007142
-1.2068768430008057,0.43318468634940716,0.0,1.0,0.5218857071779444
-1.1923699474394098,0.42280566944622633,0.0,1.0,0.521119661077246
-1.1777191478176732,0.4126388756380429,0.0,1.0,0.5205229855688412
-1.1629207899328136,0.402686012621222,0.0,1.0,0.5200919409527683
-1.1479712195815976,0.3929487880920157,0.0,1.0,0.519823485745446
-1.132866782560435,0.3834289097465852,0.0,1.0,0.5197160497304173
-1.1176038246700477,0.37412808528217767,0.0,1.0,0.5197704348954206
-1.1021786916986966,0.3650480223929032,0.0,1.0,0.519990443178194
-1.0865877294703454,0.35619042878186186,0.0,1.0,0.5203820290903355
-1.0708272840807167,0.3475570122205977,0.0,1.0,0.5209515258084888
-1.0548937029144083,0.33914948080525603,0.0,1.0,0.5217038635359785
-1.038783338356881,0.33096954389144556,0.0,1.0,0.5226402370094894
-1.0224925573550503,0.32301891450206627,0.0,1.0,0.5237563517418267
-1.0060177673014745,0.315299315846221,0.0,1.0,0.5250425321931466
-0.9893554807888494,0.30781249762758434,0.0,1.0,0.526484558075645
-0.9725024299443132,0.3005602648394066,0.0,1.0,0.5281655351751845
-0.9554557452419106,0.2935445227982926,0.0,1.0,0.5302366847039258
-0.9382132669308084,0.2867673555771505,0.0,1.0,0.5326680979644918
-0.9207738514916047,0.28023110318597233,0.0,1.0,0.5354307085439707
-0.903137617629471,0.27393842352501274,0.0,1.0,0.5384983621794331
-0.8853061869099714,0.26789235298872915,0.0,1.0,0.5418186263219505
-0.8672826837590653,0.2620963064657833,0.0,1.0,0.5450969739361511
-0.8490714948272832,0.2565540167350982,0.0,1.0,0.5483336022254027
-0.8306780229965823,0.2512694725126797,0.0,1.0,0.5515322904599398
-0.81210838092405,0.24624684127083954,0.0,1.0,0.554699434198404
-0.7933690796136803,0.2414903908052435,0.0,1.0,0.5578429966517557
-0.7744668496039055,0.23700444420113223,0.0,1.0,0.5609716380708127
-0.7554085266332913,0.232793351038317,0.0,1.0,0.5640941987755622
-0.7362009868860558,0.22886147108281452,0.0,1.0,0.5672194305137613
-0.716851121107864,0.22521316776793077,0.0,1.0,0.5703558866151158
-0.6973658250452496,0.2218528057864361,0.0,1.0,0.5735118968173853
-0.677751995733618,0.2187847501557025,0.0,1.0,0.576695569579559
-0.6580165304801348,0.2160133659615443,0.0,1.0,0.5799148012525012
-0.6381663266276697,0.21354301829876815,0.0,1.0,0.5831772855814493
-0.6182082815066231,0.21137807225904082,0.0,1.0,0.5864905211658715
-0.5981492924517219,0.20952289293511692,0.0,1.0,0.5898618168275298
-0.5779962567973258,0.20798184541966033,0.0,1.0,0.5932982949641834
-0.557756071877344,0.20675929480522115,0.0,1.0,0.596806893004506
-0.5374356350259704,0.2058596061844208,0.0,1.0,0.600394363047005
-0.5170418435773212,0.20528714464986128,0.0,1.0,0.6040672696736279
-0.49658159486551334,0.20504627529414415,0.0,1.0,0.6078319859651793
-0.47606178622466966,0.20514136320987386,0.0,1.0,0.6116946877428557
-0.45548931498891226,0.20557677348965372,0.0,1.0,0.6156613460629223
-0.4348710784923645,0.2063568712260868,0.0,1.0,0.6197377180009762
-0.41421397406914484,0.2074860215117768,0.0,1.0,0.6239293357702452
-0.3935248990533779,0.20896858943932717,0.0,1.0,0.6282414942295278
-0.3728107507791863,0.21080894010134088,0.0,1.0,0.6326792368496724
-0.35207842658069033,0.21301143859042163,0.0,1.0,0.6372473402228293
-0.3313348237920101,0.215580449999173,0.0,1.0,0.641950297216364
-0.3105868397472672,0.2185203394201986,0.0,1.0,0.6467922988931487
-0.2898413717805895,0.22183547194610082,0.0,1.0,0.6517772153418122
-0.2691053172260947,0.2255302126694837,0.0,1.0,0.6569085755842659
-0.24838557341790352,0.22960892668295088,0.0,1.0,0.6621895467532324
-0.22768903769014093,0.23407597907910505,0.0,1.0,0.667468702041821
-0.2070226073769242,0.2389357349505507,0.0,1.0,0.6725351196928226
-0.18639317981237888,0.24419255938989046,0.0,1.0,0.6773615992045106
-0.16580765233062633,0.24985081748972776,0.0,1.0,0.6819181452633617
-0.14527292226578978,0.2559148743426655,0.0,1.0,0.6861721851872369
-0.12479588695198851,0.262389095041308,0.0,1.0,0.6902820091506953
-0.10438344372334196,0.2692778446782594,0.0,1.0,0.6943541689169597
-0.08404248991397915,0.2765854883461207,0.0,1.0,0.6983775340633722
-0.06377992285801692,0.28431639113749707,0.0,1.0,0.7023428927123753
-0.04360263988957691,0.29247491814499194,0.0,1.0,0.7062447339998126
-0.023517538342782803,0.30106543446120804,0.0,1.0,0.7100825904393839
-0.003531515551755205,0.31009230517874936,0.0,1.0,0.7138608832080519
0.01634853114938199,0.3195598953902181,0.0,1.0,0.7175880803809984
0.0361157044265094,0.3294725701882195,0.0,1.0,0.7212748700253063
0.055763106945503745,0.33983469466535565,0.0,1.0,0.724930943775011
0.07528384137224499,0.3506506339142291,0.0,1.0,0.728562766877277
0.09467101037260456,0.36192475302744975,0.0,1.0,0.7321729351323516
0.11391771661247331,0.37366141709760564,0.0,1.0,0.7357600268059282
0.13301706275772374,0.38586499121730383,0.0,1.0,0.7393192321330158
0.15196215147417538,0.3985398404792426,0.0,1.0,0.7428435037341561
0.17074608542794487,0.4116903299756678,0.0,1.0,0.7463244032592925
0.18936196728451132,0.42532082479977584,0.0,1.0,0.7497526227300855
0.2078028997094994,0.43943569004455807,0.0,1.0,0.7531183333036298
0.2260619853723384,0.4540392907972288,0.0,1.0,0.7564113650955948
0.24413232693040907,0.4691359921632984,0.0,1.0,0.7596212990412433
0.2620070272988644,0.484730158856692,0.0,1.0,0.7627375223605986
0.27967919057158463,0.5008261538006992,0.0,1.0,0.7657492480091744
0.2971419253413318,0.5174283330842628,0.0,1.0,0.7686454423990565
0.31438835624403344,0.5345410284247804,0.0,1.0,0.7714145606679326
0.33141165241421033,0.5521685039408236,0.0,1.0,0.7740439266042614
0.3482050928257653,0.5703148568914707,0.0,1.0,0.7765182944369396
0.3647622214183218,0.5889837820203099,0.0,1.0,0.7788174548987506
0.3810771002899245,0.6081781869246825,0.0,1.0,0.7809137279279035
0.3971446496903953,0.6278996755640165,0.0,1.0,0.7827690532199734
0.4129611922911342,0.6481477214471565,0.0,1.0,0.7843330215260852
0.4285249358686757,0.6689189343767897,0.0,1.0,0.785545871067729
0.4438362405622037,0.6902066544524511,0.0,1.0,0.7863446054634514
0.4588977977029655,0.7120006804067149,0.0,1.0,0.7866691390399221
0.47371450327743564,0.7342874618301558,0.0,1.0,0.7864702699592724
0.48829294053374345,0.7570508851557217,0.0,1.0,0.7857156517587363
0.50264094028802,0.7802729416073925,0.0,1.0,0.7843893708100231
0.5167671454135934,0.8039343887945488,0.0,1.0,0.7824890267618357
0.5306806225107493,0.8280153406332991,0.0,1.0,0.7796845560276047
0.5443906484549021,0.852495591606011,0.0,1.0,0.7754164707280067
0.5579065952493266,0.8773547916841609,0.0,1.0,0.769732410976358
0.5712378689332608,0.9025725391344123,0.0,1.0,0.7626808710823174
0.5843938865155758,0.9281284155591941,0.0,1.0,0.7543081209359409
0.5973840685642838,0.9540019971541809,0.0,1.0,0.7447596447453507
0.6102178364931076,0.980172858830312,0.0,1.0,0.735006284910391
0.622904611813574,1.0066205753499362,0.0,1.0,0.7250459350177044
0.6354538160394018,1.033324721472086,0.0,1.0,0.7148766368926553
0.6478748706804893,1.0602648719615835,0.0,1.0,0.7044966525199232
0.6601771972484021,1.0874206015807293,0.0,1.0,0.6939045386730196
0.6723702172544219,1.1147714850922457,0.0,1.0,0.6830992135895144
0.6844633522097324,1.1422970972590132,0.0,1.0,0.6720799982551204
0.6964660236256105,1.1699770128437756,0.0,1.0,0.6608466062035958
0.7083876530132954,1.1977908066093093,0.0,1.0,0.6493991050547964
0.7202376618840349,1.2257180533184013,0.0,1.0,0.6377378734130292
0.7320254717490784,1.2537383277338314,0.0,1.0,0.6258635529444213
0.7437605041196725,1.281831204618378,0.0,1.0,0.6137770194158874
0.7554521805070654,1.3099762587348214,0.0,1.0,0.6014793772106882
0.7671099224225024,1.3381530648459365,0.0,1.0,0.5889719596002417
0.7787431513772333,1.36634119771451,0.0,1.0,0.576256330192039
0.7903612888825051,1.394520232103319,0.0,1.0,0.5633342835198173
0.8019737564495644,1.4226697427751407,0.0,1.0,0.5502078405321547
0.8135899755896601,1.4507693044927594,0.0,1.0,0.536879239320965
0.8252193678140389,1.4787984920189527,0.0,1.0,0.5233509221052868
0.8368713546339475,1.5067368801164978,0.0,1.0,0.5096255187257999
0.8485553575606344,1.5345640435481762,0.0,1.0,0.49570582684999936
0.8602807981053476,1.5622595570767714,0.0,1.0,0.4815947905430673
0.8720570977793346,1.589802995465064,0.0,1.0,0.4672954813517859
0.8838936780938464,1.6171739334758168,0.0,1.0,0.452811089622459
0.8957999605601102,1.6443519458718436,0.0,1.0,0.43814495632200484
0.9077853666894042,1.6713166074158885,0.0,1.0,0.42330072334398666
0.9198593179930269,1.6980474928706688,0.0,1.0,0.4082826806818676
0.9320312359818411,1.7245241769994213,0.0,1.0,0.3930964758633819
0.9443105421680773,1.7507262345637518,0.0,1.0,0.3777504761062059
0.9567066580622315,1.776633240327339,0.0,1.0,0.3622574558845315
0.969229005171488,1.8022247690578417,0.0,1.0,0.3466358991508579
0.9818870050253805,1.8274803954960799,0.0,1.0,0.3309110937694091
0.9946900790658685,1.8523796944880664,0.0,1.0,0.31563120495834945
1.007647648085892,1.8769022416595516,0.0,1.0,0.3015447991267624
1.0207691302625805,1.9010276157789157,0.0,1.0,0.2887816912203707
1.034063933872278,1.9247354075092855,0.0,1.0,0.27747421440173153
1.0475414353194177,1.9480052458045491,0.0,1.0,0.2677529491990396
1.0612109312412863,1.9708168554504468,0.0,1.0,0.2590976036006396
1.075081517166762,1.9931502028433985,0.0,1.0,0.251151483955333
1.0891618488085253,2.0149857827728646,0.0,1.0,0.24394447067497305
1.1034598050432936,2.036305023315247,0.0,1.0,0.23749432671773654
1.1179819893541698,2.0570908847986424,0.0,1.0,0.2318025908826406
1.1327330694530402,2.077328653177274,0.0,1.0,0.22685123948324853
1.1477153661992112,2.097006433902656,0.0,1.0,0.2226038220187768
1.162928605608029,2.1161154498592136,0.0,1.0,0.21900863734479872
1.1783698142559018,2.1346501670242044,0.0,1.0,0.21600504697497297
1.1940337680914508,2.1526077552681673,0.0,1.0,0.21353436764382308
1.2099135572769777,2.1699874097571152,0.0,1.0,0.2115474326740293
1.2260010823066607,2.186789754918579,0.0,1.0,0.21034142912083853
1.2422875489228835,2.2030162498515176,0.0,1.0,0.20989814758971423
1.258763821403508,2.2186687638887044,0.0,1.0,0.2101915785001549
1.2754205960107312,2.233749368216115,0.0,1.0,0.21120343773558778
1.2922485018537637,2.2482602146969937,0.0,1.0,0.21248371083017223
1.3092381458818043,2.262203481817519,0.0,1.0,0.21403443700672412
1.3263801277101162,2.275581356874827,0.0,1.0,0.21585823675494373
1.3436650448698426,2.2883960296698924,0.0,1.0,0.21795787006301928
1.361083494485073,2.3006496904927456,0.0,1.0,0.22033609154530848
1.3786260736613771,2.312344529655641,0.0,1.0,0.22299560575120742
1.3962833795146694,2.3234827374584177,0.0,1.0,0.2259390631784529
1.4140460091536942,2.3340665042095345,0.0,1.0,0.22916907199264963
1.4319045596892932,2.344098020214919,0.0,1.0,0.23268821386866329
1.4498496282322917,2.3535794757805246,0.0,1.0,0.23649905949790057
1.4678718118932115,2.362513061212664,0.0,1.0,0.24060418317863225
1.4859617077827352,2.3709009668174645,0.0,1.0,0.24500617639796707
1.5041099130115079,2.3787453829010947,0.0,1.0,0.24970765992158053
1.5223070246901675,2.3860484997697284,0.0,1.0,0.25471129407799914
1.540543639929364,2.3928125077295315,0.0,1.0,0.26001978689478134
1.5588103558397408,2.399039597086673,0.0,1.0,0.2656358997387951
1.5770977695319432,2.404731958147322,0.0,1.0,0.271562450131126
1.595396478116615,2.409891781217645,0.0,1.0,0.27780231141550044
1.6136970787044036,2.414521256603811,0.0,1.0,0.2843584089751869
1.6319901684059568,2.418622574611989,0.0,1.0,0.2912337127130813
1.6502663443319134,2.422197925548347,0.0,1.0,0.2984312255326724
1.66851620359292,2.4252494997190537,0.0,1.0,0.30584581441749503
1.6867303433085872,2.4277794874302767,0.0,1.0,0.31319431735895276
1.704899360652206,2.429790078988185,0.0,1.0,0.32046034097252024
1.7230138530218042,2.431283464698947,0.0,1.0,0.32762595746013395
1.7410644185724133,2.4322618348687306,0.0,1.0,0.3346717027351931
1.759041657518053,2.4327273798037052,0.0,1.0,0.3417587212678239
1.7769361757790652,2.432682289810037,0.0,1.0,0.3489990185210746
1.7947385926197916,2.4321287551938964,0.0,1.0,0.356385902384155
1.812439552500193,2.4310689662614497,0.0,1.0,0.3639121802429718
1.8300297459945443,2.4295051133188688,0.0,1.0,0.37157036972938967
1.847499938058934,2.42743938667232,0.0,1.0,0.37935322147696976
1.8648409912041783,2.4248739766279694,0.0,1.0,0.38725471189667393
1.8820438860847475,2.4218110734919893,0.0,1.0,0.39527115139872143
1.8990997362138795,2.4182528675705455,0.0,1.0,0.4034023845019809
1.9159997732484655,2.4142015491698072,0.0,1.0,0.4116529235180342
1.932735326400132,2.409659308595942,0.0,1.0,0.420031409821655
1.949297799262306,2.4046283361551204,0.0,1.0,0.42854845936341296
1.9656786415427363,2.3991108221535087,0.0,1.0,0.43721454748375344
1.9818693281447963,2.3931089568972754,0.0,1.0,0.44603744397337686
1.9978613473158473,2.38662493069259,0.0,1.0,0.4550198330607857
2.0136461930095715,2.3796609338456167,0.0,1.0,0.46415899230326896
2.0292153612386805,2.372219156662542,0.0,1.0,0.4734475493325487
2.0445603487727935,2.364301789449497,0.0,1.0,0.48287434512516747
2.059672652606305,2.355911022512643,0.0,1.0,0.4924255608728631
2.0745437697878284,2.347049046158423,0.0,1.0,0.5020856547261869
2.0891651973727616,2.3377180506921156,0.0,1.0,0.5118378895043857
2.1035284324203767,2.3279202264210643,0.0,1.0,0.5216646398551602
2.1176249719914626,2.317657763653421,0.0,1.0,0.5315475848351102
2.1314463131328227,2.3069328526898927,0.0,1.0,0.5414678289626776
2.144983953315312,2.295747684056956,0.0,1.0,0.5514059878264443
2.1582293920545292,2.28410444936975,0.0,1.0,0.5613422317798406
2.1711741357468193,2.272005343906845,0.0,1.0,0.5712561909881471
2.1838097143596795,2.2594525754965145,0.0,1.0,0.581126463027253
2.1961277286566254,2.2464483896601193,0.0,1.0,0.5909294612994184
2.2081199450257163,2.2329951201005156,0.0,1.0,0.6006370499541747
2.219778503731937,2.219095299579382,0.0,1.0,0.6102119920187754
2.2310963107360475,2.2047518685286622,0.0,1.0,0.6196023072447718
2.2420675354949307,2.1899684400884545,0.0,1.0,0.6287369208449536
2.252688220435417,2.174749624601892,0.0,1.0,0.6375220080517056
2.2629570646822947,2.159101446886074,0.0,1.0,0.6458430151280798
2.272875759551014,2.1430315248544565,0.0,1.0,0.6535773359464748
2.2824490239090314,2.126549088343864,0.0,1.0,0.660608391425095
2.2916844678736745,2.109664906544775,0.0,1.0,0.666837596841287
2.3005919783047517,2.092390960826483,0.0,1.0,0.672196004901719
2.3091829816528233,2.0747400522642048,0.0,1.0,0.6766474753880511
2.3174699112610395,2.056725518020962,0.0,1.0,0.6801829429630756
2.3254657515476023,2.0383609886620784,0.0,1.0,0.6828134133888373
2.333183734164714,2.0196602263847296,0.0,1.0,0.6845630213499841
2.340637202008622,2.000637052614437,0.0,1.0,0.6854626435869786
2.3478395399345944,1.9813053111164547,0.0,1.0,0.6855459084420679
2.3548041455090187,1.961678852423664,0.0,1.0,0.6848470556478754
2.361544420044315,1.9417715290634074,0.0,1.0,0.6833997108065778
2.3680737658383664,1.9215971940877015,0.0,1.0,0.681236250361559
2.374405585292883,1.9011697006038484,0.0,1.0,0.6783874680064284
2.380553280798296,1.8805029017131378,0.0,1.0,0.6748823774002951
2.3865302547419156,1.8596106505152028,0.0,1.0,0.6696270344738635
2.39234990951452,1.838506800111522,0.0,1.0,0.6626235609019239
2.3980256475055977,1.8172052036028805,0.0,1.0,0.6539327572373547
2.403570871104781,1.7957197140901522,0.0,1.0,0.6436094861946641
2.408998982701819,1.7740641846742662,0.0,1.0,0.6331659051873558
2.4143233846863783,1.7522524684561098,0.0,1.0,0.6226049676107505
2.419557479448152,1.7302984185365786,0.0,1.0,0.6119296012120944
2.4247146693768324,1.7082158880165714,0.0,1.0,0.6011426773053654
2.429808356862108,1.6860187299969933,0.0,1.0,0.5902469803475744
2.4348519442936682,1.6637207975787354,0.0,1.0,0.579245178326632
2.4398588340612033,1.641335943862697,0.0,1.0,0.5681397943912989
2.4448424285544013,1.6188780219497785,0.0,1.0,0.5569331801223657
2.449816130162953,1.5963608849408764,0.0,1.0,0.5456274908046667
2.454793341276549,1.5737983859368903,0.0,1.0,0.5342246630085784
2.4597874642848776,1.5512043780387184,0.0,1.0,0.522726394729477
2.464811901577629,1.5285927143472595,0.0,1.0,0.5111341282969493
2.4698800555444924,1.5059772479634088,0.0,1.0,0.49944903614850045
2.4750053285751594,1.4833718319880635,0.0,1.0,0.48767200957053647
2.480201123059318,1.4607903195221281,0.0,1.0,0.47580365094882154
2.485480841386657,1.438246563666498,0.0,1.0,0.46384427087218805
2.4908578859468715,1.4157544175220709,0.0,1.0,0.4517938929290929
2.496345659129631,1.393327734189739,0.0,1.0,0.4396522729606655
2.501957563324678,1.370980366770421,0.0,1.0,0.4274189555629681
2.507707000921651,1.3487261683649947,0.0,1.0,0.41509339819263863
2.5136073743100593,1.3265789920742772,0.0,1.0,0.40267515761021966
2.519672085880567,1.3045526909996001,0.0,1.0,0.3905265533592286
2.525914538020732,1.282661118240917,0.0,1.0,0.3796071705332556
2.532348133120907,1.260918126899421,0.0,1.0,0.36998368035424534
2.5389862735815667,1.2393375700807612,0.0,1.0,0.36172854501465074
2.545842361710042,1.2179333008495514,0.0,1.0,0.3549196061861855
2.552929798929642,1.1967191718809134,0.0,1.0,0.3490288255271518
2.560261983303227,1.1757090343693901,0.0,1.0,0.34369072132022804
2.5678523014909267,1.154916734485629,0.0,1.0,0.3389345845324073
2.5757141025128045,1.1343561018164958,0.0,1.0,0.33478787444960995
2.5838606355955136,1.1140409219810574,0.0,1.0,0.33127497341682477
2.5923049281801354,1.0939848828822714,0.0,1.0,0.32841519219503323
2.6010595133562773,1.0742014546176577,0.0,1.0,0.3262192753072076
2.610136020963003,1.054703709323189,0.0,1.0,0.324685412025598
2.619544699722674,1.0355041106310745,0.0,1.0,0.3237950865753608
2.6292937559661302,1.016614222319884,0.0,1.0,0.32350959173240845
2.6393888023781473,0.9980444654382695,0.0,1.0,0.3239166465737601
2.6498327357252194,0.9798040644332738,0.0,1.0,0.32495126938410646
2.6606257685770665,0.961901061126464,0.0,1.0,0.32653666899673817
2.671765730266227,0.9443424473131654,0.0,1.0,0.3286029493948129
2.6832487699449072,0.9271344745210365,0.0,1.0,0.33109508812486355
2.695069903324105,0.9102828948968887,0.0,1.0,0.3339739511958944
2.7072234592340796,0.8937931579559715,0.0,1.0,0.33721368572372673
2.7197034311122765,0.8776705654434123,0.0,1.0,0.34079876961068895
2.7325036638197697,0.8619203536433332,0.0,1.0,0.34472024421806885
2.7456179387088193,0.8465477308586262,0.0,1.0,0.34897265730325255
2.759040015986778,0.8315578960759856,0.0,1.0,0.35355244930942664
2.7727636496885064,0.8169560455625732,0.0,1.0,0.35845718524735964
2.786782592014589,0.8027473747773972,0.0,1.0,0.3635969008233861
2.8010905947852103,0.788937079011862,0.0,1.0,0.36896257717727415
2.815681409833097,0.7755303535629011,0.0,1.0,0.37455731572472567
2.830548788989621,0.7625323937268469,0.0,1.0,0.3803839593059677
2.845686484082671,0.7499483947984967,0.0,1.0,0.38644504676809577
2.8610882469420944,0.7377835520735195,0.0,1.0,0.3927427690316779
2.8767478293972624,0.7260430608473646,0.0,1.0,0.39927892369086343
2.8926589832775043,0.7147321164154657,0.0,1.0,0.4060548687149805
2.9088154604122387,0.7038559140732981,0.0,1.0,0.41307147567480335
2.9252110126308457,0.6934196491163181,0.0,1.0,0.42032908291603766
2.941839391762711,0.6834285168399865,0.0,1.0,0.42782744924291466
2.958694349637223,0.6738877125397624,0.0,1.0,0.4355657087042153
2.9757696380837673,0.6648024315111072,0.0,1.0,0.44354232713489655
2.9930590089317337,0.6561778690494795,0.0,1.0,0.45175506115979147
3.0105562140105104,0.6480192204503387,0.0,1.0,0.46020092040734206
3.0282550051494805,0.6403316810091472,0.0,1.0,0.4688761337141237
3.046149134178031,0.6331204460213645,0.0,1.0,0.4777761201198782
3.0642323529255537,0.6263907107824496,0.0,1.0,0.48689546545596457
3.0824984132214333,0.6201476705878629,0.0,1.0,0.4962279053147684
3.1009410668950568,0.6143965207330645,0.0,1.0,0.5057663151516052
3.1195540657758123,0.6091424565135146,0.0,1.0,0.5155027082123174
3.138331161693087,0.6043906732246732,0.0,1.0,0.5254282418980127
3.157266106476267,0.6001463661620005,0.0,1.0,0.535533233072769
3.176352651954738,0.5964147306209563,0.0,1.0,0.545807182691223
3.1955845499578923,0.5932009618970003,0.0,1.0,0.556238809972371
3.2149555523151125,0.5905102552855931,0.0,1.0,0.5668160961764013
3.2344594108557883,0.5883478060821952,0.0,1.0,0.5775263378563074
3.254089877409304,0.5867188095822659,0.0,1.0,0.5883562092605329
3.2738407038050488,0.5856284610812651,0.0,1.0,0.5992918333624335
3.293705641872412,0.5850819558746533,0.0,1.0,0.6103188607930558
3.3136784434407764,0.5850844892578909,0.0,1.0,0.6214225557629285
3.3337528603395317,0.5856412565264371,0.0,1.0,0.6325878878826732
3.3539226443980654,0.5867574529757523,0.0,1.0,0.6437996286381928
3.374181547445764,0.5884382739012967,0.0,1.0,0.6550424511502144
3.3945233213120143,0.5906889145985301,0.0,1.0,0.6663010317553127
3.414941717826204,0.5935145703629134,0.0,1.0,0.6775601518901551
3.4354304888177207,0.5969204364899043,0.0,1.0,0.688804798745382
3.455983386115949,0.6009117082749664,0.0,1.0,0.7000202631809262
3.4765941615502807,0.6054935810135607,0.0,1.0,0.7111922334600222
3.4972565669501026,0.61067125000112,0.0,1.0,0.7223068834643226
3.517964354144797,0.6164499105332001,0.0,1.0,0.7333509541849549
3.5387112749637515,0.6228347579051154,0.0,1.0,0.7443118274551168
3.5594910812363585,0.6298309874121661,0.0,1.0,0.755177591091363
3.580297524792004,0.6374437943513631,0.0,1.0,0.7659370947337142
3.6011243574600713,0.6456783740138718,0.0,1.0,0.7765799960667782
3.6219653310699513,0.654539921699285,0.0,1.0,0.7870967970772244
3.64281419745103,0.6640336326921107,0.0,1.0,0.7974788685306823
3.663664708432693,0.6741647019451202,0.0,1.0,0.8077184581654536
3.6845106158443315,0.6849383227126333,0.0,1.0,0.8178086730888341
3.7053456715153286,0.6963596822721655,0.0,1.0,0.827743413714504
3.7261636272750738,0.7084339498418972,0.0,1.0,0.8375171828750526
3.746958234952951,0.7211662399135803,0.0,1.0,0.8471246684095094
3.7677232463783494,0.7345615300543487,0.0,1.0,0.8565601168679058
3.7884524133806616,0.7486245195543139,0.0,1.0,0.865816316774932
3.8091394877892664,0.7633593415145542,0.0,1.0,0.8748832640451201
3.8297782214335543,0.7787691595143192,0.0,1.0,0.8837475907543723
3.850362366142914,0.7948557632987575,0.0,1.0,0.8923929962653452
3.870885673746732,0.8116191084605062,0.0,1.0,0.9008012524941952
3.8913418960743957,0.8290569506803631,0.0,1.0,0.9089550597594797
3.911724784955287,0.8471649309671259,0.0,1.0,0.9168418342875002
3.9320280922188013,0.865936777758546,0.0,1.0,0.9244555813858099
3.95224556969432,0.8853646419326949,0.0,1.0,0.9317975110882264
3.972370969211233,0.9054396349836966,0.0,1.0,0.938875803338838
3.99239804259893,0.9261522353220394,0.0,1.0,0.9457037023379782
4.012320541686793,0.9474925629293287,0.0,1.0,0.9522972582846736
4.03213221830421,0.9694505738935764,0.0,1.0,0.9586737284267551
4.051826824280569,0.9920161592964186,0.0,1.0,0.9648504400499324
4.071398111445261,1.0151791842454714,0.0,1.0,0.9708441125383166
4.090839831627669,1.038929505779708,0.0,1.0,0.9761871010565344
4.11014573665718,1.0632569788059854,0.0,1.0,0.9808883836788966
4.129309578363184,1.0881514577033562,0.0,1.0,0.9849870427614643
4.148325108575065,1.113602796778093,0.0,1.0,0.9885194606561909
4.167186079122212,1.1396008503519828,0.0,1.0,0.991519493738883
4.1858862418340115,1.166135472762316,0.0,1.0,0.9940186484121867
4.204419348539852,1.1931965182736577,0.0,1.0,0.9960462493542972
4.222779151069121,1.220773840623195,0.0,1.0,0.9976295930446945
4.2409594012512,1.248857291417726,0.0,1.0,0.9987940711855765
4.258953850915482,1.2774367142019538,0.0,1.0,0.9995632274224012
4.276756251891358,1.3065019265676172,0.0,1.0,0.999958710329669
4.294360356008205,1.3360426811527586,0.0,1.0,1.0
4.311759915095417,1.3660485668346851,0.0,1.0,1.0
4.32894868098238,1.396508814352369,0.0,1.0,1.0
4.345920405498481,1.4274120218743123,0.0,1.0,0.9999962647173885
4.3626688404731055,1.4587457490275866,0.0,1.0,0.9998948052980637
4.379187737735642,1.4904959791583476,0.0,1.0,0.9996943046538861
4.395470849115478,1.5226467845920197,0.0,1.0,0.9993939126788188
4.411511926441999,1.5551801246961618,0.0,1.0,0.998993089385089
4.427304721544595,1.5880757607097378,0.0,1.0,0.9984915472602721
4.442842986252654,1.6213116212059508,0.0,1.0,0.9978892396537635
4.45812047239556,1.6548642620375114,0.0,1.0,0.9971863625634666
4.473130931802699,1.6887092703211952,0.0,1.0,0.9963833605561027
4.487868116303463,1.7228216674437036,0.0,1.0,0.9954809334823403
4.502325777727234,1.757176196740275,0.0,1.0,0.9944800422459288
4.516497667903406,1.791747464732525,0.0,1.0,0.9933819130925067
4.530377538661362,1.8265100232600044,0.0,1.0,0.9921880401155645
4.543959141830473,1.861438406117517,0.0,1.0,0.9909001853211717
4.557236229240178,1.8965071411280647,0.0,1.0,0.9895203746958291
4.570202552719831,1.931690754417396,0.0,1.0,0.9880508891763158
4.582851864098575,1.9669637717793238,0.0,1.0,0.986494250859401
4.595177915206855,2.0023007189954316,0.0,1.0,0.9848532019033349
4.607174457872115,2.037676121849169,0.0,1.0,0.9831306811733616
4.61883524392352,2.073064506121904,0.0,1.0,0.9813298131265863
4.630154025267206,2.1084403977649124,0.0,1.0,0.9794539055169184
4.641124554474803,2.1437783241836668,0.0,1.0,0.9775064553180892
4.6517405869186845,2.1790528189034877,0.0,1.0,0.9754911747120364
4.661995886603393,2.214238434312552,0.0,1.0,0.9734120152562461
4.671884244316874,2.2493097813252114,0.0,1.0,0.9712731688028023
4.681399525704606,2.2842416344319854,0.0,1.0,0.9690790572688261
4.690535761880687,2.3190091296999125,0.0,1.0,0.9668343107404095
4.69928731739626,2.353588131811548,0.0,1.0,0.9645437310008946
4.707649195822356,2.3879559018143777,0.0,1.0,0.9622122549548674
4.715617382459811,2.4220918459991205,0.0,1.0,0.9598449229375496
4.723189190340749,2.455978271970627,0.0,1.0,0.9574468496392784
4.730363667373281,2.489601278326863,0.0,1.0,0.955023198174024
4.737141695915204,2.5229509722440886,0.0,1.0,0.9525791564492697
4.743525852050494,2.5560211619725077,0.0,1.0,0.9501199146277023
4.749520195280395,2.588808897276252,0.0,1.0,0.9476506433210071
4.755129888692539,2.6213136394396264,0.0,1.0,0.9451764724887587
4.760360770666953,2.6535363253733437,0.0,1.0,0.9427024711115142
4.765219087330225,2.685478782982316,0.0,1.0,0.9402336277752398
4.769711293314417,2.7171432957906547,0.0,1.0,0.9377748323093539
4.773843929685829,2.7485323361956815,0.0,1.0,0.9353308586113678
4.777623572527368,2.7796484531118453,0.0,1.0,0.9329063487761137
4.781056810546543,2.8104942230404575,0.0,1.0,0.9305057986256979
4.784150235991107,2.841072230218837,0.0,1.0,0.928133544715255
4.786910442036362,2.8713850609111673,0.0,1.0,0.9257937528692873
4.789344022060459,2.901435301824889,0.0,1.0,0.9234904082821497
4.7914575694320725,2.9312255396467335,0.0,1.0,0.9212273071958298
4.793257677522865,2.9607583610699524,0.0,1.0,0.9190080501490813
4.794750939704612,2.9900363527880534,0.0,1.0,0.916836036774054
4.795943949348591,3.0190621014934607,0.0,1.0,0.9147144621000319
4.796843299826318,3.0478381938791035,0.0,1.0,0.9126463143091699
4.797455584509257,3.076367216637814,0.0,1.0,0.9106343738769921
4.79778739676886,3.1046517564623954,0.0,1.0,0.9086812140142828
4.797845329976603,3.1326944000456898,0.0,1.0,0.9067892023330325
4.797635977503949,3.1604977340805167,0.0,1.0,0.9049605036359271
4.7971659327223515,3.1880643452597033,0.0,1.0,0.9031970836836314
4.796441789003297,3.2153968202760828,0.0,1.0,0.9015007140216121
4.79547013971826,3.2424977458224737,0.0,1.0,0.899872977437357
4.794257578238498,3.269369708591703,0.0,1.0,0.8983152738931879
4.792810697936143,3.296015295276599,0.0,1.0,0.8967667755260792
4.791136092181779,3.3224370925699893,0.0,1.0,0.895194695965563
4.789240354345375,3.348637687164702,0.0,1.0,0.8935986761071701
4.787130077802504,3.374619665753558,0.0,1.0,0.8919783513778377
4.784811855758974,3.400385615029388,0.0,1.0,0.8903333516526273
4.782292280601988,3.425938121685016,0.0,1.0,0.8886633011701796
4.779577941964094,3.45127977241327,0.0,1.0,0.8869678184468829
4.776675420041274,3.476413153906978,0.0,1.0,0.8852465161897287
4.773591266686788,3.501340852858963,0.0,1.0,0.8834990012078466
4.77033196744719,3.526065455962054,0.0,1.0,0.8817248743226864
4.766903858189835,3.550589549909072,0.0,1.0,0.8799237302768395
4.763312968240747,3.5749157213928497,0.0,1.0,0.8780951576414608
4.75956482109349,3.599046557106216,0.0,1.0,0.8762387387222956
4.755664190410287,3.622984643741989,0.0,1.0,0.8743540494642592
4.7516147862615945,3.6467325679929985,0.0,1.0,0.8724406593545779
4.74741912081379,3.670292916552074,0.0,1.0,0.8704981313244446
4.743078494172476,3.6936682761120374,0.0,1.0,0.8685260216491828
4.7385930489501655,3.716861233365719,0.0,1.0,0.866523879846886
4.733962016280315,3.739874375005942,0.0,1.0,0.8644912485755183
4.7291840109312275,3.762710287725535,0.0,1.0,0.8615305233315385
4.724257244568301,3.7853715582173217,0.0,1.0,0.858484945974917
4.7191797082376254,3.8078607731741316,0.0,1.0,0.8553511789020192
4.713949294006756,3.830180519288795,0.0,1.0,0.8521385648104922
4.708563849407422,3.85233338325413,0.0,1.0,0.8491694621597503
4.703021205173334,3.8743219517629646,0.0,1.0,0.8464519774495514
4.697319186949385,3.8961488115081284,0.0,1.0,0.8439929461387394
4.6914556188807675,3.917816549182448,0.0,1.0,0.8417984530368599
4.685428324718153,3.939327751478749,0.0,1.0,0.8398740207713492
4.679235128170652,3.960685005089856,0.0,1.0,0.8382246405423605
4.672873852951848,3.9818908967085975,0.0,1.0,0.8368547550327108
4.666342322776695,4.002948013027801,0.0,1.0,0.8357682246424305
4.659638361358415,4.023858940740289,0.0,1.0,0.8349682882997954
4.6527597924082045,4.044626266538891,0.0,1.0,0.8344575248749985
4.645704439625091,4.065252577116432,0.0,1.0,0.8342378170970478
4.6384701266611055,4.085740459165739,0.0,1.0,0.8343103191321887
4.631054677031574,4.1060924993796375,0.0,1.0,0.8346754304355853
4.623455913872031,4.126311284450958,0.0,1.0,0.8353327821664517
4.615671659330188,4.146399401072521,0.0,1.0,0.8362812412019812
4.607699733492336,4.1663594359371565,0.0,1.0,0.8375189315702714
4.599537952704298,4.18619397573769,0.0,1.0,0.8390432846770395
4.591184126647139,4.205905607166948,0.0,1.0,0.8408511001513772
4.5826360554595444,4.225496916917761,0.0,1.0,0.8429385592375761
4.573891527427957,4.244970491682945,0.0,1.0,0.8453012012196733
4.564948316727013,4.2643289181553365,0.0,1.0,0.8479338623820204
4.55580418341954,4.28357478302776,0.0,1.0,0.8508305243250869
4.546456875716123,4.3027106729930376,0.0,1.0,0.8539841569266158
4.5369041322849695,4.321739174744002,0.0,1.0,0.857386647334639
4.527143685129528,4.340662874973476,0.0,1.0,0.8610287691149195
4.517173262512778,4.359484360374285,0.0,1.0,0.8649001971739293
4.5069905906362795,4.378206217639255,0.0,1.0,0.8689895856517038
4.496593394713766,4.396831033461216,0.0,1.0,0.873284648990089
4.485979399579192,4.415361394532994,0.0,1.0,0.8777722236543922
4.47514632992978,4.433799887547413,0.0,1.0,0.8824383193829453
4.464091910415788,4.4521490991973,0.0,1.0,0.8872681564849426
4.452813865675379,4.470411616175483,0.0,1.0,0.8922461918407307
4.441309920344159,4.488590025174787,0.0,1.0,0.8973561383217185
4.4295777990574,4.506686912888039,0.0,1.0,0.9025809786588609
4.4176152264504935,4.524704866008064,0.0,1.0,0.9079029731929876
4.405419927158792,4.542646471227694,0.0,1.0,0.9133036603188301
4.392989625817644,4.560514315239747,0.0,1.0,0.9187638478490749
4.380322047062409,4.578310984737053,0.0,1.0,0.9242635931613752
4.36741491552844,4.596039066412444,0.0,1.0,0.9297821696193432
4.354265955851092,4.613701146958737,0.0,1.0,0.935298016321621
4.340872892665721,4.631299813068763,0.0,1.0,0.9407886677168906
4.327233450607682,4.64883765143535,0.0,1.0,0.9462306589566535
4.31334535431233,4.666317248751324,0.0,1.0,0.9515994019962036
4.299206328415018,4.683741191709512,0.0,1.0,0.9568690263488275
4.284814097551103,4.7011120670027315,0.0,1.0,0.962012176957103
4.270166386355942,4.718432461323823,0.0,1.0,0.9669997597553086
4.25526091946488,4.7357049613656095,0.0,1.0,0.9718006230041765
4.240095421513307,4.752932153820893,0.0,1.0,0.9763811591683556
4.224667617136511,4.770116625382552,0.0,1.0,0.9807048076722833
4.208975230969835,4.78726096274342,0.0,1.0,0.9847314328753403
4.193015987649122,4.804367752595966,0.0,1.0,0.9884165434786177
4.176787611808138,4.821439581634176,0.0,1.0,0.9917103082202864
4.160287828084339,4.838479036549346,0.0,1.0,0.9945563071554542
4.143514361116636,4.855488704031727,0.0,1.0,0.9968899360607748
4.126464935513757,4.872471170793471,0.0,1.0,0.9986363480437098
4.109137275979224,4.889429023477916,0.0,1.0,0.9997077747052745
4.091529107096254,4.906364848815742,0.0,1.0,1.0
4.07363815321799,4.923281233704658,0.0,1.0,1.0
4.055462140317423,4.940180763866386,0.0,1.0,1.0
4.036998790347012,4.95706602794149,0.0,1.0,1.0
4.018245828049261,4.973939612545007,0.0,1.0,1.0
3.9992009958734602,4.9908040914371785,0.0,1.0,1.0
3.979861955604721,5.007662096938936,0.0,1.0,1.0
3.9602265257819895,5.024516147570849,0.0,1.0,1.0
3.9402932800727823,5.041368213625212,0.0,1.0,1.0
3.9200632870894156,5.0582184540060595,0.0,1.0,1.0
3.899546543213294,5.075060545888681,0.0,1.0,1.0
3.8787783561597733,5.091869789557477,0.0,1.0,1.0
3.857853603756421,5.108578235032644,0.0,1.0,1.0
3.837004527551622,5.125018200389074,0.0,1.0,1.0
3.8166960732597413,5.140853041433766,0.0,1.0,1.0
3.7977157279573546,5.15551191673577,0.0,1.0,1.0
3.781243937740401,5.168138637994585,0.0,1.0,1.0
3.768638350775878,5.177748210649523,0.0,1.0,1.0
3.7613151420871462,5.1833130703049255,0.0,1.0,1.0
