-0.5018603560947265,5.018975906209567,0.0,1.0,0.9996870295303097
-0.503460936659459,5.0178114607770725,0.0,1.0,1.0
-0.5056081355346541,5.016252989349985,0.0,1.0,1.0
-0.5082930322787097,5.01430384443211,0.0,1.0,1.0
-0.5115067064500239,5.011967378527257,0.0,1.0,1.0
-0.5152402376069952,5.009246944139229,0.0,1.0,1.0
-0.5194847053080214,5.0061458937718335,0.0,1.0,1.0
-0.5242311891115008,5.002667579928879,0.0,1.0,1.0
-0.5294707685758316,4.9988153551141705,0.0,1.0,1.0
-0.535194523259412,4.994592571831514,0.0,1.0,1.0
-0.5413935325522844,4.9900025826501535,0.0,1.0,1.0
-0.5480579350130944,4.985049105817177,0.0,1.0,1.0
-0.5551747209198636,4.979737083238332,0.0,1.0,1.0
-0.5627302227880544,4.974071712475369,0.0,1.0,1.0
-0.5707107731331288,4.968058191090044,0.0,1.0,1.0
-0.5791027042610746,4.961701716734135,0.0,1.0,1.0
-0.5878919720523541,4.955007648840836,0.0,1.0,1.0
-0.5970633790902095,4.947981842511259,0.0,1.0,1.0
-0.6066015078347812,4.940630247451752,0.0,1.0,1.0
-0.61649094074621,4.932958813368664,0.0,1.0,1.0
-0.6267162600998457,4.924973490098394,0.0,1.0,1.0
-0.6372618966477579,4.916680334115214,0.0,1.0,1.0
-0.6481118556697736,4.908085701328943,0.0,1.0,1.0
-0.6592500683206641,4.899195999816554,0.0,1.0,1.0
-0.6706604657552003,4.89001763765502,0.0,1.0,1.0
-0.6823269795712346,4.8805570229146715,0.0,1.0,1.0
-0.6942337418755898,4.870820560662108,0.0,1.0,1.0
-0.7063654013424632,4.860814648225452,0.0,1.0,1.0
-0.7187066887016318,4.85054568170359,0.0,1.0,1.0
-0.7312423346828727,4.840020057195401,0.0,1.0,1.0
-0.7439570717219397,4.829244170526905,0.0,1.0,1.0
-0.7568361121859386,4.8182243407598095,0.0,1.0,1.0
-0.7698658041288852,4.8069667053044,0.0,1.0,1.0
-0.78303265985936,4.795477375298687,0.0,1.0,1.0
-0.7963231916859429,4.783762461880677,0.0,1.0,1.0
-0.8097239155003859,4.771828075454877,0.0,1.0,1.0
-0.8232220268282883,4.75968018729872,0.0,1.0,1.0
-0.8368062000264778,4.747324465959784,0.0,1.0,1.0
-0.8504653038584153,4.734766540188888,0.0,1.0,1.0
-0.8641882070875617,4.7220120387368505,0.0,1.0,1.0
-0.8779637842790402,4.709066589076695,0.0,1.0,1.0
-0.8917816966826848,4.695935645417035,0.0,1.0,1.0
-0.905633181215191,4.682624314931673,0.0,1.0,1.0
-0.9195096626829713,4.6691376634123865,0.0,1.0,1.0
-0.933402565892439,4.655480756650956,0.0,1.0,1.0
-0.9473033230893607,4.641658658393061,0.0,1.0,1.0
-0.9612041201456205,4.627676225108989,0.0,1.0,0.9999883483188212
-0.9750985337298664,4.613537930747862,0.0,1.0,0.9998713613193876
-0.9889802905848991,4.599248207982786,0.0,1.0,0.9996476014862044
-1.002843117453519,4.584811489486874,0.0,1.0,0.9993145227836002
-1.016680749566472,4.570232205161553,0.0,1.0,0.9988726398707157
-1.0304875868698409,4.555514567849941,0.0,1.0,0.9983274806898101
-1.0442591605956875,4.540662420981346,0.0,1.0,0.9976839047905275
-1.0579911121315566,4.525679572014549,0.0,1.0,0.9969417814981617
-1.0716790828649922,4.510569828408328,0.0,1.0,0.996098996102458
-1.0853187219356735,4.495336993676816,0.0,1.0,0.9951575590665888
-1.0989061607180226,4.479984625950766,0.0,1.0,0.9941259514820895
-1.1124382880561952,4.464515897925232,0.0,1.0,0.99301152207875
-1.1259120591366871,4.448933948537213,0.0,1.0,0.9918151692524945
-1.1393244291459959,4.433241916723703,0.0,1.0,0.9905353460203414
-1.152672359078515,4.417442936285069,0.0,1.0,0.9891750395530082
-1.1659531032959736,4.4015398815613676,0.0,1.0,0.9877440339139596
-1.17916434174156,4.385535250499333,0.0,1.0,0.9862506172197436
-1.1923037877618596,4.369431511503038,0.0,1.0,0.9846962648761356
-1.2053691547034586,4.353231132976545,0.0,1.0,0.9830800581237198
-1.2183581587743808,4.336936577088022,0.0,1.0,0.9814059548456949
-1.231268635689293,4.320550045566324,0.0,1.0,0.9796849005787996
-1.2440985813663867,4.304073391010762,0.0,1.0,0.9779259995115672
-1.2568460029444577,4.287508441567745,0.0,1.0,0.976131319190426
-1.2695089075623016,4.270857025383671,0.0,1.0,0.9743005807059432
-1.282085301979754,4.254120963633736,0.0,1.0,0.9724379596628806
-1.2945731796715523,4.237301833104995,0.0,1.0,0.9705537373666059
-1.30697051764794,4.220400907709312,0.0,1.0,0.96865629617283
-1.3192752918951314,4.203419442520866,0.0,1.0,0.9667478161854177
-1.3314854783993415,4.18635869261384,0.0,1.0,0.9648285524143483
-1.3435990501366506,4.169219906067789,0.0,1.0,0.962902590400956
-1.3556138903729915,4.152004122503571,0.0,1.0,0.9609790363541046
-1.3675277795556824,4.134712142623321,0.0,1.0,0.9590651881528718
-1.37933849248492,4.117344754006994,0.0,1.0,0.9571631893998052
-1.3910438039608968,4.099902744234549,0.0,1.0,0.9552736602949953
-1.4026414845267046,4.08238689524804,0.0,1.0,0.9533999879783003
-1.414129195695986,4.064797844596133,0.0,1.0,0.9515490414252007
-1.4255044833946218,4.0471360767486,0.0,1.0,0.9497262698203333
-1.4367648879783226,4.02940206879834,0.0,1.0,0.9479335092552639
-1.4479079498027971,4.011596297838251,0.0,1.0,0.9461715678743057
-1.4589312063577289,3.993719238368281,0.0,1.0,0.9444428869496212
-1.4698321314679068,3.975771307289521,0.0,1.0,0.9427518837189194
-1.4806081365206776,3.9577528650146867,0.0,1.0,0.9411020621004466
-1.4912566302828836,3.939664269585678,0.0,1.0,0.9394948346925156
-1.501775021521365,3.921505879044394,0.0,1.0,0.937931001134646
-1.5121607194913,3.9032780524287394,0.0,1.0,0.9364118853891368
-1.5224111429318523,3.884981168120035,0.0,1.0,0.934939439175362
-1.532523719186173,3.8666156220481893,0.0,1.0,0.9335152841652936
-1.5424958759092289,3.848181810779088,0.0,1.0,0.9321403429459828
-1.5523250407559885,3.829680130878616,0.0,1.0,0.9308152379185144
-1.5620086467325958,3.8111109840899586,0.0,1.0,0.929540110987355
-1.5715442183333268,3.7924748606717005,0.0,1.0,0.9283394419844182
-1.5809293568190996,3.773772325154689,0.0,1.0,0.927412657146291
-1.5901616658292745,3.755003944370925,0.0,1.0,0.9267632751121149
-1.5992387490032123,3.7361702851524132,0.0,1.0,0.9263457149562497
-1.6081582231285725,3.717271922323857,0.0,1.0,0.926142647844884
-1.616917904075323,3.6983095517297895,0.0,1.0,0.9261420431530653
-1.625515762175547,3.6792839631104783,0.0,1.0,0.9263332893266942
-1.6339497718050473,3.660195948664325,0.0,1.0,0.9267163952731631
-1.6422179073396252,3.641046300589726,0.0,1.0,0.9272955899350567
-1.6503181639926676,3.621835820526807,0.0,1.0,0.9280663153380261
-1.6582488178599661,3.60256543738646,0.0,1.0,0.9290102329064923
-1.6660083464684163,3.5832361713501184,0.0,1.0,0.9301114106428051
-1.6735952317395146,3.563849044590457,0.0,1.0,0.9313676453586006
-1.6810079555947592,3.544405079280153,0.0,1.0,0.9327819358077603
-1.688245026252434,3.52490530641117,0.0,1.0,0.934347622755714
-1.6953052689391919,3.505350863292227,0.0,1.0,0.9360435713974926
-1.7021877189040706,3.485742957668344,0.0,1.0,0.9378518272648685
-1.7088914151521297,3.4660827985442166,0.0,1.0,0.9397689358801015
-1.7154153966884278,3.4463715949245417,0.0,1.0,0.9417965353232975
-1.7217587349585237,3.4266105618073484,0.0,1.0,0.9439258761532068
-1.7279208525399634,3.4068009790617233,0.0,1.0,0.9461333268586194
-1.7339013867876127,3.38694416623652,0.0,1.0,0.9483991712828111
-1.7396999781428752,3.367041443450823,0.0,1.0,0.9507186696545885
-1.7453162670471554,3.3470941308237148,0.0,1.0,0.9530920728099846
-1.7507499273307903,3.327103550595281,0.0,1.0,0.9555101424214593
-1.7560009584371459,3.307071045689853,0.0,1.0,0.9579506354387631
-1.7610695435586086,3.2869979707042387,0.0,1.0,0.9603953464114243
-1.7659558679583722,3.2668856803667934,0.0,1.0,0.9628392694074422
-1.7706601168996299,3.246735529405872,0.0,1.0,0.9652814915920914
-1.775182507709895,3.2265488704831635,0.0,1.0,0.9677129390557357
-1.779523540296473,3.206327038047053,0.0,1.0,0.970113842853379
-1.7836838615628556,3.186071357071472,0.0,1.0,0.9724682782818258
-1.7876641196727903,3.1657831524491273,0.0,1.0,0.9747712885220691
-1.791464962790028,3.1454637490727286,0.0,1.0,0.9770211541905461
-1.7950870649956905,3.1251144654443124,0.0,1.0,0.9792102588399177
-1.798531307316004,3.1047365690377013,0.0,1.0,0.9813235668083587
-1.801798669918969,3.084331302880484,0.0,1.0,0.9833490589962948
-1.8048901335946788,3.0638999098468553,0.0,1.0,0.985282402449254
-1.8078066791332255,3.04344363281101,0.0,1.0,0.9871214463232285
-1.8105493043264396,3.022963706987734,0.0,1.0,0.9888605561903393
-1.8131191302385732,3.0024613120566714,0.0,1.0,0.9904898840160704
-1.8155173322667966,2.98193760322008,0.0,1.0,0.9920015195272406
-1.817745086045492,2.961393735573353,0.0,1.0,0.9933919981461736
-1.8198035672090438,2.9408308642118848,0.0,1.0,0.994659153362554
-1.821693957812809,2.9202501377960934,0.0,1.0,0.9957996952835214
-1.8234174822663438,2.8996526625398507,0.0,1.0,0.9968089903079508
-1.8249753821353876,2.879039527463436,0.0,1.0,0.9976590386454449
-1.8263688990343452,2.8584118215383576,0.0,1.0,0.998276388328585
-1.8275992745776217,2.837770633736123,0.0,1.0,0.9986550293310135
-1.8286677457426748,2.8171170469834053,0.0,1.0,0.9987864376028821
-1.8295755216376204,2.7964521078757416,0.0,1.0,0.9986610178729374
-1.8303238010073597,2.775776849498936,0.0,1.0,0.9982713826322653
-1.8309137825794706,2.7550923049162055,0.0,1.0,0.9976118275114125
-1.8313466650815287,2.7343995071907674,0.0,1.0,0.9967858461317887
-1.8316236254728806,2.7136994882888024,0.0,1.0,0.9958205759984159
-1.8317457213521204,2.692993274161149,0.0,1.0,0.9947078928370121
-1.831713969618105,2.67228188870753,0.0,1.0,0.9934415727071496
-1.8315293871351235,2.651566355825927,0.0,1.0,0.9920171282633113
-1.8311929907674651,2.6308476994143177,0.0,1.0,0.9904300298816342
-1.8307057758548668,2.6101269503889535,0.0,1.0,0.9886749515317192
-1.8300686299574223,2.589405174808573,0.0,1.0,0.9867461345992629
-1.8292824069705547,2.5686834497085758,0.0,1.0,0.9846384427431422
-1.8283479607783961,2.547962852128041,0.0,1.0,0.9823473241564898
-1.8272661452650802,2.5272444591060492,0.0,1.0,0.9798687395703927
-1.8260377780160728,2.5065293545522565,0.0,1.0,0.9771999025885996
-1.8246635105218925,2.485818653814617,0.0,1.0,0.9743385266504601
-1.8231439467933426,2.465113481227996,0.0,1.0,0.9712812322152887
-1.8214796908374866,2.444414961127969,0.0,1.0,0.9680238179283887
-1.81967134666139,2.4237242178501095,0.0,1.0,0.9645633409693277
-1.8177194804613976,2.403042399259316,0.0,1.0,0.9609004515444027
-1.8156245002640858,2.3823707516483315,0.0,1.0,0.9570371259014359
-1.8133867727432864,2.361710547043397,0.0,1.0,0.952972205505623
-1.8110066645726977,2.3410630574708358,0.0,1.0,0.948702209430698
-1.8084845424258742,2.320429554957046,0.0,1.0,0.9442255683865672
-1.8058207271597122,2.2998113350612566,0.0,1.0,0.9395460746111536
-1.8030153643873592,2.279209783353229,0.0,1.0,0.9346691816152779
-1.800068557829685,2.258626306919874,0.0,1.0,0.9296171717286594
-1.7969804112075558,2.238062312848102,0.0,1.0,0.9244474813369525
-1.7937510282380258,2.2175192082278725,0.0,1.0,0.9191592242402656
-1.7903804641706613,2.1969984388386714,0.0,1.0,0.9137536674769374
-1.786868604704634,2.1765015858048495,0.0,1.0,0.9082326485869925
-1.7832152984852911,2.15603025982925,0.0,1.0,0.9025960339254874
-1.7794203941579791,2.1355860716147133,0.0,1.0,0.8968423616454985
-1.775483740347542,2.1151706318778256,0.0,1.0,0.8909709644229556
-1.771405124543804,2.0947855923170446,0.0,1.0,0.8849832020817064
-1.767184138508834,2.07443273583697,0.0,1.0,0.8788808082913407
-1.7628203349161264,2.05411387154523,0.0,1.0,0.8726635642781387
-1.7583132664391778,2.0338308085494563,0.0,1.0,0.8663300238418805
-1.7536624856992191,2.0135853560017267,0.0,1.0,0.8598794629723135
-1.7488674837816327,1.9933793753872266,0.0,1.0,0.8533128838323547
-1.7439275713046622,1.9732148816692512,0.0,1.0,0.84663148895392
-1.7388420259741388,1.953093917801428,0.0,1.0,0.8398347557202391
-1.7336101254958938,1.9330185267373834,0.0,1.0,0.8329211324731652
-1.7282311474595458,1.9129907515171907,0.0,1.0,0.8258895258157144
-1.7227042999407358,1.8930126868900374,0.0,1.0,0.8187398799420138
-1.7170286040742153,1.8730865666641465,0.0,1.0,0.8114721425018749
-1.7112030498911954,1.853214647784628,0.0,1.0,0.8041363668948535
-1.7052266274228842,1.833399187196588,0.0,1.0,0.7968819049325061
-1.69909832652143,1.8136424420111497,0.0,1.0,0.7897160310057714
-1.6928170739130544,1.793946727866039,0.0,1.0,0.7826538559956833
-1.6863816404823393,1.7743145048860853,0.0,1.0,0.775714728954014
-1.6797907734879873,1.7547482551006235,0.0,1.0,0.7689114438062866
-1.6730432201887033,1.735250460538989,0.0,1.0,0.7622507350244142
-1.6661377276557983,1.7158236034038294,0.0,1.0,0.7557400760984668
-1.6590730000386742,1.6964702055935987,0.0,1.0,0.749391811873177
-1.6518476441040115,1.677192879069992,0.0,1.0,0.743220783293851
-1.644460253187462,1.6579942482162315,0.0,1.0,0.7372376880665283
-1.6369094206246766,1.638876937415539,0.0,1.0,0.7314495044601633
-1.629193739701322,1.619843571245554,0.0,1.0,0.72586316906618
-1.6213117957369896,1.600896805267883,0.0,1.0,0.720486988218133
-1.6132621574231636,1.5820393597189917,0.0,1.0,0.7153299948962596
-1.6050433913688569,1.563273962935088,0.0,1.0,0.7104000097768923
-1.5966540641830849,1.5446033432523838,0.0,1.0,0.7057037128792126
-1.588092742784546,1.5260302290188745,0.0,1.0,0.7012467511268041
-1.579358030213553,1.5075573499571706,0.0,1.0,0.6970320998985993
-1.5704485989492134,1.4891874384323938,0.0,1.0,0.6930614528863989
-1.5613631293498518,1.4709232271095083,0.0,1.0,0.6893386152105814
-1.5521003017737935,1.4527674486534812,0.0,1.0,0.6858690977414162
-1.5426587976282433,1.4347228353949595,0.0,1.0,0.6826560808174518
-1.533037391390685,1.416792089999473,0.0,1.0,0.6796955679219795
-1.5232350224640836,1.3989778625643847,0.0,1.0,0.6769804490775247
-1.513250647163154,1.3812827977966278,0.0,1.0,0.6745095826273293
-1.503083221802609,1.363709540403132,0.0,1.0,0.6722865303651983
-1.492731704885978,1.34626073453197,0.0,1.0,0.6703115408193469
-1.4821952072257143,1.3289389854427973,0.0,1.0,0.6685745086651745
-1.4714730886388543,1.311746834817949,0.0,1.0,0.6670613040393983
-1.4605647319475545,1.2946868184659601,0.0,1.0,0.6657205938070982
-1.4494695199739676,1.2777614721953618,0.0,1.0,0.6644257212271865
-1.4381868387130285,1.2609733304180577,0.0,1.0,0.6631754094583989
-1.4267162515693652,1.244324849451752,0.0,1.0,0.661965488795812
-1.4150575897302873,1.2278183677385495,0.0,1.0,0.6607898816827245
-1.403210706596476,1.2114562139424223,0.0,1.0,0.6596446633513676
-1.391175455568612,1.195240716727342,0.0,1.0,0.6585280273646084
-1.3789516945985985,1.17917420386295,0.0,1.0,0.6574379608062437
-1.3665394902483052,1.1632589621262877,0.0,1.0,0.6563701396677749
-1.3539391999724633,1.1474972211329162,0.0,1.0,0.6553185456453179
-1.3411512028060257,1.131891206257808,0.0,1.0,0.6542788956526914
-1.3281758777839419,1.1164431428759325,0.0,1.0,0.6532487235112558
-1.3150136091944984,1.1011552555464617,0.0,1.0,0.6522257352299563
-1.3016649819929855,1.086029737666585,0.0,1.0,0.6512061964666322
-1.288130839769318,1.0710687424696028,0.0,1.0,0.650184881496258
-1.2744120431948154,1.0562744205362105,0.0,1.0,0.6491575549611803
-1.2605094529407974,1.0416489224471033,0.0,1.0,0.6481213336573185
-1.2464239348974993,1.0271943991482342,0.0,1.0,0.6470742019426763
-1.2321565234010492,1.0129130133746345,0.0,1.0,0.6460142992344811
-1.2177084535362281,0.9988069419111976,0.0,1.0,0.6449386196292298
-1.2030809721296836,0.9848783623645988,0.0,1.0,0.6438437717301777
-1.1882753260080627,0.9711294523415133,0.0,1.0,0.6427268604926105
-1.1732927677358405,0.9575623924777948,0.0,1.0,0.6415864490046188
-1.158134708202325,0.9441794469939552,0.0,1.0,0.6404226844198411
-1.142802732814732,0.9309829722439937,0.0,1.0,0.639234901423976
-1.1272984359663494,0.9179753293259401,0.0,1.0,0.6380208557689424
-1.111623412050465,0.905158879337824,0.0,1.0,0.6367780878499483
-1.0957792605160006,0.8925359873499854,0.0,1.0,0.6355061973288874
-1.079767701269773,0.8801091130788843,0.0,1.0,0.6342074712694764
-1.0635905770445744,0.8678808127477468,0.0,1.0,0.632883359667814
-1.0472497361024966,0.8558536469242792,0.0,1.0,0.631532733259756
-1.030747026705634,0.8440301761761881,0.0,1.0,0.6301537930132479
-1.014084304161706,0.8324129675122955,0.0,1.0,0.6287470939399682
-0.9972635699836492,0.8210047216023124,0.0,1.0,0.6273164341767835
-0.9802869635941085,0.8098082651930801,0.0,1.0,0.6258648545576181
-0.9631566298004736,0.7988264299541772,0.0,1.0,0.6243924419166752
-0.9458747134101338,0.7880620475551815,0.0,1.0,0.622898480790242
-0.9284433696717593,0.7775179550914323,0.0,1.0,0.6213846177455148
-0.9108649439410149,0.7671970884464393,0.0,1.0,0.6198554823764214
-0.8931419474435986,0.7571024696972659,0.0,1.0,0.618314809549864
-0.8752768969708102,0.7472371238131129,0.0,1.0,0.616763744940872
-0.857272309313949,0.7376040757631807,0.0,1.0,0.6152029601091902
-0.8391307161309002,0.7282063527551521,0.0,1.0,0.6136351580775694
-0.8208548881067408,0.7190470179873472,0.0,1.0,0.6120652243194843
-0.8024477887961423,0.710129163698715,0.0,1.0,0.610497115118192
-0.7839123872554039,0.7014558829565919,0.0,1.0,0.6089330534038172
-0.7652516525408247,0.6930302688283131,0.0,1.0,0.6073752319262384
-0.7464685777029206,0.6848554120339146,0.0,1.0,0.6058269716847443
-0.7275664983725365,0.6769343697795588,0.0,1.0,0.6042923583371245
-0.7085490057343456,0.6692701742711449,0.0,1.0,0.602774922024371
-0.6894196970919424,0.6618658571159708,0.0,1.0,0.6012780270711583
-0.6701821697489206,0.6547244499213347,0.0,1.0,0.599805790983068
-0.6508400505690622,0.6478489726026748,0.0,1.0,0.5983634355761438
-0.631397343032525,0.6412422961133476,0.0,1.0,0.5969563078530409
-0.6118583102335622,0.634907188722239,0.0,1.0,0.5955888306757552
-0.5922272204060951,0.6288464166653515,0.0,1.0,0.5942657499858388
-0.5725083417840497,0.6230627461786896,0.0,1.0,0.5929928303442079
-0.5527059775318076,0.617558923411958,0.0,1.0,0.5917758795148912
-0.5328248296354603,0.6123374651777189,0.0,1.0,0.5906195110139688
-0.5128698539865402,0.6074007422835744,0.0,1.0,0.5895279564885211
-0.49284601055821586,0.6027511231900324,0.0,1.0,0.5885070745890395
-0.4727582593236612,0.5983909763576017,0.0,1.0,0.5875643021540781
-0.4526115952385846,0.5943226399554533,0.0,1.0,0.5867075408952274
-0.43241137252592693,0.5905481410637079,0.0,1.0,0.5859434903492585
-0.4121631565050694,0.5870693239743426,0.0,1.0,0.5852778579320911
-0.39187251519094113,0.5838880306452591,0.0,1.0,0.5847176342169997
-0.3715450165984759,0.5810061030343593,0.0,1.0,0.5842713870960373
-0.35118625330841613,0.5784253423739156,0.0,1.0,0.5839478565723671
-0.3308020455626428,0.5761471724756239,0.0,1.0,0.5837539947263699
-0.31039833696497515,0.5741728126396282,0.0,1.0,0.5836956428050989
-0.28998107233698406,0.5725034801472548,0.0,1.0,0.5837801655353334
-0.2695561965002452,0.5711403922798305,0.0,1.0,0.5840167374982999
-0.24912966556680208,0.5700847199562047,0.0,1.0,0.584415257849172
-0.22870753033201466,0.5693372452936524,0.0,1.0,0.5849840698947241
-0.20829588886387668,0.5688985562921108,0.0,1.0,0.5857297774244895
-0.187900839579005,0.5687692395199375,0.0,1.0,0.5866598725476826
-0.16752848089402084,0.5689498815454885,0.0,1.0,0.5877835693236221
-0.14718489480675728,0.5694410128655462,0.0,1.0,0.5891106303475954
-0.1268760384190427,0.5702427374462048,0.0,1.0,0.5909201204517769
-0.10660781143362928,0.571354963230722,0.0,1.0,0.5932340350839572
-0.08638611325064434,0.5727775971288823,0.0,1.0,0.5960627958637024
-0.06621684327021987,0.5745105460504696,0.0,1.0,0.5994197760736399
-0.04610585836559651,0.5765536589346946,0.0,1.0,0.6033289971822672
-0.02605872137113556,0.57890638390133,0.0,1.0,0.6078180513947397
-0.006080870862935387,0.5815679996873625,0.0,1.0,0.6129034289118414
0.013822255024597371,0.5845377844276853,0.0,1.0,0.6185939685832577
0.033645218157052736,0.5878150162571923,0.0,1.0,0.6249016302384703
0.05338265677775206,0.5913989076209356,0.0,1.0,0.6314001706797854
0.07302968995339996,0.5952882574244013,0.0,1.0,0.6380469012702661
0.09258162338541455,0.5994817040550168,0.0,1.0,0.6448387872841566
0.11203376318763623,0.6039778855454995,0.0,1.0,0.6517791395615631
0.13138141547390209,0.6087754399285655,0.0,1.0,0.6588723311034173
0.15061999095371292,0.6138729375673101,0.0,1.0,0.6661166792800247
0.1697455007077759,0.6192685604062866,0.0,1.0,0.6735035602162476
0.1887541696267911,0.6249603520626915,0.0,1.0,0.6810274907035879
0.20764222286221046,0.6309463559850232,0.0,1.0,0.6886897218264459
0.2264058855654828,0.6372246156217796,0.0,1.0,0.6964925037087378
0.24504150813250689,0.6437931159822025,0.0,1.0,0.7044320938272146
0.26354609715595956,0.6506495358930741,0.0,1.0,0.712498148636989
0.28191687340507,0.6577914542460589,0.0,1.0,0.7206835522224184
0.3001510577682529,0.6652164498772107,0.0,1.0,0.7289876005791639
0.31824587113391967,0.6729221016225809,0.0,1.0,0.7374099843868694
0.336198688187824,0.6809059061406784,0.0,1.0,0.7459423969689815
0.3540076197433219,0.6891649667596663,0.0,1.0,0.7545684220565895
0.3716709965979625,0.6976962692649679,0.0,1.0,0.763276574977707
0.38918714958866013,0.7064967994209725,0.0,1.0,0.772063767448623
0.406554409552326,0.7155635429920685,0.0,1.0,0.7809277748361513
0.4237712662706423,0.7248934234787642,0.0,1.0,0.7898593621395661
0.4408369048991656,0.7344830919807948,0.0,1.0,0.7988425599046601
0.45775070070615587,0.744329125124514,0.0,1.0,0.8078660916165107
0.47451202896450234,0.7544280995344608,0.0,1.0,0.8169259987468833
0.49112026494709227,0.7647765918351732,0.0,1.0,0.8260183743942981
0.5075749682461255,0.775371083398332,0.0,1.0,0.8351303704992609
0.5238764357310349,0.7862076745841838,0.0,1.0,0.8442413642326999
0.5400251485905662,0.7972823705001181,0.0,1.0,0.8533374642926042
0.5560215880134644,0.8085911762535241,0.0,1.0,0.862413996866128
0.5718662351931605,0.820130096949334,0.0,1.0,0.8711922382404997
0.5875597638413872,0.8318950368846382,0.0,1.0,0.8793531917180185
0.603103551842691,0.8438815316323848,0.0,1.0,0.8868839375353788
0.6184991380376019,0.8560850324845718,0.0,1.0,0.8937600788680667
0.6337480612666468,0.8685009907331953,0.0,1.0,0.8999527223730671
0.6488518604075546,0.8811248576461703,0.0,1.0,0.9054396328532103
0.6638122822255123,0.8939519499137148,0.0,1.0,0.9102095316715708
0.678631769134314,0.9069771338920518,0.0,1.0,0.9143943441971397
0.6933129088879177,0.9201951818502279,0.0,1.0,0.9181977663350882
0.7078582892402782,0.9336008660572874,0.0,1.0,0.9216067091404525
0.7222704980703601,0.9471889586927917,0.0,1.0,0.92461028999644
0.736552347897836,0.9609540711311566,0.0,1.0,0.9271948157537874
0.7507073394993702,0.9748903220699844,0.0,1.0,0.92876295332854
0.7647391050152221,0.9889917361725362,0.0,1.0,0.9292620031199962
0.7786512765856485,1.0032523381020708,0.0,1.0,0.9286712054393401
0.7924474866091397,1.017666152269742,0.0,1.0,0.9269693542667947
0.8061315792277881,1.03222699636592,0.0,1.0,0.9241101554858612
0.8197079931525479,1.0469281076160073,0.0,1.0,0.9200288360034928
0.8331812706791604,1.0617626221177845,0.0,1.0,0.9146819879951684
0.8465559541033635,1.0767236759690284,0.0,1.0,0.9080500282758148
0.8598365861652878,1.09180440478601,0.0,1.0,0.9001117317909716
0.8730279107060308,1.106997726286507,0.0,1.0,0.8917735022126508
0.8861351896592133,1.122295996820627,0.0,1.0,0.883111808221096
0.8991637672563068,1.137691483566475,0.0,1.0,0.87411820076717
0.9121189877287794,1.1531764537021536,0.0,1.0,0.8647805860148821
0.9250061958409198,1.1687431736797378,0.0,1.0,0.8550892267630888
0.9378308862513429,1.1843837057024522,0.0,1.0,0.8450394901940814
0.9505989083215266,1.2000896286486757,0.0,1.0,0.8346269283665205
0.9633161627136773,1.215852451493446,0.0,1.0,0.8238420055828545
0.9759885500900001,1.2316636832117989,0.0,1.0,0.8126725035981909
0.9886219713618537,1.2475148317652467,0.0,1.0,0.8011084812403215
1.0012223746982265,1.2633972128761537,0.0,1.0,0.7891444478469674
1.0137958110970966,1.2793017239692193,0.0,1.0,0.7767750509912061
1.0263483450743063,1.2952192074798778,0.0,1.0,0.7639908779264297
1.0388860411456937,1.311140505843562,0.0,1.0,0.7507806844476018
1.0514149633000158,1.3270564606958999,0.0,1.0,0.7371360436395484
1.0639411040550448,1.3429578052214468,0.0,1.0,0.723053575483056
1.0764703127778694,1.358835055385903,0.0,1.0,0.7085304094560697
1.089008421765636,1.3746787012527975,0.0,1.0,0.6935599256266987
1.1015612633154903,1.3904792328856588,0.0,1.0,0.6781341744580803
1.1141346677211605,1.4062271403329276,0.0,1.0,0.6622496411210217
1.126734262324778,1.4219129121144343,0.0,1.0,0.6459101714662355
1.1393652999267612,1.4375270339290078,0.0,1.0,0.6291203048089353
1.1520329929125415,1.4530599911710749,0.0,1.0,0.6118794386785827
1.1647425536675486,1.4685022692350616,0.0,1.0,0.5941853184981678
1.177499189800559,1.4838443547036395,0.0,1.0,0.5760418537413114
1.1903077348466438,1.4990768272142698,0.0,1.0,0.5574626945721071
1.2031723857009353,1.5141904247753364,0.0,1.0,0.5384618915664776
1.2160972772677148,1.5291759008161034,0.0,1.0,0.5190463511245007
1.229086544451263,1.5440240087658341,0.0,1.0,0.49922066594682507
1.2421443140544337,1.5587255057772114,0.0,1.0,0.4795816606450103
1.2552742089169562,1.5732713806245167,0.0,1.0,0.46080530547988585
1.2684790602789981,1.5876529859014281,0.0,1.0,0.4428994591642748
1.2817616300491543,1.6018617060664355,0.0,1.0,0.42590094281796503
1.2951246801360163,1.6158889255780262,0.0,1.0,0.4098715879192574
1.3085709611607432,1.6297260345354898,0.0,1.0,0.3948675922831157
1.3221026535958826,1.643364707965014,0.0,1.0,0.38091381392937557
1.335721110812087,1.6567970342298983,0.0,1.0,0.3677112068189631
1.3494276212617382,1.6700151341357943,0.0,1.0,0.35481210741035046
1.3632234733972164,1.6830111284883513,0.0,1.0,0.34224603290737426
1.3771099407662548,1.6957771462375415,0.0,1.0,0.33004542301197964
1.3910876744312513,1.7083056564768477,0.0,1.0,0.31823867267010253
1.4051564909876135,1.7205895842760144,0.0,1.0,0.30684550247046044
1.4193161485849553,1.7326218866412153,0.0,1.0,0.2958866771542355
1.4335664053728858,1.7443955205786204,0.0,1.0,0.28538805825474955
1.4479070027855783,1.7559034524015935,0.0,1.0,0.2753782208221336
1.4623370962672309,1.767138974703837,0.0,1.0,0.2658819747317574
1.4768551150327822,1.7780957844449037,0.0,1.0,0.2569154008383459
1.4914594431284716,1.788767603734362,0.0,1.0,0.24849465332547663
1.5061484646005394,1.7991481546817825,0.0,1.0,0.2406401722691411
1.5209205461685633,1.8092311690310277,0.0,1.0,0.23337504148647487
1.5357735381706952,1.8190106656539344,0.0,1.0,0.22671965695793356
1.5507046991099003,1.8284809925055228,0.0,1.0,0.2206871212887805
1.565711254983677,1.8376365156151,0.0,1.0,0.21529040127697974
1.5807904317895265,1.8464716010119757,0.0,1.0,0.21054610930232504
1.5959394402803484,1.8549806250501308,0.0,1.0,0.2064737749243401
1.6111551007768943,1.8631582285105355,0.0,1.0,0.20309171661461464
1.62643381968258,1.8709993325069056,0.0,1.0,0.20041234025450366
1.6417719834541578,1.8784988716621829,0.0,1.0,0.19844730382120684
1.6571659785483797,1.8856517805993083,0.0,1.0,0.19721100790936077
1.672612178163971,1.8924530051924462,0.0,1.0,0.19672055588710627
1.6881066609905393,1.89889774124637,0.0,1.0,0.1969923593189717
1.7036452168866911,1.9049814296778271,0.0,1.0,0.1980377761827375
1.7192236235887588,1.9106995216909435,0.0,1.0,0.19986705695946655
1.734837658833075,1.9160474684898439,0.0,1.0,0.20249227498317993
1.7504830920805106,1.9210207378168438,0.0,1.0,0.20592636926782165
1.7661555320747258,1.925615118601289,0.0,1.0,0.2101792035593914
1.7818504417547176,1.9298266911574289,0.0,1.0,0.2152555500864584
1.7975632787753926,1.9336515463595507,0.0,1.0,0.22116018352478517
1.8132895007916623,1.937085775081943,0.0,1.0,0.22789933936460222
1.8290245594787344,1.9401254964182488,0.0,1.0,0.23547578509324338
1.844763804277902,1.942767311923508,0.0,1.0,0.2444007525560454
1.8605024988471583,1.945008227980586,0.0,1.0,0.2546773023939911
1.87623590418669,1.9468452635150262,0.0,1.0,0.26629476339201397
1.8919592812966877,1.9482754374523743,0.0,1.0,0.2792434102372391
1.9076678919282988,1.9492958121823896,0.0,1.0,0.2935137649314538
1.9233570092031984,1.949904108199437,0.0,1.0,0.30856560004909955
1.9390219150651171,1.9500985566019138,0.0,1.0,0.3241419785101143
1.9546578916887394,1.9498774018554996,0.0,1.0,0.34022251347159366
1.9702602212487523,1.9492388884258762,0.0,1.0,0.356791657563729
1.9858241913063184,1.9481813286093095,0.0,1.0,0.37381616242486987
2.0013451620301894,1.9467039490315918,0.0,1.0,0.3912362204651885
2.016818545658692,1.944806632017841,0.0,1.0,0.4089946459256751
2.0322397555661462,1.9424892741984994,0.0,1.0,0.4270576117210206
2.0476042051268752,1.9397517722040098,0.0,1.0,0.4453996430273585
2.062907323117432,1.936594113983594,0.0,1.0,0.46397562738725595
2.0781447239886304,1.9330173883363793,0.0,1.0,0.4827121406449677
2.0933121452030248,1.9290234133896331,0.0,1.0,0.5015434396002829
2.108405326423098,1.9246140203138644,0.0,1.0,0.520433852557424
2.1234200073113363,1.9197910402795817,0.0,1.0,0.5393589471625945
2.138351958973284,1.9145564133112092,0.0,1.0,0.5582750126135752
2.153197292850364,1.908913257654673,0.0,1.0,0.5771115512668354
2.167952328557642,1.902865412240029,0.0,1.0,0.5958099504521389
2.1826133887018204,1.8964167263542027,0.0,1.0,0.6143445363825032
2.1971767958896047,1.8895710492841165,0.0,1.0,0.6327016486052441
2.211638925053725,1.8823323530560216,0.0,1.0,0.6508487906470292
2.225996661416865,1.8747058066654092,0.0,1.0,0.6687284866761627
2.2402471781670834,1.866697254578044,0.0,1.0,0.6862974000988403
2.2543876517377335,1.8583125488720786,0.0,1.0,0.703545010990365
2.268415258562176,1.8495575416256655,0.0,1.0,0.72047188638037
2.282327259748969,1.840438202380898,0.0,1.0,0.736712087971927
2.2961216626411187,1.8309615358783151,0.0,1.0,0.7520139721810121
2.3097968627679917,1.8211350853620285,0.0,1.0,0.7663541276019702
2.3233512589870275,1.8109663986929563,0.0,1.0,0.7797220204077613
2.336783250155667,1.8004630237320134,0.0,1.0,0.7921170199384695
2.350091355388919,1.7896326085846002,0.0,1.0,0.8035396784919565
2.363275054034641,1.77848360178844,0.0,1.0,0.8139813527139709
2.3763342854621574,1.7670248353466327,0.0,1.0,0.8234571555202823
2.3892689919273207,1.7552651436684392,0.0,1.0,0.8322696330173452
2.4020791156859875,1.743213361163118,0.0,1.0,0.8404288891041302
2.4147647538359345,1.730878396546449,0.0,1.0,0.8479348719896631
2.427327126168374,1.7182696972994183,0.0,1.0,0.8547720560667007
2.4397679473070752,1.705396948366385,0.0,1.0,0.8609289995253698
2.452088934036227,1.6922698357284611,0.0,1.0,0.86640921481831
2.464291803140015,1.6788980453667575,0.0,1.0,0.8712211339891162
2.476378456258706,1.6652912991010884,0.0,1.0,0.8753640836936647
2.4883520143852356,1.6514595551514755,0.0,1.0,0.8788236273176041
2.500216092429087,1.6374128674952864,0.0,1.0,0.8815878887327618
2.511974306700778,1.6231612903815118,0.0,1.0,0.8836566102003135
2.523630273510824,1.6087148780591403,0.0,1.0,0.8850329241063261
2.5351878059804465,1.5940836872105666,0.0,1.0,0.8857118835576313
2.5466519001175674,1.5792777891436025,0.0,1.0,0.8845742538601079
2.558027991786584,1.5643072606045252,0.0,1.0,0.8815739949600275
2.569321517587242,1.5491821783487032,0.0,1.0,0.8767129465923295
2.5805379141192852,1.533912619131503,0.0,1.0,0.8699991013566808
2.591682789772215,1.5185086353729151,0.0,1.0,0.8614166913200147
2.6027626949025047,1.502980146055838,0.0,1.0,0.8520373504666636
2.613784501059389,1.4873370246636763,0.0,1.0,0.8423221278218369
2.6247550800648978,1.4715891446411868,0.0,1.0,0.8322562273774566
2.635681303741063,1.455746379433126,0.0,1.0,0.821825844269869
2.6465701770568093,1.4398185552321288,0.0,1.0,0.8110220578796221
2.6574293716859616,1.4238152616258173,0.0,1.0,0.7998374958325001
2.6682667675457665,1.4077460142988973,0.0,1.0,0.7882593851429095
2.6790902446233096,1.3916203289112892,0.0,1.0,0.7762707923340721
2.689907682905672,1.375447721122912,0.0,1.0,0.7638566434538648
2.700726999390099,1.3592376587324182,0.0,1.0,0.7510088134347619
2.7115562804244315,1.34299939053549,0.0,1.0,0.7377218800119865
2.7224036607668824,1.326742102723875,0.0,1.0,0.7239839848607869
2.7332772751794767,1.3104749814843872,0.0,1.0,0.7097783309211193
2.744185258424239,1.294207213003845,0.0,1.0,0.695091165423245
2.7551356764137083,1.2779479308022255,0.0,1.0,0.6799183755833598
2.7661363070493294,1.2617060480836475,0.0,1.0,0.6642598841058687
2.777194852933388,1.2454904204516775,0.0,1.0,0.6481079665758089
2.7883190166679346,1.229309903509701,0.0,1.0,0.6314492595983257
2.7995165008544087,1.2131733528610047,0.0,1.0,0.6142753823416436
2.8107948171448016,1.197089593981804,0.0,1.0,0.596591652539442
2.822160746830164,1.181067337115533,0.0,1.0,0.5784090883264705
2.8336208966076675,1.1651152649590517,0.0,1.0,0.5597288077553189
2.8451818731744813,1.149242060209228,0.0,1.0,0.5405449067465091
2.8568502832031806,1.133456405561809,0.0,1.0,0.5208582761592834
2.8686324209544343,1.1177669695654262,0.0,1.0,0.5014293887574481
2.880533487800302,1.1021823712788394,0.0,1.0,0.48273358981161896
2.892558446271151,1.0867112189452086,0.0,1.0,0.464776150904591
2.9047122588973435,1.071362120807699,0.0,1.0,0.4475879131490948
2.9169998880700336,1.0561436851148969,0.0,1.0,0.4312050423641099
2.9294258810459857,1.0410645362950994,0.0,1.0,0.41564431277286246
2.9419934560021863,1.0261333505769983,0.0,1.0,0.4009034501874265
2.9547055656865733,1.0113588145342847,0.0,1.0,0.38693821682865104
2.9675651628470767,0.9967496147406534,0.0,1.0,0.3731338923250709
2.9805751998239347,0.9823144378019515,0.0,1.0,0.35951939871377386
2.9937381489260497,0.9680620081857753,0.0,1.0,0.34612980870588483
3.007055074667018,0.9540011613974543,0.0,1.0,0.33299607076945287
3.020526784815969,0.9401407531926484,0.0,1.0,0.3201429283618177
3.0341540871420287,0.9264896393270238,0.0,1.0,0.3075950652790654
3.0479377885728023,0.9130566756123625,0.0,1.0,0.29538221715387586
3.0618781926693677,0.8998507514303842,0.0,1.0,0.2835382202507116
3.0759742493113094,0.8868808464409627,0.0,1.0,0.27209161947283383
3.090224683150376,0.8741559553246031,0.0,1.0,0.2610648606257389
3.1046282188383163,0.8616850727618148,0.0,1.0,0.25048010817092475
3.1191835795479665,0.8494771935775409,0.0,1.0,0.24036358478005448
3.1338889670800865,0.8375413635165869,0.0,1.0,0.2307447445082175
3.1487412961021364,0.8258867540317708,0.0,1.0,0.22164839365819128
3.1637372861498334,0.8145225556334728,0.0,1.0,0.2130944451195946
3.178873656758885,0.8034579588320764,0.0,1.0,0.20510283486057054
3.194147125463796,0.7927021538953257,0.0,1.0,0.19769596532427117
3.209553951430548,0.7822642755162476,0.0,1.0,0.19089596988244392
3.225089353862593,0.7721533322980056,0.0,1.0,0.18472025245955528
3.2407484085317098,0.7623783154534427,0.0,1.0,0.1791855924266804
3.256526191209672,0.7529482161954056,0.0,1.0,0.17431153287239662
3.2724177749935794,0.7438720250002225,0.0,1.0,0.17011880816239522
3.2884178067212657,0.735158614967173,0.0,1.0,0.16662496726929507
3.3045200434717765,0.7268166141867535,0.0,1.0,0.1638437538606016
3.3207181308926104,0.7188546200650676,0.0,1.0,0.16179251496986827
3.337005714631265,0.7112812300082229,0.0,1.0,0.16049339825345063
3.3533764375561117,0.7041050387006782,0.0,1.0,0.15996674922827916
3.3698236183783146,0.6973343233744379,0.0,1.0,0.1602224993040061
3.386339952661751,0.6909767510031831,0.0,1.0,0.16126475689876746
3.4029180652617956,0.6850399193145978,0.0,1.0,0.1631071371078853
3.419550581033815,0.6795314260363672,0.0,1.0,0.16577171242844915
3.4362301223426153,0.6744588631844673,0.0,1.0,0.16927484257398176
3.4529490905572553,0.6698293159576222,0.0,1.0,0.17361404267613023
3.469699495430589,0.6656489714474363,0.0,1.0,0.17877868952706336
3.4864733065584494,0.6619239246520356,0.0,1.0,0.18477344373994298
3.503262493536677,0.6586602705695452,0.0,1.0,0.19161442949485485
3.5200590247758257,0.655864093502018,0.0,1.0,0.19930695857618363
3.5368547862083264,0.6535407334638113,0.0,1.0,0.20782713587753288
3.553641528925991,0.6516943136591274,0.0,1.0,0.2171396317757109
3.5704109915629205,0.6503288448731128,0.0,1.0,0.22723096116450553
3.5871549127532294,0.6494483378909143,0.0,1.0,0.238336855247786
3.6038650328406154,0.649056786713384,0.0,1.0,0.2505180701331293
3.6205331877625393,0.6491572468279878,0.0,1.0,0.26370953399068
3.637151357745954,0.649751357127493,0.0,1.0,0.27783560861438045
3.6537115349870493,0.6508406389939159,0.0,1.0,0.2928539107874212
3.6702057116820224,0.6524266138092731,0.0,1.0,0.30874260204126613
3.686625885977219,0.6545107789027808,0.0,1.0,0.32545806400605276
3.702964328750531,0.6570935291187756,0.0,1.0,0.3429092269713573
3.719213691186012,0.6601737219590332,0.0,1.0,0.3609967826435986
3.735366652681164,0.6637501008758062,0.0,1.0,0.37966378410114465
3.7514158926334904,0.6678214093213466,0.0,1.0,0.39887875009109164
3.7673541031398114,0.6723863602775756,0.0,1.0,0.4183346013911523
3.783174461385839,0.6774425028194879,0.0,1.0,0.437922569338125
3.7988707697760695,0.6829858858919212,0.0,1.0,0.45755194861454695
3.8144368720072848,0.6890124593643037,0.0,1.0,0.47717190863774767
3.8298666117762705,0.6955181731060658,0.0,1.0,0.496757309081742
3.8451538527786937,0.702498944001309,0.0,1.0,0.5162692143958572
3.8602931041946627,0.7099496242988337,0.0,1.0,0.5356341995573655
3.875279644472865,0.7178637974477149,0.0,1.0,0.5547776691180311
3.890108797056804,0.7262349726844334,0.0,1.0,0.5736642602318142
3.904775885389988,0.7350566592454726,0.0,1.0,0.5922827330280308
3.9192762609932728,0.7443223335480772,0.0,1.0,0.6106102219603895
3.9336060501305594,0.7540245664228397,0.0,1.0,0.6285950995757729
3.947762233047596,0.7641549304925266,0.0,1.0,0.6461873791457826
3.961741833962368,0.774704946981347,0.0,1.0,0.6633719539641739
3.9755418770928648,0.7856661371135132,0.0,1.0,0.6801539147788845
3.9891594196466236,0.7970299957702226,0.0,1.0,0.696529122243239
4.002592304855849,0.8087873901715272,0.0,1.0,0.7124717533178385
4.015839177429815,0.8209285475371881,0.0,1.0,0.7279580641041198
4.028898718158195,0.8334436662758253,0.0,1.0,0.7429901990729502
4.041769607830661,0.8463229447960633,0.0,1.0,0.7575843012630528
4.054450564486981,0.8595565687698962,0.0,1.0,0.771749342752291
4.066941079151278,0.8731344595689075,0.0,1.0,0.7854787936377068
4.079241371973816,0.8870462892603711,0.0,1.0,0.7987670614514928
4.091351691573905,0.9012817201773552,0.0,1.0,0.8116252139386898
4.103272286570865,0.9158304146529331,0.0,1.0,0.8240728064100051
4.115003439402831,0.9306820367405579,0.0,1.0,0.8361246489611316
4.126546048255695,0.9458262818171042,0.0,1.0,0.8477860699600782
4.137901548560706,0.9612528725894107,0.0,1.0,0.8590623860078608
4.149071393775837,0.97695153268134,0.0,1.0,0.8699676873372646
4.160057037359069,0.9929119857167608,0.0,1.0,0.8805202821119297
4.170859959493256,1.0091239782290375,0.0,1.0,0.890736676841052
4.181482070048035,1.0255776250939965,0.0,1.0,0.9006296346049348
4.191925625604677,1.0422633384007505,0.0,1.0,0.9102107829160767
4.202192892634448,1.0591715387164555,0.0,1.0,0.9194937000687002
4.212286137608619,1.0762926466082736,0.0,1.0,0.9284929433573106
4.22220764426218,1.093617121415467,0.0,1.0,0.937223326848323
4.231959942815044,1.1111359760507273,0.0,1.0,0.9456995728639424
4.241545747356889,1.1288406363745864,0.0,1.0,0.9539347256768083
4.250967776379926,1.1467225381351007,0.0,1.0,0.9619400111255001
4.260228748376369,1.1647731170803328,0.0,1.0,0.9692276994637263
4.269331386679116,1.1829838643910842,0.0,1.0,0.9756516011137796
4.278278476294592,1.2013469774980938,0.0,1.0,0.9812554724343239
4.287072844742819,1.2198551406734666,0.0,1.0,0.9860763798308354
4.295717320385477,1.238501047827483,0.0,1.0,0.9901372399683473
4.304214731584245,1.2572773928704244,0.0,1.0,0.9934559740392149
4.312567900295592,1.2761769337957043,0.0,1.0,0.9960602776115861
4.3207795753438845,1.295193160271767,0.0,1.0,0.9979908752043544
4.328852458994751,1.3143200277798817,0.0,1.0,0.9992812390345472
4.336789252765363,1.3335514992894655,0.0,1.0,0.9999475083547068
4.344592658172899,1.352881537769937,0.0,1.0,1.0
4.352265362683078,1.3723041743139637,0.0,1.0,1.0
4.359809909454616,1.3918141396333075,0.0,1.0,1.0
4.367228756855026,1.4114065755183998,0.0,1.0,1.0
4.374524362169103,1.4310766290088612,0.0,1.0,1.0
4.381699182681647,1.4508194471443125,0.0,1.0,1.0
4.388755660801005,1.4706302471877069,0.0,1.0,1.0
4.395696101069632,1.4905048971895347,0.0,1.0,1.0
4.402522733325069,1.510439617840216,0.0,1.0,1.0
4.409237786667421,1.530430633311231,0.0,1.0,1.0
4.415843490196785,1.5504741677740572,0.0,1.0,1.0
4.422342053973506,1.5705665070666714,0.0,1.0,1.0
4.428735528388123,1.5907044541700819,0.0,1.0,1.0
4.43502588411267,1.6108850702597874,0.0,1.0,1.0
4.441215091231279,1.631105418415434,0.0,1.0,1.0
4.447305119828078,1.6513625617166658,0.0,1.0,1.0
4.453297921250283,1.6716536217532898,0.0,1.0,0.9997243969339344
4.459195304315337,1.691976165195905,0.0,1.0,0.9991459550067245
4.4649990123375645,1.7123279632631048,0.0,1.0,0.9982555611905248
4.4707107882859445,1.7327067882519072,0.0,1.0,0.9970452615376236
4.476332375129459,1.7531104124593297,0.0,1.0,0.9955085363677892
4.481865487442516,1.7735366551189629,0.0,1.0,0.993643529790376
4.4873116434741345,1.7939836599926968,0.0,1.0,0.991451303613682
4.492672278507938,1.814449707985232,0.0,1.0,0.9889291432214745
4.497948827532646,1.8349330804887676,0.0,1.0,0.9860705813097289
4.503142725536971,1.8554320588955002,0.0,1.0,0.9828710922799062
4.508255363728026,1.8759449664398784,0.0,1.0,0.9793347741249213
4.513287857693056,1.8964703897673554,0.0,1.0,0.9754708212960799
4.518241216035675,1.9170070177680618,0.0,1.0,0.9712815485032916
4.52311644712309,1.937553539558075,0.0,1.0,0.9667861756271962
4.527914559322495,1.958108644253468,0.0,1.0,0.9621351954113602
4.53263648716448,1.9786710485505123,0.0,1.0,0.9573325038641396
4.537282741363009,1.9992396274537356,0.0,1.0,0.9523845807265436
4.541853681698374,2.019813312345923,0.0,1.0,0.94729392760736
4.546349667766804,2.0403910346786214,0.0,1.0,0.9420594455626099
4.5507710591645205,2.060971725903377,0.0,1.0,0.9366814213339592
4.555118114031742,2.081554344236893,0.0,1.0,0.9311658066514579
4.559390558947323,2.102137988127332,0.0,1.0,0.9255213049599833
4.563587946993421,2.1227218017930998,0.0,1.0,0.9197518051384366
4.567709831155639,2.1433049294780755,0.0,1.0,0.9138570602066751
4.571755764419589,2.1638865154261397,0.0,1.0,0.9078383722960631
4.575725159832817,2.184465715312539,0.0,1.0,0.9017029764617667
4.579616760650589,2.2050417395270294,0.0,1.0,0.8954606297729627
4.583429109967619,2.225613814810231,0.0,1.0,0.8891158246148955
4.5871607508427985,2.2461811679056947,0.0,1.0,0.8826687792778789
4.590810226335021,2.266743025556971,0.0,1.0,0.8761212905986252
4.594375918593935,2.287298615148675,0.0,1.0,0.8694808334158958
4.59785550580083,2.3078471668700433,0.0,1.0,0.8627569332771853
4.601246473674595,2.32838791167708,0.0,1.0,0.8559538325883292
4.604546307929438,2.3489200805258146,0.0,1.0,0.8490717133339928
4.60775249427956,2.369442904372273,0.0,1.0,0.8421120508281703
4.610862351484089,2.389955613080953,0.0,1.0,0.8350808412401536
4.613872530481845,2.4104574321502326,0.0,1.0,0.8279854199122365
4.616779515256574,2.4309475859869547,0.0,1.0,0.8208287153900844
4.619579789792018,2.451425298997966,0.0,1.0,0.8136104413835848
4.622269838068396,2.4718897955896826,0.0,1.0,0.8063311703384826
4.624845999302233,2.492340282476313,0.0,1.0,0.7989944131452045
4.627304083208902,2.5127759016594076,0.0,1.0,0.7916043243114562
4.629639778473297,2.533195780348844,0.0,1.0,0.7841620202021661
4.631848773780313,2.5535990457545075,0.0,1.0,0.776666517968086
4.633926757797234,2.573984825081545,0.0,1.0,0.7691171440365302
4.635869320802471,2.594352219083869,0.0,1.0,0.7615144342857206
4.637671723838204,2.614700240002255,0.0,1.0,0.7539044519780894
4.639329159160085,2.635027881584655,0.0,1.0,0.7463682350037706
4.640836819023772,2.65533413757902,0.0,1.0,0.7389044848097704
4.642189895670349,2.6756180017180915,0.0,1.0,0.7315112196289966
4.6433835551629885,2.6958784404071934,0.0,1.0,0.7247722251757178
4.644412883360619,2.7161143363255382,0.0,1.0,0.7187420418907965
4.645272950814061,2.736324556172035,0.0,1.0,0.713437159992145
4.645958828074134,2.7565079666455907,0.0,1.0,0.7088719214749034
4.646465585799677,2.776663434407616,0.0,1.0,0.7050554679600697
4.646788383223875,2.796789795372499,0.0,1.0,0.7019824415661241
4.646922628293677,2.8168857991180203,0.0,1.0,0.699640573828444
4.646863772286523,2.836950180180553,0.0,1.0,0.6980298725474244
4.646607266479858,2.856981673096467,0.0,1.0,0.6971607945598967
4.646148562529274,2.8769790123694854,0.0,1.0,0.6970366576894147
4.6454832832179225,2.896940917730315,0.0,1.0,0.6976360708600833
4.644607492201548,2.916866070850206,0.0,1.0,0.6989262481688147
4.6435173231675275,2.9367531473547532,0.0,1.0,0.7008951793832738
4.642208909803241,2.956600822869552,0.0,1.0,0.7034982517481556
4.640678386870513,2.9764077729950325,0.0,1.0,0.7064082974897786
4.638922191398812,2.996172666252114,0.0,1.0,0.7096040827985332
4.636937475689475,3.0158941544090765,0.0,1.0,0.7130587429308042
4.63472149549372,3.0355708868112767,0.0,1.0,0.7167600084750777
4.632271506562764,3.0552015128040666,0.0,1.0,0.720706479785444
4.6295847666159,3.0747846818623965,0.0,1.0,0.7248914932602892
4.6266589066644315,3.0943190680426103,0.0,1.0,0.7292919429499718
4.623492369974528,3.1138033988882716,0.0,1.0,0.7338791070612175
4.620083706591085,3.133236408974362,0.0,1.0,0.7386389993405841
4.616431466559007,3.1526168328758617,0.0,1.0,0.7435686494198366
4.612534202997382,3.1719434054371405,0.0,1.0,0.7486607664554034
4.608390885874138,3.1912148980309785,0.0,1.0,0.7538936814129513
4.604001320072248,3.2104301551936385,0.0,1.0,0.7592407422961367
4.599365410033779,3.229588030185744,0.0,1.0,0.7646884770986118
4.594483060200788,3.24868737626791,0.0,1.0,0.7702334296886697
4.589354179264378,3.267727047127892,0.0,1.0,0.7758693968281617
4.583979106354493,3.286705939723374,0.0,1.0,0.7815792810706437
4.57835897496442,3.305623030865535,0.0,1.0,0.7873418079192691
4.572495004303342,3.3244773059821604,0.0,1.0,0.7931460035214143
4.566388413580446,3.3432677505010355,0.0,1.0,0.7989891029336139
4.560040426769306,3.3619933503788775,0.0,1.0,0.8048673652554346
4.55345264095605,3.3806531329946394,0.0,1.0,0.8107704890126719
4.546627288230984,3.3992461962242033,0.0,1.0,0.8166851364702385
4.539566662515977,3.417771644807873,0.0,1.0,0.8226044684391812
4.532273057732902,3.436228583485955,0.0,1.0,0.828527270569755
4.524748772282233,3.4546161170768444,0.0,1.0,0.8344528966972494
4.516996383163328,3.472933355256673,0.0,1.0,0.8403782996704765
4.50901890498448,3.49117941533185,0.0,1.0,0.8462984676318377
4.500819390681582,3.5093534152770793,0.0,1.0,0.8522110412987713
4.492400893190522,3.527454473067064,0.0,1.0,0.8581165987661883
4.48376646824113,3.545481706317712,0.0,1.0,0.8640172642959113
4.474919312689688,3.5634342145214317,0.0,1.0,0.8699158898041401
4.465862828121505,3.581311070879269,0.0,1.0,0.8757175365381109
4.456600432190833,3.5991113465286992,0.0,1.0,0.8812493247177814
4.447135542551927,3.616834112607196,0.0,1.0,0.886512318313995
4.437471577072884,3.6344784386105298,0.0,1.0,0.8915101449059744
4.42761196255327,3.652043325469696,0.0,1.0,0.8962501498954304
4.417560137765629,3.6695276822017973,0.0,1.0,0.9007400471663664
4.4073195423210905,3.6869304113863217,0.0,1.0,0.9049846176020296
4.396893615830784,3.7042504156027576,0.0,1.0,0.9089872196829111
4.386285794206853,3.721486595193968,0.0,1.0,0.9127554921943424
4.375499383686879,3.7386377720938953,0.0,1.0,0.916306357161173
4.3645375298001134,3.7557026710627186,0.0,1.0,0.9196581207282913
4.353403368080365,3.772680010816779,0.0,1.0,0.9228202647653735
4.342100034061445,3.789568510072417,0.0,1.0,0.925796919459568
4.330630656034517,3.806366884689204,0.0,1.0,0.9285968539161927
4.3189981464405145,3.8230737653872064,0.0,1.0,0.9312400435252283
4.307205170330032,3.839687685306383,0.0,1.0,0.9337311855198637
4.2952543791662094,3.856207172227292,0.0,1.0,0.9360649050484882
4.283148424412186,3.8726307539304847,0.0,1.0,0.9382462164276857
4.270889947417362,3.8889569564403255,0.0,1.0,0.9402866201276788
4.258481330506468,3.905184260803061,0.0,1.0,0.9422107295582303
4.245924681398761,3.921311100381314,0.0,1.0,0.9440433902305312
4.233222094580271,3.9373359062398356,0.0,1.0,0.9457963604185223
4.220375664537026,3.9532571094433746,0.0,1.0,0.9474745308999866
4.207387474682474,3.9690731420301715,0.0,1.0,0.9490876717989402
4.194259362467715,3.9847824576631727,0.0,1.0,0.950654833685317
4.180992924123625,4.0003835312131235,0.0,1.0,0.9521945021465198
4.167589745757045,4.01587483844086,0.0,1.0,0.9537155649380692
4.154051413474808,4.031254855107218,0.0,1.0,0.9552221541004315
4.14037950350932,4.04652206203751,0.0,1.0,0.9567205278263655
4.126575400322277,4.06167503841388,0.0,1.0,0.9582206117809269
4.112640314398587,4.07671245264903,0.0,1.0,0.9597314566315562
4.098575449918086,4.09163297638945,0.0,1.0,0.9612578635798597
4.0843820110606135,4.106435281281632,0.0,1.0,0.9628026299090834
4.070061196375025,4.121118048563048,0.0,1.0,0.964367191869251
4.055614108138239,4.135680123446445,0.0,1.0,0.9659503870832421
4.041041767846494,4.150120488734352,0.0,1.0,0.9675505946434402
4.0263451944932225,4.16443813149221,0.0,1.0,0.9691681540093725
4.011525407071855,4.178632038785454,0.0,1.0,0.9708042750962886
3.9965834234227136,4.192701210749678,0.0,1.0,0.9724563244912413
3.981520243926548,4.206644845419496,0.0,1.0,0.9741150844799469
3.96633685541773,4.220462294373573,0.0,1.0,0.975771670931046
3.951034244376002,4.23415291321026,0.0,1.0,0.9774232781267634
3.935613397281105,4.247716057527907,0.0,1.0,0.9790696349556754
3.920075304072281,4.261151097297116,0.0,1.0,0.980705304770774
3.904421001321555,4.274457596220827,0.0,1.0,0.9823165788489534
3.88865155904302,4.28763525693456,0.0,1.0,0.9838909487878789
3.872768047980376,4.300683785104915,0.0,1.0,0.9854239641121347
3.8567715388773207,4.313602886398487,0.0,1.0,0.9869143688254599
3.840663111727089,4.326392276406182,0.0,1.0,0.9883561448939095
3.824443958026321,4.339051790356607,0.0,1.0,0.9897361734635131
3.808115343144178,4.351581342739993,0.0,1.0,0.9910430963689074
3.7916785337709515,4.3639808494640775,0.0,1.0,0.9922728886078074
3.7751347965969355,4.3762502264366,0.0,1.0,0.9934243390858563
3.758485406339184,4.3883893933629805,0.0,1.0,0.9944938019878038
3.7417317245954527,4.400398311054283,0.0,1.0,0.9954742139261435
3.724875166105909,4.412276965464718,0.0,1.0,0.9963597170306527
3.7079171463744265,4.42402534290982,0.0,1.0,0.9971481991025734
3.690859080904878,4.435643429705123,0.0,1.0,0.9978390497499484
3.6737023933741466,4.447131204783012,0.0,1.0,0.9984321971063611
3.6564485871633345,4.4584885750744165,0.0,1.0,0.9989284395346899
3.639099210631999,4.469715406878623,0.0,1.0,0.9993287134980318
3.6216558126465923,4.4808115660370005,0.0,1.0,0.9996334583630114
3.604119942073567,4.491776918390924,0.0,1.0,0.9998432753475431
3.58649315041293,4.502611312294212,0.0,1.0,0.9999624249224818
3.568777012373957,4.513314441984526,0.0,1.0,1.0
3.5509731147392247,4.523885921529298,0.0,1.0,1.0
3.5330830443948247,4.53432536430863,0.0,1.0,1.0
3.515108388226846,4.54463238370262,0.0,1.0,1.0
3.497050731111204,4.554806572561375,0.0,1.0,1.0
3.4789116418729584,4.564847359807027,0.0,1.0,1.0
3.460692681647642,4.574754095828279,0.0,1.0,1.0
3.4423954115225377,4.584526130521054,0.0,1.0,1.0
3.4240213925849257,4.5941628137812724,0.0,1.0,1.0
3.4055721767527514,4.603663480094666,0.0,1.0,1.0
3.3870492494609747,4.613027352214146,0.0,1.0,1.0
3.368454066841853,4.622253603645855,0.0,1.0,1.0
3.349788084899708,4.631341407680917,0.0,1.0,1.0
3.331052759638864,4.6402899376104685,0.0,1.0,1.0
3.312249536071374,4.6490983664212475,0.0,1.0,1.0
3.2933797867017467,4.657765865092196,0.0,1.0,1.0
3.2744448546642584,4.666291603788966,0.0,1.0,1.0
3.2554460830098755,4.674674752674902,0.0,1.0,1.0
3.236384814789561,4.6829144819133495,0.0,1.0,1.0
3.2172623821433866,4.691009992989478,0.0,1.0,1.0
3.198080051633912,4.698960675641286,0.0,1.0,1.0
3.1788390654386935,4.706765989608586,0.0,1.0,1.0
3.1595406656945264,4.7144253947482255,0.0,1.0,1.0
3.140186094538202,4.721938350917053,0.0,1.0,1.0
3.1207765849015603,4.729304381684648,0.0,1.0,1.0
3.1013133192433298,4.736523359973776,0.0,1.0,1.0
3.081797462811871,4.743595277829956,0.0,1.0,1.0
3.062230180840927,4.750520127399889,0.0,1.0,1.0
3.0426126385642407,4.757297900830274,0.0,1.0,1.0
3.0229459940387633,4.763928688024874,0.0,1.0,1.0
3.003231369385143,4.770413068385275,0.0,1.0,1.0
2.983469875499427,4.776751774206341,0.0,1.0,1.0
2.963662623273901,4.782945537834215,0.0,1.0,1.0
2.943810723600847,4.788995091615037,0.0,1.0,1.0
2.923915284770506,4.794901284767372,0.0,1.0,1.0
2.903977403166686,4.8006655012930235,0.0,1.0,1.0
2.883998171769647,4.8062892780663375,0.0,1.0,1.0
2.8639786835593783,4.8117741519736965,0.0,1.0,1.0
2.843920031515866,4.817121659901483,0.0,1.0,1.0
2.8238233058134985,4.822333456425584,0.0,1.0,1.0
2.8036895848902454,4.827411688440534,0.0,1.0,1.0
2.7835199441156515,4.832358631555273,0.0,1.0,1.0
2.7633154588592523,4.837176561379152,0.0,1.0,1.0
2.743077204490533,4.841867753521816,0.0,1.0,1.0
2.7228062425226285,4.84643457722183,0.0,1.0,1.0
2.702503581469578,4.850879759838208,0.0,1.0,1.0
2.6821702171759156,4.8552061143391985,0.0,1.0,1.0
2.661807145486174,4.859416453693048,0.0,1.0,1.0
2.6414153622436167,4.863513590871338,0.0,1.0,1.0
2.6209958471927584,4.867500381168151,0.0,1.0,1.0
2.6005495237609573,4.871379827931421,0.0,1.0,1.0
2.5800773030679327,4.875154966865021,0.0,1.0,1.0
2.559580096233401,4.878828833672817,0.0,1.0,1.0
2.539058814366279,4.882404464051246,0.0,1.0,1.0
2.5185143363641527,4.885884871526049,0.0,1.0,1.0
2.497947437997921,4.889272998642066,0.0,1.0,1.0
2.4773588744431705,4.89257177376862,0.0,1.0,1.0
2.456749400875487,4.895784125275026,0.0,1.0,1.0
2.4361197724423933,4.898912981459194,0.0,1.0,1.0
2.4154707112526,4.901961186533691,0.0,1.0,1.0
2.39480284252135,4.904931338112729,0.0,1.0,1.0
2.3741167737930975,4.9078259888375255,0.0,1.0,1.0
2.353413112612293,4.910647691349301,0.0,1.0,1.0
2.3326924664436284,4.91339899804337,0.0,1.0,1.0
2.3119553950424168,4.916082314223954,0.0,1.0,1.0
2.291202329861218,4.918699649629684,0.0,1.0,1.0
2.270433681005364,4.921252948184308,0.0,1.0,1.0
2.249649858580186,4.923744153811571,0.0,1.0,1.0
2.2288512725861205,4.926175209956669,0.0,1.0,1.0
2.2080382960449185,4.928547891356884,0.0,1.0,1.0
2.187211210687466,4.930863556253145,0.0,1.0,1.0
2.16637028440479,4.9331234997447755,0.0,1.0,1.0
2.145515785087916,4.935329016931097,0.0,1.0,1.0
2.1246479804901255,4.93748140214025,0.0,1.0,1.0
2.1037671068138555,4.939581773065258,0.0,1.0,1.0
2.0828733286778935,4.94163084664318,0.0,1.0,1.0
2.06196680082821,4.94362928453881,0.0,1.0,1.0
2.041047678010772,4.945577748416933,0.0,1.0,1.0
2.020116114781287,4.947476899029329,0.0,1.0,1.0
1.999172235373314,4.949327251623526,0.0,1.0,1.0
1.9782161007270171,4.951129017726497,0.0,1.0,1.0
1.95724776385583,4.952882370827893,0.0,1.0,1.0
1.9362672777731822,4.954587484417363,0.0,1.0,1.0
1.9152746953839899,4.956244531168769,0.0,1.0,1.0
1.8942700569351394,4.957853588602434,0.0,1.0,1.0
1.8732533783402334,4.959414551319206,0.0,1.0,1.0
1.852224672751775,4.960927293164066,0.0,1.0,1.0
1.8311839533222676,4.962391687981995,0.0,1.0,1.0
1.8101312331425263,4.963807609543253,0.0,1.0,1.0
1.7890665198291966,4.965174924988074,0.0,1.0,1.0
1.7679898112984151,4.966493489707923,0.0,1.0,1.0
1.7469011044716116,4.967763157889532,0.0,1.0,1.0
1.725800396270214,4.968983783719629,0.0,1.0,1.0
1.7046876835008238,4.970155221981106,0.0,1.0,1.0
1.6835629549794553,4.971277368940844,0.0,1.0,1.0
1.6624261864586005,4.972350188686473,0.0,1.0,1.0
1.6412773524838329,4.973373651571461,0.0,1.0,1.0
1.620116427600725,4.9743477279492785,0.0,1.0,1.0
1.598943386238578,4.975272390278886,0.0,1.0,1.0
1.577758196324897,4.976147728749942,0.0,1.0,1.0
1.556560815973371,4.9769740112551615,0.0,1.0,1.0
1.5353512024836034,4.9777515204282565,0.0,1.0,1.0
1.5141293131551947,4.978480538902936,0.0,1.0,1.0
1.492895105648967,4.979161352655977,0.0,1.0,1.0
1.4716485541823332,4.979794400896952,0.0,1.0,1.0
1.450389656059798,4.980380336508487,0.0,1.0,1.0
1.4291184102986065,4.980919828224786,0.0,1.0,1.0
1.4078348159160015,4.9814135447800485,0.0,1.0,1.0
1.3865388724598797,4.9818621590930166,0.0,1.0,1.0
1.3652305997477765,4.982266503923601,0.0,1.0,1.0
1.3439100437222582,4.982627618046933,0.0,1.0,1.0
1.3225772520513106,4.98294655384433,0.0,1.0,1.0
1.301232272402914,4.983224363697108,0.0,1.0,1.0
1.2798751537974433,4.983462104384674,0.0,1.0,1.0
1.2585059889048973,4.983660974639248,0.0,1.0,1.0
1.2371249224155678,4.983822342368065,0.0,1.0,1.0
1.2157321020624359,4.983947585373477,0.0,1.0,1.0
1.19432767557848,4.984038081457834,0.0,1.0,1.0
1.1729117942069183,4.984095211076497,0.0,1.0,1.0
1.151484706049429,4.984120427889822,0.0,1.0,1.0
1.1300467659726032,4.984115266250375,0.0,1.0,1.0
1.1085983343404469,4.984081264665638,0.0,1.0,1.0
1.0871397715169628,4.984019961643092,0.0,1.0,1.0
1.0656714443391822,4.983932896390372,0.0,1.0,1.0
1.0441938738733725,4.983821624797324,0.0,1.0,1.0
1.0227077384470293,4.983687719763953,0.0,1.0,1.0
1.0012137234671385,4.983532754956025,0.0,1.0,1.0
0.9797125143406816,4.983358304039299,0.0,1.0,1.0
0.9582048078747839,4.983165936728458,0.0,1.0,1.0
0.9366915374431231,4.982957140748503,0.0,1.0,1.0
0.9151738595634288,4.98273332648676,0.0,1.0,1.0
0.8936529394661913,4.982495901310868,0.0,1.0,1.0
0.8721299423818977,4.9822462725884575,0.0,1.0,1.0
0.8506060507903074,4.981985840807593,0.0,1.0,1.0
0.829082761232881,4.9817158811980455,0.0,1.0,1.0
0.8075618442726935,4.981437559700633,0.0,1.0,1.0
0.7860450796673407,4.9811520385890935,0.0,1.0,1.0
0.7645342471744168,4.980860480137164,0.0,1.0,1.0
0.7430311533239816,4.980564034896312,0.0,1.0,1.0
0.7215380350977931,4.98026366494552,0.0,1.0,1.0
0.7000574768064727,4.979960180286479,0.0,1.0,1.0
0.6785920726682401,4.979654386582853,0.0,1.0,1.0
0.6571444169013235,4.979347089498308,0.0,1.0,1.0
0.635717141562128,4.979039083434664,0.0,1.0,1.0
0.6143134189463737,4.9787310020014095,0.0,1.0,1.0
0.5929368243508009,4.978423358862162,0.0,1.0,1.0
0.5715909427215137,4.978116664808582,0.0,1.0,1.0
0.5502793590046227,4.977811430632331,0.0,1.0,1.0
0.5290057118728061,4.977508154956619,0.0,1.0,1.0
0.5077743245109964,4.9772071813705665,0.0,1.0,1.0
0.4865899919609901,4.976908746593158,0.0,1.0,1.0
0.4654575186061015,4.9766130852276484,0.0,1.0,1.0
0.44438170882965156,4.976320431877285,0.0,1.0,1.0
0.42336744107631435,4.9760310129651195,0.0,1.0,1.0
0.4024204393931027,4.9757449615160745,0.0,1.0,1.0
0.381546966170421,4.975462351094175,0.0,1.0,1.0
0.3607532924527772,4.975183254307593,0.0,1.0,1.0
0.3400456892846861,4.974907743764497,0.0,1.0,1.0
0.31943052492767476,4.974635888240988,0.0,1.0,1.0
0.29891516605249996,4.974367717158184,0.0,1.0,1.0
0.2785075659702025,4.974103236813203,0.0,1.0,1.0
0.2582156854828021,4.973842453207885,0.0,1.0,1.0
0.23804748539232573,4.973585372344074,0.0,1.0,1.0
0.21801104917344424,4.9733319998651,0.0,1.0,1.0
0.19811559715700233,4.973082338091903,0.0,1.0,1.0
0.1783709656980718,4.9728363875451125,0.0,1.0,1.0
0.15878699723275094,4.972594148727599,0.0,1.0,1.0
0.13937353419714435,4.9723556221422225,0.0,1.0,1.0
0.12014055821451138,4.972120812338505,0.0,1.0,1.0
0.10109921814918485,4.971889757801753,0.0,1.0,1.0
0.08226124563507252,4.971662513960427,0.0,1.0,1.0
0.06363837660390378,4.971439136367938,0.0,1.0,1.0
0.04524234698741425,4.9712196805777,0.0,1.0,1.0
0.027085034251754472,4.971004205606667,0.0,1.0,1.0
0.009179392500836452,4.970792796818644,0.0,1.0,1.0
-0.008461129365639933,4.970585551685781,0.0,1.0,1.0
-0.025823079839310138,4.970382567744069,0.0,1.0,1.0
-0.042893007411803845,4.970183942529496,0.0,1.0,1.0
-0.059657348829772375,4.96998977634036,0.0,1.0,1.0
-0.07610176821405538,4.969800188574055,0.0,1.0,1.0
-0.09221160318058527,4.969615306699086,0.0,1.0,1.0
-0.10797219018469327,4.969435258212649,0.0,1.0,1.0
-0.12336886568170519,4.969260170611944,0.0,1.0,1.0
-0.13838692668444014,4.969090170754546,0.0,1.0,1.0
-0.15301142190188294,4.968925381471408,0.0,1.0,1.0
-0.16722730366227853,4.968765924030525,0.0,1.0,1.0
-0.18101952408089297,4.968611919696437,0.0,1.0,1.0
-0.19437303527298766,4.968463489733683,0.0,1.0,1.0
-0.2072728818500935,4.968320753029461,0.0,1.0,1.0
-0.2197046393453375,4.968183814825215,0.0,1.0,1.0
-0.23165407236876984,4.968052775502722,0.0,1.0,1.0
-0.24310694576103084,4.967927735437836,0.0,1.0,1.0
-0.2540490243627566,4.96780879500641,0.0,1.0,1.0
-0.2644662881185291,4.967696051345661,0.0,1.0,1.0
-0.2743458439731184,4.967589584624517,0.0,1.0,1.0
-0.28367516671371396,4.9674894694736205,0.0,1.0,1.0
-0.29244173133220397,4.967395780520529,0.0,1.0,1.0
-0.30063301282047333,4.967308592392797,0.0,1.0,1.0
-0.3082370950338207,4.9672279725606305,0.0,1.0,1.0
-0.3152449760598119,4.967153954236663,0.0,1.0,1.0
-0.32164852487445905,4.967086560395998,0.0,1.0,1.0
-0.32743961060961135,4.967025814011908,0.0,1.0,1.0
-0.33261010239712063,4.966971738057668,0.0,1.0,1.0
-0.3371518693688378,4.966924355506551,0.0,1.0,1.0
-0.3410567806566138,4.96688368933183,0.0,1.0,1.0
-0.34431670539229975,4.966849762506778,0.0,1.0,1.0
-0.346923512707746,4.966822598004667,0.0,1.0,1.0
-0.3488690717348039,4.966802218798773,0.0,1.0,1.0
