-3.471863096883803,1.314354726597453,0.0,1.0,0.717432533677076
-3.471318764977539,1.3125129767746901,0.0,1.0,0.7169313049054202
-3.47057418841103,1.309980012340581,0.0,1.0,0.7109597698637447
-3.4696280698267885,1.3067654781744356,0.0,1.0,0.7050291580217392
-3.4684791118673255,1.302879019155566,0.0,1.0,0.6991396537571318
-3.4671260171751546,1.298330280163283,0.0,1.0,0.6944240966565002
-3.465567488392785,1.2931289060768978,0.0,1.0,0.6900603496270807
-3.4638022281627294,1.2872845417757213,0.0,1.0,0.6854799240734107
-3.461828939127501,1.2808068321390655,0.0,1.0,0.6804822914285545
-3.459646322849417,1.2737054296211763,0.0,1.0,0.6752733485593749
-3.457252846666389,1.265991629192245,0.0,1.0,0.6702775506949252
-3.4546464527419705,1.25768040864639,0.0,1.0,0.6658227915047271
-3.451825011777232,1.2487872469136625,0.0,1.0,0.6619082388316665
-3.4487863944732453,1.2393276229241137,0.0,1.0,0.6584047163751783
-3.4455284299911537,1.2293172830852404,0.0,1.0,0.655301741784194
-3.4420486378670745,1.2187739674938423,0.0,1.0,0.6526815750324891
-3.4383443978307846,1.2077163164659517,0.0,1.0,0.6505714103190918
-3.4344130889301896,1.196162974708213,0.0,1.0,0.6486834000524639
-3.4302520860199874,1.1841326128330354,0.0,1.0,0.6469488115125843
-3.425858597497768,1.171644929830438,0.0,1.0,0.645414426229031
-3.4212296135123443,1.1587209730386865,0.0,1.0,0.6441331013993663
-3.41636210942212,1.1453818811717211,0.0,1.0,0.6431105512658994
-3.4112530605854934,1.1316487929434826,0.0,1.0,0.6423357927386738
-3.4058994154655116,1.11754305066477,0.0,1.0,0.6418222032777607
-3.4002980135125735,1.1030868218682093,0.0,1.0,0.6416012672686401
-3.3944456665613565,1.0883024831364134,0.0,1.0,0.641694113365215
-3.3883391864465398,1.0732124110520151,0.0,1.0,0.6421099117235324
-3.3819753874622798,1.0578389902077383,0.0,1.0,0.6428596376534114
-3.375351121485481,1.0422047275966893,0.0,1.0,0.6439590351911223
-3.3684632697293755,1.0263322257552232,0.0,1.0,0.6454274887551803
-3.361308714185601,1.010244089754822,0.0,1.0,0.647286900304395
-3.3538843372816753,0.9939629237587926,0.0,1.0,0.6493250992760781
-3.346187121540956,0.9775111233758624,0.0,1.0,0.6515159781958004
-3.3382142767136878,0.9609106107764287,0.0,1.0,0.6538612762739601
-3.3299630439090384,0.9441832427930544,0.0,1.0,0.6563678589225415
-3.3214306642361695,0.9273508762583018,0.0,1.0,0.6590460640987822
-3.3126144327433917,0.9104352393844513,0.0,1.0,0.6619005113034808
-3.3035120522702703,0.8934570879874758,0.0,1.0,0.6649286498103856
-3.294121412071356,0.8764367333685664,0.0,1.0,0.6681324269267638
-3.2844404023614406,0.8593944845391772,0.0,1.0,0.6715225359241268
-3.274466921986045,0.8423506293883006,0.0,1.0,0.6751075356802279
-3.264199221580329,0.8253245948509308,0.0,1.0,0.6788847402318554
-3.2536360184083715,0.8083346658556115,0.0,1.0,0.6828495187262652
-3.2427760619089754,0.7913990485879248,0.0,1.0,0.6870083442373085
-3.231618101520946,0.7745359492334525,0.0,1.0,0.6913724405792797
-3.220161062396989,0.7577631599765636,0.0,1.0,0.6959411759272769
-3.2084045913716572,0.7410967726400872,0.0,1.0,0.7007034258152299
-3.1963485205319104,0.724552442571877,0.0,1.0,0.7056572880583828
-3.183992681964832,0.708145825119496,0.0,1.0,0.7108125910196358
-3.171336946885652,0.6918924791984297,0.0,1.0,0.7161723731876406
-3.1583817950587627,0.6758064639429363,0.0,1.0,0.7217240276889694
-3.145128186800989,0.6599006541564864,0.0,1.0,0.7274560437484816
-3.1315770955096354,0.6441878924054495,0.0,1.0,0.7333716297285243
-3.1177294959094803,0.6286810179129684,0.0,1.0,0.7394760384596678
-3.1035866860495296,0.6133920556155597,0.0,1.0,0.7457583990466385
-3.08915070710824,0.5983311588906909,0.0,1.0,0.7521988058599127
-3.0744237042740084,0.5835082191685477,0.0,1.0,0.7587904910227906
-3.0594078227352304,0.5689331278793145,0.0,1.0,0.765537412212731
-3.0441052938767195,0.5546155309671235,0.0,1.0,0.7724323117684864
-3.0285190100897403,0.5405631918400756,0.0,1.0,0.7794522202284401
-3.0126521696734727,0.526783002685306,0.0,1.0,0.786580108983558
-2.996507972589185,0.5132818509563507,0.0,1.0,0.7938141859747095
-2.9800896278629714,0.500066595341583,0.0,1.0,0.8011503785500083
-2.9634007240221356,0.4871428902690319,0.0,1.0,0.8085677998028771
-2.9464453588603496,0.4745147741262719,0.0,1.0,0.8160415620074385
-2.9292276658949516,0.46218617193999784,0.0,1.0,0.8235618217534275
-2.9117517786432794,0.450161008736904,0.0,1.0,0.8311261486820992
-2.8940219360491644,0.4384427566192109,0.0,1.0,0.8387194804548505
-2.8760428158196776,0.4270330027112809,0.0,1.0,0.8463152889188622
-2.8578192097880923,0.4159328438380489,0.0,1.0,0.8538968483198296
-2.839355909787933,0.4051433768233615,0.0,1.0,0.8614603124885483
-2.8206577243479263,0.39466561069885947,0.0,1.0,0.8689965810520264
-2.801729726304538,0.3844991646258322,0.0,1.0,0.8764830797053296
-2.782577199638578,0.37464254745660724,0.0,1.0,0.8838988775364778
-2.7632054342249885,0.3650942370490143,0.0,1.0,0.8912368429566008
-2.743619720157658,0.35585270879958647,0.0,1.0,0.8984931451247671
-2.7238254041773917,0.34691580129477834,0.0,1.0,0.9056531511644997
-2.7038279648492574,0.33827987118656877,0.0,1.0,0.9126966723090201
-2.683632899449347,0.32994106478243584,0.0,1.0,0.9196137917427287
-2.66324570525375,0.32189552838985785,0.0,1.0,0.926403146511486
-2.6426718838199337,0.31413925135707355,0.0,1.0,0.933057764764843
-2.621916970009775,0.30666700206069625,0.0,1.0,0.9395624579429618
-2.6009865142885475,0.29947297684206764,0.0,1.0,0.9459063773971558
-2.579886067210835,0.2925513687682539,0.0,1.0,0.9520881500662385
-2.5586211777578325,0.28589635670714897,0.0,1.0,0.9581066497822159
-2.537197327232305,0.2795015087573038,0.0,1.0,0.9639540126160768
-2.5156199050551926,0.27335956382249704,0.0,1.0,0.9696211985019707
-2.4938942940910795,0.267463201638166,0.0,1.0,0.9751060786854446
-2.472025877204552,0.2618051019397478,0.0,1.0,0.9804103400574127
-2.4500199967496052,0.25637778632798564,0.0,1.0,0.9852019665313148
-2.42788182423967,0.2511731095206989,0.0,1.0,0.9893251037458951
-2.4056164861603615,0.2461827504678352,0.0,1.0,0.9927731444009048
-2.383229108997059,0.24139838811842965,0.0,1.0,0.9955512433350102
-2.3607248064203445,0.23681168535310487,0.0,1.0,0.9976637501960023
-2.3381084855656566,0.23241404607911245,0.0,1.0,0.9991092355724648
-2.315384886657536,0.22819666491496973,0.0,1.0,0.999886561152289
-2.2925587451434613,0.22415073048926035,0.0,1.0,1.0
-2.2696347960764616,0.2202674314819197,0.0,1.0,1.0
-2.246617665922564,0.21653797070941427,0.0,1.0,1.0
-2.2235117252891343,0.2129535842974807,0.0,1.0,1.0
-2.200321307955611,0.2095055131663445,0.0,1.0,1.0
-2.177050747701431,0.20618499823623093,0.0,1.0,1.0
-2.1537043371830524,0.20298332524184962,0.0,1.0,1.0
-2.130286044548833,0.19989213355626612,0.0,1.0,1.0
-2.106799684037713,0.1969032302780145,0.0,1.0,1.0
-2.083249068961643,0.19400842351583192,0.0,1.0,1.0
-2.0596380080401016,0.19119953028724865,0.0,1.0,1.0
-2.035970106959063,0.18846876146806404,0.0,1.0,1.0
-2.0122486925363376,0.18580886890159992,0.0,1.0,1.0
-1.9884770713498265,0.18321264369394152,0.0,1.0,1.0
-1.9646585499774294,0.18067287695117384,0.0,1.0,1.0
-1.940796359567302,0.17818255598575658,0.0,1.0,1.0
-1.916893408931764,0.17573550656380968,0.0,1.0,1.0
-1.8929525207975808,0.17332577837551016,0.0,1.0,1.0
-1.8689765178906568,0.17094742111327688,0.0,1.0,1.0
-1.8449682054545837,0.16859453442670577,0.0,1.0,1.0
-1.820930101854641,0.1662620377443327,0.0,1.0,1.0
-1.7968644909217064,0.16394552069649895,0.0,1.0,1.0
-1.7727736496064963,0.16164059257418822,0.0,1.0,1.0
-1.7486598544327774,0.15934286412403467,0.0,1.0,1.0
-1.7245252566537312,0.1570483731933125,0.0,1.0,1.0
-1.7003717086507064,0.15475417661034155,0.0,1.0,1.0
-1.6762010191815209,0.15245747993459208,0.0,1.0,1.0
-1.6520149970039892,0.15015548872553408,0.0,1.0,1.0
-1.6278154170093084,0.1478455309235925,0.0,1.0,1.0
-1.6036037829723495,0.14552591417937752,0.0,1.0,1.0
-1.5793814684988485,0.14319541652473117,0.0,1.0,1.0
-1.5551498463705058,0.14085281896923213,0.0,1.0,1.0
-1.5309102862357953,0.1384969151866659,0.0,1.0,1.0
-1.5066640153233712,0.1361270744976974,0.0,1.0,1.0
-1.48241206295627,0.13374346613801924,0.0,1.0,1.0
-1.4581554438492004,0.13134631838874627,0.0,1.0,1.0
-1.4338951727168698,0.1289358595309931,0.0,1.0,1.0
-1.4096322138517487,0.12651249925397826,0.0,1.0,1.0
-1.385367313206199,0.12407743278652797,0.0,1.0,1.0
-1.3611011576467427,0.12163206793529406,0.0,1.0,1.0
-1.3368344340388953,0.11917781251055867,0.0,1.0,1.0
-1.3125678228399547,0.11671610370450358,0.0,1.0,1.0
-1.2883018974276248,0.1142488696731398,0.0,1.0,1.0
-1.264037142621016,0.11177844461685309,0.0,1.0,1.0
-1.2397740405771482,0.1093071749417944,0.0,1.0,1.0
-1.2155130732747883,0.10683740757261974,0.0,1.0,1.0
-1.1912546668474304,0.10437165187438362,0.0,1.0,1.0
-1.1669991125178787,0.10191280963473374,0.0,1.0,1.0
-1.1427466815413818,0.09946384072212015,0.0,1.0,1.0
-1.1184976451731863,0.09702770500499254,0.0,1.0,1.0
-1.0942522689041483,0.0946073869808404,0.0,1.0,1.0
-1.0700107714083853,0.09220607117715529,0.0,1.0,1.0
-1.0457733486060727,0.08982703934030783,0.0,1.0,1.0
-1.021540196266154,0.08747357386283384,0.0,1.0,1.0
-0.997311509258769,0.0851489576550328,0.0,1.0,1.0
-0.9730874404342378,0.08285649783310074,0.0,1.0,1.0
-0.9488680835679705,0.08059953554387178,0.0,1.0,1.0
-0.9246535280009758,0.07838141448865678,0.0,1.0,1.0
-0.900443863074261,0.0762054783687663,0.0,1.0,1.0
-0.8762391671726731,0.07407504385796697,0.0,1.0,1.0
-0.8520394706062434,0.0719933090351946,0.0,1.0,1.0
-0.8278447905026933,0.06996343946020331,0.0,1.0,1.0
-0.8036551439893937,0.06798860069187658,0.0,1.0,1.0
-0.7794705462354878,0.06607194747010856,0.0,1.0,1.0
-0.7552909790860591,0.06421645042274546,0.0,1.0,1.0
-0.7311163965060913,0.06242492614291779,0.0,1.0,1.0
-0.7069467516020049,0.060700186480289985,0.0,1.0,1.0
-0.6827819974092914,0.059045042914027485,0.0,1.0,1.0
-0.6586220631914889,0.05746218275196431,0.0,1.0,1.0
-0.6344668200608414,0.05595398955222185,0.0,1.0,1.0
-0.6103161304025878,0.05452280128793978,0.0,1.0,1.0
-0.5861698566019656,0.05317095593225775,0.0,1.0,1.0
-0.5620278539787026,0.0519007483976206,0.0,1.0,1.0
-0.5378899196319249,0.05071411877154745,0.0,1.0,1.0
-0.513755822017282,0.049612832574132466,0.0,1.0,1.0
-0.4896253293907482,0.04859865410855302,0.0,1.0,1.0
-0.4654982093989036,0.047673342673065076,0.0,1.0,1.0
-0.44137420037550174,0.046838416821356144,0.0,1.0,1.0
-0.4172529989603773,0.04609505267732703,0.0,1.0,1.0
-0.3931342986109857,0.045444400228196714,0.0,1.0,1.0
-0.3690177927847844,0.044887609461184155,0.0,1.0,1.0
-0.3449031593393806,0.04442573434670802,0.0,1.0,1.0
-0.3207900067690334,0.04405940192499019,0.0,1.0,1.0
-0.2966779242961657,0.04378912061843436,0.0,1.0,1.0
-0.27256650114243797,0.043615398844763814,0.0,1.0,1.0
-0.24845532530968878,0.04353872588567951,0.0,1.0,1.0
-0.22434396365635764,0.043559259335182926,0.0,1.0,1.0
-0.20023196514632502,0.04367687606584095,0.0,1.0,1.0
-0.1761188781790899,0.04389144409646863,0.0,1.0,1.0
-0.15200425115693936,0.04420283102257032,0.0,1.0,1.0
-0.12788763348365312,0.04461075236493971,0.0,1.0,1.0
-0.10376857704379189,0.04511454694346981,0.0,1.0,1.0
-0.07964663409940659,0.04571349625690875,0.0,1.0,0.9999373396223562
-0.055521356912548114,0.04640688180400464,0.0,1.0,0.9996972905745668
-0.03139230218918235,0.04719394647393098,0.0,1.0,0.9992785756438034
-0.007259063789330676,0.04807361035433134,0.0,1.0,0.9986797129322376
0.016878745924093597,0.04904463277621629,0.0,1.0,0.9978978015293735
0.04102151445303015,0.05010577189640752,0.0,1.0,0.9969299633218426
0.06516962841757716,0.05125578253878161,0.0,1.0,0.9957756106598409
0.08932343077797655,0.052493254513545216,0.0,1.0,0.9944353194005662
0.11348320166426144,0.053816540162330506,0.0,1.0,0.9929075925819745
0.13764921633058327,0.05522397339824335,0.0,1.0,0.9911893971087292
0.16182175003109428,0.056713888134389726,0.0,1.0,0.9892801321682508
0.18600104700388287,0.058284570829997114,0.0,1.0,0.9871824320486365
0.21018721173766072,0.059934094130896474,0.0,1.0,0.9848974967866752
0.2343803093791038,0.06166047049048781,0.0,1.0,0.982423141047809
0.2585804050727038,0.06346171235883193,0.0,1.0,0.9797799193974059
0.28278755705591596,0.06533582860772617,0.0,1.0,0.9770562213222945
0.307001701608535,0.06728076492751218,0.0,1.0,0.9742530704455804
0.331222670595409,0.06929441291526435,0.0,1.0,0.9713701667084768
0.35545029250943916,0.07137466242118479,0.0,1.0,0.9684066192645939
0.37968439566192724,0.07351940330753699,0.0,1.0,0.9653629771150524
0.4039247382829894,0.07572653009109469,0.0,1.0,0.9622410837291133
0.4281709028116856,0.07799394896396654,0.0,1.0,0.9590416693212644
0.45242244456564096,0.08031956791955802,0.0,1.0,0.9557640139159683
0.4766789188624796,0.0827012949512745,0.0,1.0,0.9524081722180944
0.500939859468798,0.08513705287036588,0.0,1.0,0.9489760867923202
0.5252046173249054,0.0876248901939795,0.0,1.0,0.9454695705201044
0.5494724512101666,0.09016291880637692,0.0,1.0,0.9418885979171407
0.5737426191993019,0.09274925107631325,0.0,1.0,0.9382328350047758
0.5980143775718076,0.09538200258740445,0.0,1.0,0.9345039778896682
0.6222868910884364,0.09805945281376938,0.0,1.0,0.9307048768494867
0.6465591912582661,0.1007801198547911,0.0,1.0,0.9268366368034127
0.6708302990774865,0.1035425406361843,0.0,1.0,0.9228988979912024
0.6950992355422877,0.10634525208366372,0.0,1.0,0.9188927633286073
0.7193649856673681,0.10918687502275587,0.0,1.0,0.9148214635314335
0.7436263701818654,0.11206641335169126,0.0,1.0,0.9106874024876548
0.7678821629536027,0.11498298023753413,0.0,1.0,0.9064907998269682
0.7921311378468794,0.11793568885555922,0.0,1.0,0.9022321285498852
0.8163720630631559,0.12092367354411175,0.0,1.0,0.8979143397721717
0.8406036049330508,0.12394644935151328,0.0,1.0,0.8935410421921357
0.8648243415587445,0.1270038610519058,0.0,1.0,0.8891135491662551
0.8890328481257529,0.1300957643195487,0.0,1.0,0.8846319691965385
0.9132276997465785,0.13322201534803077,0.0,1.0,0.8800984746211429
0.9374074412002295,0.13638268609629667,0.0,1.0,0.8755172335521783
0.961570540213681,0.1395783966025166,0.0,1.0,0.8708908280951386
0.9857154524612294,0.14280985263682475,0.0,1.0,0.8662195975837692
1.0098406336171748,0.14607775996935554,0.0,1.0,0.8615047363571376
1.0339445300791357,0.14938288957637794,0.0,1.0,0.856749902233153
1.0580255083871386,0.15272657375636936,0.0,1.0,0.8519586153355667
1.0820818943347104,0.1561104312165763,0.0,1.0,0.8471319127607749
1.1061120133895637,0.15953608295439686,0.0,1.0,0.8422701853211652
1.1301141906511558,0.16300515666581278,0.0,1.0,0.8373760314018018
1.1540867318808865,0.16651963180674959,0.0,1.0,0.8324533643360454
1.1780279143524557,0.17008200602526424,0.0,1.0,0.8275041022339593
1.2019360130548538,0.17369481852840904,0.0,1.0,0.8225283527056454
1.2258093029770685,0.17736060852323604,0.0,1.0,0.8175273957873757
1.249646046527363,0.18108203566005152,0.0,1.0,0.8125044041830475
1.273444447905445,0.18486231685647747,0.0,1.0,0.8074617726499709
1.297202694488006,0.18870483008748737,0.0,1.0,0.8023998145260817
1.3209189736500773,0.19261295334396214,0.0,1.0,0.797318768736291
1.3445914701280173,0.19659008607042466,0.0,1.0,0.7922205928918051
1.3682183202900529,0.20064002096683434,0.0,1.0,0.7871077047923125
1.391797618128307,0.20476689527061614,0.0,1.0,0.7819808235008235
1.4153274562012128,0.208974857875785,0.0,1.0,0.7768396324816529
1.4388059269850166,0.21326805799287868,0.0,1.0,0.7716847764696647
1.462231086108799,0.21765078674914723,0.0,1.0,0.7665179011316554
1.4856008944159809,0.22212770033839196,0.0,1.0,0.7613398234032773
1.5089132977181494,0.22670351284944218,0.0,1.0,0.7561501459328761
1.5321662418268962,0.23138293837112825,0.0,1.0,0.7509486762498059
1.5553576572535286,0.23617071608121376,0.0,1.0,0.7457361728504363
1.578485340849835,0.24107180432829065,0.0,1.0,0.7405133738732084
1.6015470204387319,0.24609127465239689,0.0,1.0,0.7352800379856479
1.6245404232663985,0.25123419953928433,0.0,1.0,0.7300355351103848
1.647463274676684,0.2565056524348172,0.0,1.0,0.7247797528498474
1.6703131970700502,0.26191075874061376,0.0,1.0,0.7195129465830555
1.693087659409918,0.2674547212983093,0.0,1.0,0.7142545118062199
1.715784118151641,0.27314274926238996,0.0,1.0,0.7090671153932298
1.7384000297505677,0.2789800517873407,0.0,1.0,0.703950214476629
1.7609328001811262,0.2849718213627317,0.0,1.0,0.6989043851916311
1.783379598731229,0.2911231723424651,0.0,1.0,0.693930002667076
1.8057375253804215,0.2974391962001546,0.0,1.0,0.6890263593804046
1.8280036800994717,0.3039249844065163,0.0,1.0,0.6843324694009997
1.8501751528942578,0.31058561900219134,0.0,1.0,0.6801042165802521
1.872248847619688,0.31742600586751574,0.0,1.0,0.6763443403369929
1.8942215031518737,0.3244508947583927,0.0,1.0,0.6730556829987934
1.9160898526558399,0.3316650300261502,0.0,1.0,0.6702439441681011
1.9378506290801996,0.3390731557435747,0.0,1.0,0.6679152509527653
1.9595004603971136,0.34667988086950796,0.0,1.0,0.6660712878795672
1.9810357011036013,0.3544894623761756,0.0,1.0,0.664710930181234
2.0024526617279816,0.3625061006442155,0.0,1.0,0.6638370890449445
2.0237476527985807,0.3707339960542674,0.0,1.0,0.6634560854388026
2.044916961741043,0.3791772988362775,0.0,1.0,0.6635692206039161
2.0659566711650905,0.38783971461105793,0.0,1.0,0.6641707612435227
2.0868627566166977,0.3967247165881901,0.0,1.0,0.6652579108462762
2.107631192707963,0.40583577595003456,0.0,1.0,0.666835598042335
2.128257952039187,0.4151763582223356,0.0,1.0,0.6688594068219218
2.1487388949756556,0.4247496133581183,0.0,1.0,0.6711343845367662
2.169069712623107,0.4345582154010142,0.0,1.0,0.673558346848801
2.1892460820636415,0.4446047989641946,0.0,1.0,0.6761217333758625
2.209263680379354,0.4548919986608291,0.0,1.0,0.6788261429629501
2.229118163635623,0.4654223161540087,0.0,1.0,0.681669953128356
2.2488050880402732,0.4761976214160767,0.0,1.0,0.6846486448769347
2.2683199801745744,0.4872195970041658,0.0,1.0,0.6877601827670462
2.287658366615083,0.4984899254456046,0.0,1.0,0.6910057677586455
2.3068157749373674,0.5100102638090864,0.0,1.0,0.6943848656524878
2.325787751738534,0.521781784422382,0.0,1.0,0.6978927196258023
2.3445698606689613,0.5338052250311649,0.0,1.0,0.7015248584324508
2.363157665982916,0.5460813079917783,0.0,1.0,0.7052809144474174
2.381546732038294,0.5586107551996269,0.0,1.0,0.709161205094183
2.399732677723708,0.5713940459984554,0.0,1.0,0.7131615071961472
2.4177112657961213,0.5844310198081658,0.0,1.0,0.7172750141817331
2.435478282462051,0.5977214117454664,0.0,1.0,0.7214988150996204
2.4530295139280134,0.6112649569270675,0.0,1.0,0.7258332673908539
2.4703607742604046,0.625061325801873,0.0,1.0,0.7302754556067066
2.4874681281978814,0.6391096069631966,0.0,1.0,0.7348177051294855
2.504347773103712,0.6534085811587057,0.0,1.0,0.7394541843044469
2.5209959075478783,0.6679570263350435,0.0,1.0,0.7441839376000985
2.537408734099166,0.6827537146427253,0.0,1.0,0.7490054386279665
2.553582685412045,0.6977970847301869,0.0,1.0,0.7539116188570976
2.5695145452268613,0.7130850663577769,0.0,1.0,0.7588939355846571
2.5852011268457638,0.7286155464369296,0.0,1.0,0.7639489702589425
2.6006392435708974,0.7443864118790766,0.0,1.0,0.7690759917136483
2.6158258164411485,0.7603954408420435,0.0,1.0,0.774269652160823
2.6307582852410354,0.7766398878418592,0.0,1.0,0.7795201392273876
2.6454342456871536,0.7931168499907185,0.0,1.0,0.7848211794685359
2.6598512935266925,0.8098234243699343,0.0,1.0,0.7901715058722925
2.6740070459340073,0.8267566898823917,0.0,1.0,0.7955679357603486
2.687899535979404,0.843913372592266,0.0,1.0,0.8010017765683591
2.701527173909643,0.8612898785739481,0.0,1.0,0.8064646381690932
2.714888383631565,0.8788826023128659,0.0,1.0,0.8119536735156442
2.727981589439099,0.8966879380683953,0.0,1.0,0.8174674743464416
2.740805437222625,0.9147021506922879,0.0,1.0,0.8229996941286324
2.753359164973116,0.9329211592621343,0.0,1.0,0.8285410425913852
2.765642108516912,0.9513408257217422,0.0,1.0,0.834086682318547
2.777653603680355,0.9699570120149228,0.0,1.0,0.8396358159247906
2.789393041903464,0.9887655537009069,0.0,1.0,0.8451850205884026
2.800860322504416,1.0077620453882452,0.0,1.0,0.8507266385998341
2.8120556167631126,1.026941952659744,0.0,1.0,0.8562547448477302
2.822979098538661,1.0463007398745643,0.0,1.0,0.8617680593982081
2.8336309466375207,1.065833870205066,0.0,1.0,0.8672654627385519
2.8440116335930496,1.0855367363626085,0.0,1.0,0.8727419890000452
2.8541220854334957,1.1054046222714182,0.0,1.0,0.8781916380379535
2.8639632669899147,1.125432802547475,0.0,1.0,0.8836121995346949
2.873536143093358,1.1456165518067518,0.0,1.0,0.8890037711431434
2.8828417640679533,1.1659511399122402,0.0,1.0,0.8943642963788767
2.891881597396867,1.186431813534982,0.0,1.0,0.8996894759337842
2.9006572376076716,1.2070538122829826,0.0,1.0,0.9049768560337187
2.9091702792582286,1.2278123757625694,0.0,1.0,0.9102266899083595
2.9174223303640976,1.2487027474170818,0.0,1.0,0.9154387665657652
2.9254152652593044,1.2697202466217408,0.0,1.0,0.9206107435827917
2.9331512025970077,1.2908602624112653,0.0,1.0,0.9257403174856386
2.940632270077939,1.3121181863999865,0.0,1.0,0.9308273668418406
2.9478605955515342,1.3334894103178607,0.0,1.0,0.9358726322038616
2.954838399757064,1.3549693981212219,0.0,1.0,0.9408756906167157
2.961568154807651,1.3765538092218395,0.0,1.0,0.9458352905117192
2.9680523749219834,1.3982383357706107,0.0,1.0,0.9507074044492378
2.9742935743187506,1.420018669918437,0.0,1.0,0.9553513072419194
2.980294286223506,1.44189053098093,0.0,1.0,0.9597675101765343
2.9860572200452427,1.4638498900760204,0.0,1.0,0.9639540170164277
2.9915851806779727,1.485892854789342,0.0,1.0,0.9679092735177962
2.996880973958848,1.5080155340544659,0.0,1.0,0.9716341374116454
3.001947406899029,1.5302140398929915,0.0,1.0,0.9751301168214258
3.006787358463114,1.552484673587203,0.0,1.0,0.9783975439819627
3.0114038200221733,1.5748240320845819,0.0,1.0,0.9814359294537323
3.0157997927200877,1.5972287380382326,0.0,1.0,0.9842455683257445
3.019978277700729,1.6196954141012518,0.0,1.0,0.9868274486905757
3.023942302391129,1.6422207526575487,0.0,1.0,0.9891814818610782
3.027695024185581,1.664801790902141,0.0,1.0,0.9913060619542607
3.0312396405791517,1.6874356724198385,0.0,1.0,0.9932000431875313
3.0345793490783675,1.7101195408258594,0.0,1.0,0.9948636031967704
3.037717350305485,1.7328505527496871,0.0,1.0,0.9962969624362514
3.040656907756208,1.7556261274403653,0.0,1.0,0.9974994053756493
3.0434013432732314,1.778443927859719,0.0,1.0,0.9984697740183321
3.0459539809081115,1.8013016261958663,0.0,1.0,0.9992075011543582
3.0483181448159944,1.8241968948102725,0.0,1.0,0.9997116527012396
3.050497229998213,1.8471275246129295,0.0,1.0,0.9999780055709321
3.0524948256332243,1.870091631434814,0.0,1.0,1.0
3.054314553869935,1.893087386277102,0.0,1.0,1.0
3.0559600368572513,1.9161129601409665,0.0,1.0,1.0
3.057434898934158,1.9391665467558934,0.0,1.0,1.0
3.0587427850467552,1.9622465537090257,0.0,1.0,1.0
3.0598873514443294,1.9853515058903344,0.0,1.0,1.0
3.060872254492363,2.0084799293956292,0.0,1.0,1.0
3.0617011512656593,2.0316303520626615,0.0,1.0,1.0
3.0623777437380775,2.05480141199105,0.0,1.0,1.0
3.062905804856684,2.0779919215744784,0.0,1.0,1.0
3.063289113837917,2.101200708602784,0.0,1.0,1.0
3.0635314498982154,2.1244266008658026,0.0,1.0,0.9997286903423006
3.063636617020864,2.147668459678961,0.0,1.0,0.9989238995082462
3.0636085433027236,2.1709253143637754,0.0,1.0,0.997545633719266
3.063451195637322,2.1941962467587834,0.0,1.0,0.9955656857998185
3.0631685409313225,2.217480338720311,0.0,1.0,0.9930302582497247
3.062764546699155,2.2407766749448372,0.0,1.0,0.9902586452423531
3.0622431929632334,2.2640843985801533,0.0,1.0,0.9872402521334634
3.061608471487715,2.2874027076446137,0.0,1.0,0.9839663892541884
3.0608643744910786,2.3107308022796795,0.0,1.0,0.9804300736895236
3.0600148942003167,2.3340678826501304,0.0,1.0,0.9766263848563032
3.059064029236315,2.3574131664353217,0.0,1.0,0.9725529667433205
3.0580157959695025,2.380765919935345,0.0,1.0,0.9682080428922794
3.0568742138253033,2.404125417818733,0.0,1.0,0.9635897471392134
3.055643302229139,2.4274909347540117,0.0,1.0,0.9587003066150067
3.0543270757772025,2.45086174508596,0.0,1.0,0.9535497649340604
3.052929502937576,2.4742371200668956,0.0,1.0,0.9481507059730514
3.0514545265715847,2.497616329232447,0.0,1.0,0.9425121189465432
3.049906089266794,2.5209986420998898,0.0,1.0,0.936644079283247
3.0482881323355477,2.5443833284362243,0.0,1.0,0.9305676977243407
3.0466045136833677,2.567769674342112,0.0,1.0,0.9243121305534334
3.0448589578074996,2.591156992043708,0.0,1.0,0.9179006036055478
3.043055177232835,2.614544596111733,0.0,1.0,0.91135041684804
3.041196884484265,2.6379318011169035,0.0,1.0,0.9046872317270434
3.0392877715009368,2.661317909672526,0.0,1.0,0.8979487539697257
3.0373314256744846,2.6847021636645825,0.0,1.0,0.891168610264821
3.0353314012882713,2.708083785747821,0.0,1.0,0.8843680006329424
3.033291252612507,2.731461998569351,0.0,1.0,0.8775679721917796
3.031214526369259,2.754836024164885,0.0,1.0,0.870800834748472
3.0291046108255326,2.7782050717352016,0.0,1.0,0.8641001941390299
3.026964743780252,2.80156833829311,0.0,1.0,0.8574855154435275
3.024798157082939,2.8249250203695104,0.0,1.0,0.8509676613208849
3.022608082492204,2.8482743144552565,0.0,1.0,0.844563965215488
3.0203976764432703,2.8716153838581797,0.0,1.0,0.8382971546027516
3.0181698835829915,2.8949472985847122,0.0,1.0,0.8321803451145807
3.015927611608577,2.9182691123634634,0.0,1.0,0.8262153515480539
3.0136737682172354,2.9415798789230383,0.0,1.0,0.8204045185328829
3.0114112343692754,2.9648786413759214,0.0,1.0,0.8147556809072178
3.0091426317526153,2.988164339888166,0.0,1.0,0.8092740300406943
3.0068704363944914,3.0114358567899506,0.0,1.0,0.8039561252582009
3.0045971227037254,3.0346920737688476,0.0,1.0,0.7987954295754414
3.002325162420388,3.0579318709315646,0.0,1.0,0.7937885025985251
3.0000568468310576,3.081154021491427,0.0,1.0,0.7889330918789401
2.9977941751589565,3.104357125655182,0.0,1.0,0.784223199290741
2.9955391200012356,3.127539767857366,0.0,1.0,0.7797721601771486
2.993293653955048,3.1507005325325177,0.0,1.0,0.775799895442866
2.991059657095327,3.1738379559627776,0.0,1.0,0.7722843168180228
2.988838533286928,3.1969503265908488,0.0,1.0,0.7692027989495374
2.986631533616914,3.22003585334754,0.0,1.0,0.7665322443898928
2.9844399091018277,3.2430927451269644,0.0,1.0,0.7641739842322146
2.982264888924206,3.2661191991880605,0.0,1.0,0.7617919032648631
2.98010723465603,3.289113163603737,0.0,1.0,0.7593857608735991
2.9779672586950525,3.312072347085458,0.0,1.0,0.7569553140137368
2.975845255294151,3.3349944486754137,0.0,1.0,0.7545003171855925
2.973741518386871,3.3578771672668477,0.0,1.0,0.7520205224096895
2.971656048954858,3.380718065100849,0.0,1.0,0.7495156792017063
2.9695880136659536,3.4035143152393394,0.0,1.0,0.7469855345471788
2.9675364316470962,3.4262630219214034,0.0,1.0,0.7444298328759381
2.9655003220252265,3.4489612893861223,0.0,1.0,0.7418483160363006
2.9634786028185176,3.4716061841292563,0.0,1.0,0.7392407232689904
2.961469196594524,3.4941944010505033,0.0,1.0,0.7366067911807985
2.959469459948783,3.5167224237754318,0.0,1.0,0.7339462537179783
2.957476742945765,3.5391867334915954,0.0,1.0,0.7312588421393722
2.9554883853163374,3.561583808443992,0.0,1.0,0.7285442849892648
2.9535010040685195,3.5839099210777716,0.0,1.0,0.7258023080699646
2.9515100325666763,3.6061610067881524,0.0,1.0,0.7230326344141056
2.9495107945649828,3.6283329697581688,0.0,1.0,0.7202349842566723
2.9474986138176136,3.650421714170856,0.0,1.0,0.7174090750067397
2.945468527151301,3.672423091878261,0.0,1.0,0.714554621218929
2.943414074683718,3.694332681756603,0.0,1.0,0.7116713345645747
2.9413283100932004,3.716145973963331,0.0,1.0,0.7087589238026007
2.9392042867992867,3.737858458608693,0.0,1.0,0.7058170947501016
2.937035004493207,3.7594656220585687,0.0,1.0,0.702845550252628
2.9348122887494985,3.7809628688535923,0.0,1.0,0.6998439901541698
2.9325268242797278,3.802345524026645,0.0,1.0,0.6968121112668381
2.930169248719605,3.8236089093298475,0.0,1.0,0.6937496073402404
2.927730199231972,3.8447483465727204,0.0,1.0,0.690656169030546
2.9251998305621965,3.8657592161251406,0.0,1.0,0.6875314838692383
2.9225669058146306,3.8866370672873747,0.0,1.0,0.6843752362315539
2.919819938648529,3.907377479639684,0.0,1.0,0.6811871073045997
2.9169474427231434,3.9279760327623205,0.0,1.0,0.6779667750551516
2.913937828162106,3.948428343129279,0.0,1.0,0.6753201613131494
2.9107784701015706,3.968730396020526,0.0,1.0,0.673832765259614
2.9074561481641092,3.988878388920491,0.0,1.0,0.6735936219402087
2.9039576348397587,4.008868521855207,0.0,1.0,0.6746654256366831
2.9002696986282532,4.028697000281048,0.0,1.0,0.6769445972654742
2.8963788192142186,4.048360422698796,0.0,1.0,0.679717325254734
2.8922709976373713,4.067856038990336,0.0,1.0,0.682794756407184
2.8879321899168753,4.08718116030539,0.0,1.0,0.6860418267593511
2.8833483520718914,4.106333097793679,0.0,1.0,0.6894504500037505
2.8785054659768523,4.125309354999952,0.0,1.0,0.6930080798738275
2.873389650195589,4.144108452606272,0.0,1.0,0.6966946376132381
2.867987068295447,4.162729246176237,0.0,1.0,0.7004853735650829
2.8622838838711653,4.181170591477263,0.0,1.0,0.7045234824547719
2.8562662923367035,4.199431382467108,0.0,1.0,0.7089407036431558
2.8499211987307214,4.217511364815288,0.0,1.0,0.7137068421661292
2.843236205588684,4.235411121346844,0.0,1.0,0.7187836548455313
2.8361989448394778,4.253131270165633,0.0,1.0,0.7241392984223621
2.8287970489349514,4.270672429746645,0.0,1.0,0.7297421322911061
2.8210187464476575,4.288035641611714,0.0,1.0,0.7355392049514504
2.8128540078355644,4.305223183440256,0.0,1.0,0.7414576675094013
2.80429312001929,4.322237557494601,0.0,1.0,0.747434262238199
2.795326369919456,4.339081266037085,0.0,1.0,0.7534208087094018
2.7859442577942426,4.355756913230471,0.0,1.0,0.7593566133358874
2.7761394493927964,4.372268137581736,0.0,1.0,0.7651553756727666
2.7659058713815337,4.388619179873491,0.0,1.0,0.7707350818634937
2.755237466091921,4.404814288370749,0.0,1.0,0.7760404728428068
2.7441281960436332,4.420857717776691,0.0,1.0,0.7810241011568707
2.7325735367736104,4.436754205307365,0.0,1.0,0.7856196926806459
2.720571501218423,4.452509297375104,0.0,1.0,0.7897542868508209
2.708120344708612,4.468128617693545,0.0,1.0,0.7933821887961948
2.695218322574713,4.483617789976325,0.0,1.0,0.7964829206894755
2.6818642384740605,4.498982538895307,0.0,1.0,0.7990315993049603
2.6680598340771273,4.514229130070921,0.0,1.0,0.8009913824238987
2.653807830941651,4.529364009540976,0.0,1.0,0.8023404255922958
2.639110951303083,4.544393623468055,0.0,1.0,0.8030835566183987
2.6239720066735495,4.559324419124653,0.0,1.0,0.8032349423517756
2.608395840846064,4.574162869049085,0.0,1.0,0.802801584006349
2.592389318250457,4.5889154709007185,0.0,1.0,0.8017896794153242
2.5759593902643942,4.603588723419881,0.0,1.0,0.8002204486416009
2.559113008860758,4.618189125232391,0.0,1.0,0.7981293597696835
2.541857888007763,4.632723028373354,0.0,1.0,0.7955528811256359
2.524203997101185,4.647196350984475,0.0,1.0,0.7925202141258411
2.5061617208517957,4.661614931310229,0.0,1.0,0.7890607286258137
2.4877414439703736,4.675984607595079,0.0,1.0,0.7849385795470457
2.4689536938498393,4.690311131371244,0.0,1.0,0.7796868568211147
2.449810468611225,4.704599360365016,0.0,1.0,0.7733787618537122
2.4303246329955672,4.718853625631518,0.0,1.0,0.7660799451398095
2.4105090629049473,4.7330782514429695,0.0,1.0,0.7578531630785023
2.3903766401036,4.74727755245794,0.0,1.0,0.7489344162098748
2.3699407015333014,4.761455096865966,0.0,1.0,0.7400925524047288
2.3492153566109684,4.775613186034897,0.0,1.0,0.731339214215855
2.3282147896949086,4.789753998432356,0.0,1.0,0.7226796080499802
2.306953185143436,4.803879712525951,0.0,1.0,0.714120025726903
2.2854447479034494,4.817992189627177,0.0,1.0,0.7056699558306186
2.263703794731147,4.832091568685803,0.0,1.0,0.6973361894008719
2.2417446801574554,4.8461774067523455,0.0,1.0,0.6891196824514764
2.2195817587428026,4.86024926042279,0.0,1.0,0.6810198765385838
2.197229369438663,4.874306626939285,0.0,1.0,0.6730387527916173
2.174701488449718,4.888347624182019,0.0,1.0,0.6651787130923021
2.152011727143511,4.902368982720537,0.0,1.0,0.6574383907128788
2.129173680860547,4.916367372180798,0.0,1.0,0.6498138442387351
2.1062009447263694,4.930339461746442,0.0,1.0,0.6423023729197231
2.0831068030632736,4.9442812810566235,0.0,1.0,0.6349028272960185
2.059903608306702,4.958186942193084,0.0,1.0,0.6276125724947466
2.036603538972348,4.9720501993603055,0.0,1.0,0.6204267721398649
2.0132187735759017,4.985864806762764,0.0,1.0,0.6133407242343286
1.9897613902407516,4.999624367888298,0.0,1.0,0.6063512042059611
1.9662424161755783,5.013320908510785,0.0,1.0,0.599455151728437
1.9426722519427457,5.026945513634489,0.0,1.0,0.5926481894140434
1.9190612897432728,5.040489255710978,0.0,1.0,0.5859254354528333
1.8954199139723975,5.053943197460636,0.0,1.0,0.579282869822475
1.871757880719601,5.067297618318175,0.0,1.0,0.5729945224399365
1.8480838670262267,5.0805414525086645,0.0,1.0,0.5670613581012445
1.8244064436290817,5.093663501731225,0.0,1.0,0.5614723015877848
1.8007341812649758,5.106652567684986,0.0,1.0,0.5562168361733396
1.7770754589699067,5.119497254404088,0.0,1.0,0.5512857183060208
1.753437600613183,5.132185077927776,0.0,1.0,0.5466704940802904
1.729827568957299,5.144703181953769,0.0,1.0,0.5420914081619096
1.7062523264479523,5.157038709853138,0.0,1.0,0.5374660688504137
1.6827188075602073,5.169178786219208,0.0,1.0,0.5327940089398119
1.6592332830346066,5.1811100900551965,0.0,1.0,0.5280747565048605
1.6358013483363303,5.192818847026414,0.0,1.0,0.5233078348533944
1.6124285686515507,5.2042912624707185,0.0,1.0,0.5184927624781762
1.5891205090423046,5.215513541704056,0.0,1.0,0.5136290530082589
1.5658825306321797,5.2264718540395405,0.0,1.0,0.5087162151598572
1.5427193751215027,5.23715225943871,0.0,1.0,0.5037537526867244
1.5196356670445537,5.247540797178871,0.0,1.0,0.4992152886667209
1.4966360309356213,5.257623506537333,0.0,1.0,0.49544472844402854
1.4737250546555902,5.267386462080939,0.0,1.0,0.4924937081726774
1.4509069361649052,5.276816113564178,0.0,1.0,0.4904135193600628
1.4281856381574585,5.285899137130364,0.0,1.0,0.48925946664161046
1.405565120076672,5.294622212050629,0.0,1.0,0.4890943847324439
1.3830493396981924,5.302972023308564,0.0,1.0,0.4896062674892912
1.3606421155505648,5.310935732835768,0.0,1.0,0.49048825419538433
1.3383470241544162,5.318501331487354,0.0,1.0,0.49175628761967505
1.3161676178209578,5.325656893040322,0.0,1.0,0.4934315967529989
1.2941074488614086,5.33239049127167,0.0,1.0,0.4955390442030685
1.2721700364415411,5.3386904381027955,0.0,1.0,0.49809760196434105
1.2503587148104849,5.344546374050077,0.0,1.0,0.5011187470661664
1.2286767541153318,5.349948400192226,0.0,1.0,0.5046182311024533
1.2071274244403403,5.354886618059409,0.0,1.0,0.5086199705736064
1.1857139911439205,5.3593511790818305,0.0,1.0,0.5131437649906796
1.1644396050554415,5.363333443995902,0.0,1.0,0.5181956102605799
1.1433072991369662,5.366826018092915,0.0,1.0,0.5237785681393601
1.122320100956873,5.369821563615769,0.0,1.0,0.5299064736347974
1.101481038044421,5.372312743138826,0.0,1.0,0.5365954095973916
1.0807930643980113,5.374292842273872,0.0,1.0,0.5438447515575833
1.0602589077713633,5.375757063635851,0.0,1.0,0.5516396923587192
1.0398812525458385,5.376700977339859,0.0,1.0,0.5599738787658521
1.0196627831027978,5.377120153500996,0.0,1.0,0.5688506217202381
0.9996061603116319,5.377010326892943,0.0,1.0,0.5782598205543417
0.9797137911438819,5.3763690103822235,0.0,1.0,0.588168893010855
0.9599879275431935,5.375194802523846,0.0,1.0,0.5985450300681562
0.9404308192365987,5.373486317396177,0.0,1.0,0.6093698859236857
0.9210447135256963,5.371242180796271,0.0,1.0,0.6206219241913211
0.9018316475276041,5.368462034044703,0.0,1.0,0.6322560776610423
0.8827932886799164,5.365147304598983,0.0,1.0,0.6442158606007681
0.8639312668715579,5.36129960133607,0.0,1.0,0.6564372149216072
0.8452472119914541,5.356920533132922,0.0,1.0,0.6687193193567814
0.8267426670898509,5.352012031362329,0.0,1.0,0.6810156594514502
0.8084186841619078,5.346577851045478,0.0,1.0,0.6932607193200735
0.7902761427790331,5.340622387539667,0.0,1.0,0.7053949381593938
0.7723159223246779,5.334150036900196,0.0,1.0,0.7173767883806632
0.7545388845324411,5.327165239570667,0.0,1.0,0.7291655450564706
0.7369454542157973,5.319673534821866,0.0,1.0,0.7407059342213999
0.7195356013347418,5.3116816058530425,0.0,1.0,0.7519401418767421
0.7023092746109315,5.30319618927658,0.0,1.0,0.7628273593554785
0.685266422686915,5.294224021898096,0.0,1.0,0.7733386899415275
0.6684068228343534,5.2847722591610395,0.0,1.0,0.7834387975821646
0.651729718159938,5.274849361407643,0.0,1.0,0.7930847097274097
0.635234247988162,5.2644640425071705,0.0,1.0,0.8022443850258254
0.6189195516435235,5.253625016328892,0.0,1.0,0.811019358068742
0.6027847158120961,5.242341067479286,0.0,1.0,0.8194020945372614
0.5868282497851228,5.230621756486686,0.0,1.0,0.8273705183673056
0.5710483061062253,5.218477123288423,0.0,1.0,0.8349070597274015
0.5554430320430188,5.205917214911896,0.0,1.0,0.8420067079508075
0.5400105710275515,5.19295208122701,0.0,1.0,0.8486692587830454
0.5247487212812019,5.1795920279364305,0.0,1.0,0.8548897333122888
0.5096546665589557,5.165847816118767,0.0,1.0,0.8606608488405209
0.494725527250294,5.151730253812271,0.0,1.0,0.8659824563815012
0.47995842374469616,5.137250149055202,0.0,1.0,0.8708610713413416
0.4653503809409647,5.122418354214225,0.0,1.0,0.8753019912117095
0.4508978764034188,5.10724597573805,0.0,1.0,0.8793064636475334
0.4365971930346616,5.09174421044068,0.0,1.0,0.8828773058499334
0.4224446135023538,5.075924255245196,0.0,1.0,0.8860222683031302
0.4084364055040298,5.059797306452203,0.0,1.0,0.8887506795988276
0.39456845812362656,5.043374544619389,0.0,1.0,0.8910691168976965
0.38083626173430746,5.026667133725863,0.0,1.0,0.8929818735827804
0.3672352877163079,5.009686236961001,0.0,1.0,0.8944950097615496
0.3537610073943589,4.992443017489615,0.0,1.0,0.8956170834898389
0.3404087523529312,4.97494857663234,0.0,1.0,0.8963561285292138
0.32717341291229174,4.95721382042165,0.0,1.0,0.8960976328934115
0.3140497925063418,4.939249616437131,0.0,1.0,0.894835464654809
0.30103269456898474,4.921066832258378,0.0,1.0,0.8925909871724165
0.28811689700666027,4.902676305697561,0.0,1.0,0.8893863304001941
0.27529689327255774,4.884088542867725,0.0,1.0,0.8852406741349514
0.26256699897976066,4.865313842503679,0.0,1.0,0.8801692227021566
0.24992152702232373,4.846362500169597,0.0,1.0,0.8747926878550804
0.23735478871004043,4.82724480954993,0.0,1.0,0.8692926222114717
0.22486094716460278,4.807970888504329,0.0,1.0,0.863668668183043
0.21243389856109965,4.788550538160997,0.0,1.0,0.8579186540814788
0.20006751112751814,4.768993526488976,0.0,1.0,0.8520387148259462
0.1877556530918468,4.749309621457304,0.0,1.0,0.846026190380866
0.17549217576158732,4.729508519152014,0.0,1.0,0.8398804957023117
0.1632708321359978,4.709599498017933,0.0,1.0,0.8336003157099167
0.15108533980089256,4.689591686053563,0.0,1.0,0.8271820478009647
0.13892941629494845,4.669494211057158,0.0,1.0,0.8206221187134227
0.1267967777534962,4.649316190855723,0.0,1.0,0.8139195319297876
0.11468110404315737,4.629066485574861,0.0,1.0,0.8070742395212577
0.10257603639502091,4.608753680821709,0.0,1.0,0.8000838127343868
0.09047521416287448,4.588386348864523,0.0,1.0,0.7929443611161833
0.07837227671384996,4.567973061935399,0.0,1.0,0.7856543095313978
0.0662609028300224,4.5475222855014055,0.0,1.0,0.7782147788299572
0.05413489738495689,4.527042143479926,0.0,1.0,0.7706254753611994
0.04198809041375675,4.5065406916321535,0.0,1.0,0.7628834735285449
0.02981431195152936,4.486025985719282,0.0,1.0,0.7549871769469522
0.017607406086205726,4.465506059618184,0.0,1.0,0.746939275521534
0.005361375992518061,4.444988699461524,0.0,1.0,0.7387432150291027
-0.006929674513351943,4.424481534654095,0.0,1.0,0.7303988548423173
-0.01927164002526987,4.403992192124671,0.0,1.0,0.7219050035663208
-0.03167041341288223,4.383528297563679,0.0,1.0,0.71326511308316
-0.04413171981631122,4.363097356195904,0.0,1.0,0.7044864821934783
-0.05666097858385748,4.342706653622282,0.0,1.0,0.6955733312162762
-0.06926357656495793,4.322363452102628,0.0,1.0,0.6865262875907687
-0.08194490060905096,4.30207501389675,0.0,1.0,0.6773496336236983
-0.09471027702651498,4.281848572956102,0.0,1.0,0.6680544044970471
-0.10756467558725838,4.261691196512034,0.0,1.0,0.6586508959484859
-0.120512935976175,4.241609890967505,0.0,1.0,0.6491433657761706
-0.13355989768794818,4.221611662636524,0.0,1.0,0.639536126217129
-0.1467103878039917,4.201703514223133,0.0,1.0,0.6298413963015163
-0.1599689055089423,4.18189235307387,0.0,1.0,0.6200750781598431
-0.1733395966530598,4.162184983780109,0.0,1.0,0.6102463147743659
-0.18682658957690518,4.142588205841134,0.0,1.0,0.6003594085491812
-0.2004340125787666,4.123108818748853,0.0,1.0,0.5904250190264012
-0.21416584603946573,4.1037535961980804,0.0,1.0,0.5804615474482343
-0.22802559093681732,4.084529228274809,0.0,1.0,0.570482828677188
-0.24201665129945096,4.0654423881568995,0.0,1.0,0.5604940158831608
-0.2561424311559949,4.046499749022215,0.0,1.0,0.550552538667437
-0.27040629253827686,4.027707980360057,0.0,1.0,0.5410520801578801
-0.2848111144322275,4.00907370923404,0.0,1.0,0.5320054551059991
-0.29935946661728846,3.9906035355503366,0.0,1.0,0.5234183387480267
-0.3140539138278126,3.9723040587719978,0.0,1.0,0.5153019338860899
-0.32889701798281734,3.9541818782607017,0.0,1.0,0.5076760875326978
-0.3438910559720906,3.9362435831146176,0.0,1.0,0.5005575396829522
-0.35903777876594706,3.9184957434942667,0.0,1.0,0.4939521404775948
-0.37433888059792464,3.900944927517163,0.0,1.0,0.4878662090488766
-0.38979605570156634,3.8835977033008167,0.0,1.0,0.48231553652902937
-0.4054108981926067,3.866460638164411,0.0,1.0,0.47731707765059594
-0.4211844044748938,3.84954029466104,0.0,1.0,0.4728777371744918
-0.4371173500806083,3.8328432335825915,0.0,1.0,0.46900088402407164
-0.45321051018835484,3.8163760157181397,0.0,1.0,0.4656974746968489
-0.4694646439847676,3.800145200851958,0.0,1.0,0.46271940582002397
-0.4858800788121721,3.784157321635032,0.0,1.0,0.46005966691782196
-0.5024566712838354,3.7684188811418853,0.0,1.0,0.4577206885792298
-0.5191942542259739,3.7529363809524665,0.0,1.0,0.4557033653581362
-0.5360926604107458,3.7377163226466816,0.0,1.0,0.45419892638911546
-0.5531514958453498,3.722765207585285,0.0,1.0,0.4534562779676925
-0.5703696219386855,3.708089536409449,0.0,1.0,0.45348685149951223
-0.5877457475007782,3.693695809612878,0.0,1.0,0.4542902626947886
-0.6052785813416565,3.679590527689271,0.0,1.0,0.4555030904526851
-0.6229667781606412,3.6657801851015726,0.0,1.0,0.45686969532677374
-0.6408083602561813,3.652271205830183,0.0,1.0,0.45838911876755545
-0.658800940323113,3.6390699682042382,0.0,1.0,0.4600616796219108
-0.6769421241571631,3.6261828497839503,0.0,1.0,0.4618915797530495
-0.6952295137860259,3.6136162274751333,0.0,1.0,0.46388296292929704
-0.7136603139215878,3.601376409180911,0.0,1.0,0.46603574850737234
-0.7322309873035717,3.5894695739445157,0.0,1.0,0.46834859966215525
-0.7509379154242655,3.577901886698762,0.0,1.0,0.4708244349415401
-0.7697774797759588,3.5666795123764636,0.0,1.0,0.4734687733464208
-0.7887459294587178,3.555808592504755,0.0,1.0,0.47628404253755335
-0.807838712333662,3.5452951269593376,0.0,1.0,0.47926951021434766
-0.8270509763944326,3.535145062602198,0.0,1.0,0.48242718010075564
-0.8463778691108549,3.525364346202717,0.0,1.0,0.4857630258817466
-0.8658145179729444,3.515958917998487,0.0,1.0,0.48928166984812216
-0.8853554987963381,3.5069345378740557,0.0,1.0,0.49289579772867786
-0.9049947790895163,3.498296766846565,0.0,1.0,0.4960563848918376
-0.9247262950206696,3.4900511556874108,0.0,1.0,0.49874950082992026
-0.9445439827146007,3.48220325514863,0.0,1.0,0.5009750826375594
-0.9644415571423419,3.474758517315722,0.0,1.0,0.5028770307650868
-0.9844119975536039,3.4677220660361683,0.0,1.0,0.5047408362690856
-1.0044481303983281,3.4610989569866697,0.0,1.0,0.5065635105026307
-1.0245427821264543,3.4548942458439273,0.0,1.0,0.5083477198144974
-1.0446887353987748,3.4491129562470975,0.0,1.0,0.5101011606029363
-1.0648782528214642,3.4437597313466766,0.0,1.0,0.5118275788142236
-1.0851032561805838,3.438838964938229,0.0,1.0,0.5135245711936346
-1.1053556613388829,3.4343550464836268,0.0,1.0,0.5151921389933727
-1.1256273822952032,3.430312362833111,0.0,1.0,0.5168384068432503
-1.1459101281960615,3.42671501380584,0.0,1.0,0.5184719707366036
-1.1661952209989093,3.4235665567067555,0.0,1.0,0.5200925345773941
-1.1864739396287483,3.4208704885454213,0.0,1.0,0.5216978600886654
-1.206737563010587,3.418630306331402,0.0,1.0,0.5232940828714161
-1.2269773481946633,3.4168493907442965,0.0,1.0,0.5248917535425062
-1.247184418024528,3.415530408752883,0.0,1.0,0.526493433394755
-1.2673498444750966,3.4146757568066506,0.0,1.0,0.5280955413245353
-1.287464699424608,3.414287830840997,0.0,1.0,0.529700019495698
-1.30752005861875,3.4143690037982792,0.0,1.0,0.5313156136363069
-1.3275071070165716,3.414920999316162,0.0,1.0,0.5329454261895229
-1.347417151395734,3.4159448167858244,0.0,1.0,0.5345823550633348
-1.3672415049318243,3.4174414175609593,0.0,1.0,0.5362218223692364
-1.3869714808255535,3.4194117629439464,0.0,1.0,0.537868649431475
-1.40659855030509,3.421856491579456,0.0,1.0,0.5395252155501241
-1.4261147172366735,3.4247751545809586,0.0,1.0,0.5411805723938173
-1.4455120975893034,3.428167074172452,0.0,1.0,0.5428224811872541
-1.4647828073319809,3.43203157257794,0.0,1.0,0.5444488380050923
-1.4839190251554057,3.4363678788472085,0.0,1.0,0.5460578592961569
-1.5029136867753938,3.4411740974557636,0.0,1.0,0.547633243584622
-1.521760229886653,3.4464475871805273,0.0,1.0,0.5491523671080313
-1.540452101181824,3.4521856934318222,0.0,1.0,0.5506034577056961
-1.5589827525804316,3.458385755531545,0.0,1.0,0.551981852982128
-1.577346235239323,3.4650444147913038,0.0,1.0,0.5532703740327893
-1.5955377466729943,3.472156977209658,0.0,1.0,0.5544377376515437
-1.6135526137019391,3.4797185981655154,0.0,1.0,0.5554617711487212
-1.6313861631466502,3.4877244330377835,0.0,1.0,0.5563350478256551
-1.6490339613086502,3.496169396640409,0.0,1.0,0.557043187300044
-1.6664930640062336,3.5050469075287576,0.0,1.0,0.5575528633257413
-1.6837610988251341,3.514349809902836,0.0,1.0,0.5578338058216162
-1.7008356945297993,3.5240709467786058,0.0,1.0,0.5578747670025453
-1.7177145208382931,3.5342031244493297,0.0,1.0,0.5576676059147555
-1.7343964305141326,3.5447380883833848,0.0,1.0,0.5571863174032664
-1.7508816111897363,3.5556663870856857,0.0,1.0,0.5563972111287145
-1.7671703219546768,3.566978504986255,0.0,1.0,0.5552846250307296
-1.7832628219669522,3.5786649264592647,0.0,1.0,0.5538477878786195
-1.799159910727098,3.5907156949098624,0.0,1.0,0.5520747419970048
-1.8148642329930886,3.603119347844002,0.0,1.0,0.5499365878176352
-1.8303788270827437,3.615864101586742,0.0,1.0,0.5474148858872979
-1.8457067313138795,3.6289381724631444,0.0,1.0,0.5445117987733915
-1.8608511072957297,3.642329683649128,0.0,1.0,0.5412289857523324
-1.8758166290588505,3.656025615656012,0.0,1.0,0.5375509263860357
-1.8906089853416268,3.670012182363003,0.0,1.0,0.5334598430762952
-1.9052338836336444,3.6842755834824126,0.0,1.0,0.5289553051852397
-1.9196970378579574,3.6988020142931815,0.0,1.0,0.5240468057988803
-1.9340049319519743,3.7135771394497175,0.0,1.0,0.5187329532955368
-1.9481655408198602,3.728585596166438,0.0,1.0,0.5129997408147934
-1.9621870100397982,3.7438119040445965,0.0,1.0,0.5068417867784619
-1.9760774851899765,3.759240582685446,0.0,1.0,0.5002679600784787
-1.9898452944159126,3.7748560214029165,0.0,1.0,0.4928714723061804
-2.0034999170712116,3.7906417879629246,0.0,1.0,0.4841075887099838
-2.01705128003245,3.806581130761158,0.0,1.0,0.47394940460036455
-2.0305093111743306,3.822657297480988,0.0,1.0,0.46240173778565596
-2.043883956100216,3.8388535246787328,0.0,1.0,0.4502937483170906
-2.0571856844248835,3.8551527200247904,0.0,1.0,0.43821189902082297
-2.070425563870305,3.871537415798807,0.0,1.0,0.4261587242971562
-2.083614694787574,3.887990123801385,0.0,1.0,0.4141315362901358
-2.0967641775335872,3.90449335582848,0.0,1.0,0.4021317837232302
-2.109885171305802,3.921029576789297,0.0,1.0,0.39016628372954754
-2.1229890388932273,3.9375810893622454,0.0,1.0,0.3782383265365122
-2.136087187087503,3.95413016116248,0.0,1.0,0.36634469386324436
-2.149191022680274,3.97065905980516,0.0,1.0,0.35448272104593015
-2.1623119258670784,3.987150064031336,0.0,1.0,0.3426552481463307
-2.1754609452211477,4.003585591309037,0.0,1.0,0.3308657245024892
-2.188648904203368,4.019948153277132,0.0,1.0,0.31911194472876764
-2.2018866219877995,4.036220263367793,0.0,1.0,0.30738909146902266
-2.2151849140701736,4.052384436808404,0.0,1.0,0.2956961917535891
-2.2285541359305165,4.06842341333756,0.0,1.0,0.28403547067843965
-2.2420037414806893,4.084320372705282,0.0,1.0,0.27260115447232447
-2.2555430799016603,4.1000585457756245,0.0,1.0,0.2626157410670557
-2.269181500374396,4.115621163412642,0.0,1.0,0.25411855501511377
-2.2829281280549387,4.130991562512648,0.0,1.0,0.24712517600262074
-2.2967906559216047,4.146153757829723,0.0,1.0,0.24131967940573898
-2.3107762131394542,4.161092030973934,0.0,1.0,0.23606034526882963
-2.324891927516491,4.175790664197647,0.0,1.0,0.23135840102367072
-2.3391448863284965,4.190233959573419,0.0,1.0,0.2272236459411587
-2.3535409507615332,4.204406818729555,0.0,1.0,0.22365007847875853
-2.368084566326704,4.218294835556964,0.0,1.0,0.22062790422239564
-2.3827800998399633,4.231883642428349,0.0,1.0,0.2181628806260427
-2.3976319180719092,4.245158871738661,0.0,1.0,0.21626805848009742
-2.412643784159645,4.258106451970536,0.0,1.0,0.21494001797772588
-2.4278173450328864,4.270713349625482,0.0,1.0,0.2141608106393053
-2.443153784133862,4.2829667585497955,0.0,1.0,0.21392598099360227
-2.4586542849048088,4.294853872589789,0.0,1.0,0.21424728781755958
-2.4743198885284294,4.3063619619518505,0.0,1.0,0.2152621167910074
-2.4901498330365057,4.3174792647126035,0.0,1.0,0.21702570177834793
-2.506142118036577,4.328194683692778,0.0,1.0,0.2195193303068436
-2.522294718843366,4.338497134752669,0.0,1.0,0.22274351722103283
-2.538605603355918,4.348375537957372,0.0,1.0,0.2267000183187939
-2.5550717695731944,4.3578193633206705,0.0,1.0,0.23136968143473757
-2.5716882914336705,4.366819171829078,0.0,1.0,0.23672504140462483
-2.588450016073189,4.375365653069781,0.0,1.0,0.24275757630474426
-2.605351790627587,4.383449496629974,0.0,1.0,0.2494278897524663
-2.62238819471417,4.3910615814441085,0.0,1.0,0.25651171100953163
-2.639552073994588,4.398194013725154,0.0,1.0,0.2639832912947554
-2.6568355828685717,4.404839388955181,0.0,1.0,0.2718274224219762
-2.674230873944579,4.410990303884097,0.0,1.0,0.28004711823067785
-2.691730068622137,4.416639382346991,0.0,1.0,0.28864065263097055
-2.709324321891889,4.4217800868925545,0.0,1.0,0.29758730131216493
-2.727003659969616,4.42640685969503,0.0,1.0,0.3068650292838725
-2.7447580451432603,4.4305141984094645,0.0,1.0,0.31646958699172467
-2.7625774396853626,4.434096600712236,0.0,1.0,0.32640259039202035
-2.780451528215964,4.437148948709468,0.0,1.0,0.33664946206103213
-2.798369009087862,4.439667490064869,0.0,1.0,0.34718407870253676
-2.816318361761088,4.441648775514843,0.0,1.0,0.3579934080024643
-2.834288065695673,4.443089355795798,0.0,1.0,0.3690777732979196
-2.852266565622134,4.443985872363069,0.0,1.0,0.3804286810490959
-2.870241858749226,4.444336135669148,0.0,1.0,0.39202139771629674
-2.888201631308929,4.4441387684866935,0.0,1.0,0.4038348329353389
-2.9061335632521215,4.443392409995599,0.0,1.0,0.41586383042644964
-2.924025334429375,4.4420957040823295,0.0,1.0,0.4281040390672006
-2.941864610958756,4.440247939003448,0.0,1.0,0.44053469174993065
-2.9596390313832774,4.437849696919541,0.0,1.0,0.45312801186854856
-2.9773362309477642,4.434901714752191,0.0,1.0,0.46587051751323394
-2.9949438448970356,4.43140472942297,0.0,1.0,0.4787584096207996
-3.0124495678951893,4.42735968555401,0.0,1.0,0.49177532421767606
-3.029841485095615,4.422768892725967,0.0,1.0,0.504889756315401
-3.0471078392928153,4.417635211555278,0.0,1.0,0.5180785140974284
-3.064236873720096,4.411961504192221,0.0,1.0,0.5313344072087237
-3.081216848199051,4.405750661015916,0.0,1.0,0.5446464877614713
-3.0980365485077535,4.399006467443064,0.0,1.0,0.5579858241196183
-3.114685381870561,4.3917337664261265,0.0,1.0,0.5713213553480471
-3.131152791364873,4.383937461929862,0.0,1.0,0.5846396794593466
-3.147428220080143,4.375622457933037,0.0,1.0,0.5979346690850111
-3.163501416750436,4.366794013550338,0.0,1.0,0.6111846115304538
-3.179363230188342,4.357458666104465,0.0,1.0,0.6243556242328537
-3.195004756614617,4.347623240387701,0.0,1.0,0.6374279216409968
-3.2104170922500215,4.337294561192327,0.0,1.0,0.6503977168442345
-3.2255914179390537,4.326479520799637,0.0,1.0,0.6632538893768076
-3.2405200232242963,4.315185895698365,0.0,1.0,0.6759689681118551
-3.25519597711627,4.303422084017495,0.0,1.0,0.6885197315788889
-3.2696123648301225,4.2911964968095075,0.0,1.0,0.7009014062518337
-3.283762276200932,4.278517547803462,0.0,1.0,0.713112403589096
-3.297639463795166,4.2653940346858885,0.0,1.0,0.7251360185953881
-3.3112390272439907,4.251835535573464,0.0,1.0,0.7369493850488464
-3.324556229655091,4.237851723293977,0.0,1.0,0.7485453060638269
-3.3375863341361445,4.223452270675222,0.0,1.0,0.7599282385036674
-3.3503248184290295,4.208646931389621,0.0,1.0,0.7710933803097392
-3.3627685904631988,4.1934459978075225,0.0,1.0,0.7820239177929418
-3.3749151428214836,4.177859982516225,0.0,1.0,0.7927109022425546
-3.3867619698311904,4.161899398760106,0.0,1.0,0.803159912218499
-3.398306596060341,4.145574764103013,0.0,1.0,0.8133752729212976
-3.409547528084806,4.128896736374818,0.0,1.0,0.8233489926717934
-3.4204844462384267,4.111876141060244,0.0,1.0,0.8330717017289804
-3.4311170998286666,4.094523813495929,0.0,1.0,0.8425466491613048
-3.4414452381730203,4.076850589018079,0.0,1.0,0.8517829035813411
-3.4514689852197455,4.058867286928266,0.0,1.0,0.860780926109504
-3.461189831165269,4.040584668051021,0.0,1.0,0.8695340144184784
-3.470609577571467,4.022013479884071,0.0,1.0,0.8780428400941958
-3.4797300260002118,4.003164469925141,0.0,1.0,0.8863167451570123
-3.4885530555947613,3.984048363641528,0.0,1.0,0.8943616266888444
-3.497081579034521,3.964675593012054,0.0,1.0,0.9021750748795253
-3.5053192441502383,3.945056381258007,0.0,1.0,0.9097557537506636
-3.5132697144975373,3.925200947135355,0.0,1.0,0.9171103249890095
-3.52093665672555,3.9051195077169014,0.0,1.0,0.9242470107899665
-3.5283242029175654,3.88482202683433,0.0,1.0,0.9311678231586882
-3.5354374427979933,3.8643179472701124,0.0,1.0,0.9378714614094165
-3.542281584002458,3.8436166476516296,0.0,1.0,0.9443616138398628
-3.5488618341665856,3.8227275066062623,0.0,1.0,0.9506460055562908
-3.5551835096380935,3.8016598033161415,0.0,1.0,0.9567295194447041
-3.5612526612772992,3.780422145062133,0.0,1.0,0.9626128921670066
-3.567075643990519,3.7590228609966108,0.0,1.0,0.9682981596433218
-3.572658813654577,3.7374702793841594,0.0,1.0,0.9737909594707747
-3.5780085359860854,3.71577271304692,0.0,1.0,0.9790968949068501
-3.5831315040380245,3.6939379610891505,0.0,1.0,0.9839152855886022
-3.588034806658335,3.671973201459125,0.0,1.0,0.9880810789605815
-3.592725556381446,3.649885574931817,0.0,1.0,0.991604203048506
-3.5972108657426136,3.6276822222786578,0.0,1.0,0.9944980067544277
-3.6014978959452333,3.6053700767926755,0.0,1.0,0.9967747856735856
-3.6055939880362358,3.5829553050712053,0.0,1.0,0.9984446857739074
-3.609506524594603,3.56044389665519,0.0,1.0,0.9995167145884464
-3.6132428881993217,3.5378418410855694,0.0,1.0,1.0
-3.6168104564761303,3.515155082546854,0.0,1.0,1.0
-3.620216539946922,3.49238895075955,0.0,1.0,1.0
-3.6234684008433042,3.469548333254326,0.0,1.0,1.0
-3.6265733003345,3.446638107833702,0.0,1.0,1.0
-3.6295384983470598,3.4236631505107735,0.0,1.0,1.0
-3.632371058506637,3.400628054631462,0.0,1.0,1.0
-3.635077635583325,3.377536824802397,0.0,1.0,1.0
-3.6376648332748367,3.3543933920875673,0.0,1.0,1.0
-3.640139255278883,3.331201687550966,0.0,1.0,1.0
-3.642507414422724,3.3079655684317744,0.0,1.0,1.0
-3.64477520096554,3.2846883861835634,0.0,1.0,1.0
-3.6469482442203183,3.2613732802624793,0.0,1.0,1.0
-3.649032172610686,3.2380233894021306,0.0,1.0,1.0
-3.6510325983813483,3.2146418440085354,0.0,1.0,1.0
-3.6529545822618923,3.191231490612325,0.0,1.0,1.0
-3.654802510378414,3.1677948285128186,0.0,1.0,1.0
-3.6565807277467965,3.1443343358491203,0.0,1.0,1.0
-3.6582935793803193,3.1208524907595314,0.0,1.0,1.0
-3.65994515026722,3.097351691177347,0.0,1.0,1.0
-3.6615385517667756,3.073834034718926,0.0,1.0,1.0
-3.663076667399538,3.050301548723523,0.0,1.0,1.0
-3.664562380686061,3.0267562605303944,0.0,1.0,1.0
-3.665998513805107,3.0032001837359132,0.0,1.0,1.0
-3.6673870437601184,2.9796351425852565,0.0,1.0,1.0
-3.6687293322139283,2.956062823464051,0.0,1.0,1.0
-3.6700267269107982,2.932484909639636,0.0,1.0,1.0
-3.6712805729319595,2.908903083845562,0.0,1.0,1.0
-3.6724917732105733,2.885318940188545,0.0,1.0,1.0
-3.673660298439073,2.8617338859113612,0.0,1.0,1.0
-3.674786001172565,2.838149304576617,0.0,1.0,1.0
-3.6758687339661615,2.814566579746923,0.0,1.0,1.0
-3.676908229872379,2.7909870805093644,0.0,1.0,1.0
-3.6779033917104043,2.7674120753836253,0.0,1.0,1.0
-3.678852769946497,2.743842790208363,0.0,1.0,1.0
-3.6797549137669674,2.7202804506671856,0.0,1.0,1.0
-3.6806083592999457,2.6967262808918435,0.0,1.0,1.0
-3.6814111864194543,2.673181450791942,0.0,1.0,1.0
-3.682160910431811,2.649647063182735,0.0,1.0,1.0
-3.6828550116138348,2.626124216716509,0.0,1.0,1.0
-3.6834909702417216,2.602614010045497,0.0,1.0,1.0
-3.6840661477177203,2.579117533564346,0.0,1.0,1.0
-3.6845774544230183,2.5556358463374678,0.0,1.0,1.0
-3.6850216937903792,2.532170000000086,0.0,1.0,1.0
-3.685395669252569,2.5087210461874343,0.0,1.0,1.0
-3.6856961689560706,2.4852900394766566,0.0,1.0,1.0
-3.68591976682289,2.461878075673433,0.0,1.0,1.0
-3.6860628789813,2.43848628095161,0.0,1.0,1.0
-3.686121917891184,2.415115782191033,0.0,1.0,1.0
-3.6860932961265727,2.3917677065362,0.0,1.0,1.0
-3.685973446203602,2.3684432273668206,0.0,1.0,1.0
-3.6857588432035433,2.345143616748644,0.0,1.0,1.0
-3.685445967679523,2.321870159433778,0.0,1.0,1.0
-3.68503130018467,2.298624140174329,0.0,1.0,1.0
-3.684511351534392,2.275406874014244,0.0,1.0,1.0
-3.683882845750105,2.2522198894117165,0.0,1.0,1.0
-3.6831425984711403,2.2290648065323357,0.0,1.0,1.0
-3.682287425690932,2.2059432458961448,0.0,1.0,1.0
-3.6813141528534015,2.1828568341782653,0.0,1.0,1.0
-3.680219943945235,2.1598074185460012,0.0,1.0,1.0
-3.6790023867365504,2.136797122175891,0.0,1.0,1.0
-3.6776590957660686,2.113828085678806,0.0,1.0,1.0
-3.676187685572886,2.090902449665914,0.0,1.0,1.0
-3.674585942311626,2.0680224887644085,0.0,1.0,1.0
-3.67285231192038,2.0451909928319925,0.0,1.0,1.0
-3.6709853988707133,2.0224108755265076,0.0,1.0,1.0
-3.6689838076341905,1.9996850505057955,0.0,1.0,1.0
-3.666846191421242,1.977016470442484,0.0,1.0,1.0
-3.6645718982497035,1.9544086441929507,0.0,1.0,1.0
-3.662160793902306,1.9318654950772158,0.0,1.0,1.0
-3.6596127565291976,1.909390956315253,0.0,1.0,1.0
-3.6569276666285506,1.88698896315985,0.0,1.0,1.0
-3.6541058368541623,1.864663825005084,0.0,1.0,1.0
-3.651148513662569,1.842420659690292,0.0,1.0,1.0
-3.6480570652798483,1.820264690477505,0.0,1.0,1.0
-3.6448328599320803,1.7982011406287584,0.0,1.0,1.0
-3.6414774068189026,1.7762353707042926,0.0,1.0,1.0
-3.63799322236683,1.7543737222315836,0.0,1.0,1.0
-3.634383261231336,1.7326229635419075,0.0,1.0,1.0
-3.6306504798671355,1.7109898647188668,0.0,1.0,1.0
-3.6267978537912104,1.6894812155252141,0.0,1.0,1.0
-3.622829058832563,1.6681045286987966,0.0,1.0,1.0
-3.618748657662647,1.646868232519368,0.0,1.0,1.0
-3.614561269974603,1.6257808141336814,0.0,1.0,1.0
-3.610271515461767,1.6048507606886853,0.0,1.0,1.0
-3.605884299922382,1.584086863587652,0.0,1.0,1.0
-3.601405643724406,1.5634990995154356,0.0,1.0,1.0
-3.596841838609385,1.5430977337472853,0.0,1.0,1.0
-3.5921991763188688,1.522893031558457,0.0,1.0,1.0
-3.587484002944717,1.5028953219377652,0.0,1.0,1.0
-3.5827034528195476,1.483115857909668,0.0,1.0,1.0
-3.5778652545274627,1.4635665891253173,0.0,1.0,1.0
-3.572977151231804,1.4442594823267558,0.0,1.0,1.0
-3.5680468880306453,1.425206506420274,0.0,1.0,1.0
-3.563082585618887,1.4064200504646458,0.0,1.0,1.0
-3.5580931863265683,1.3879134226213268,0.0,1.0,1.0
-3.5530877411626105,1.3697000526228273,0.0,1.0,1.0
-3.5480753011359343,1.3517933702016567,0.0,1.0,1.0
-3.543064988917403,1.3342068902410653,0.0,1.0,1.0
-3.5380664464407148,1.3169547446270224,0.0,1.0,1.0
-3.5330895443803265,1.3000513370417088,0.0,1.0,1.0
-3.5281441544067746,1.283511072350874,0.0,1.0,1.0
-3.52324015201386,1.2673483590046992,0.0,1.0,1.0
-3.51838755678572,1.2515777405426483,0.0,1.0,1.0
-3.5135965729004988,1.2362139335669495,0.0,1.0,1.0
-3.5088774166164973,1.2212716660053586,0.0,1.0,1.0
-3.50424030419201,1.2067656657856254,0.0,1.0,1.0
-3.49969540767687,1.192710584839045,0.0,1.0,1.0
-3.4952527246086507,1.1791207751020145,0.0,1.0,1.0
-3.4909222094696526,1.1660105144968638,0.0,1.0,1.0
-3.4867138167421774,1.153394080945924,0.0,1.0,1.0
-3.482637467031641,1.1412857001177474,0.0,1.0,1.0
-3.478702581052855,1.1296988266190928,0.0,1.0,1.0
-3.474918198256895,1.1186463269722406,0.0,1.0,1.0
-3.4712933484904513,1.108141052885084,0.0,1.0,1.0
-3.4678370596480494,1.0981958532761653,0.0,1.0,1.0
-3.4645579593663007,1.0888230051553411,0.0,1.0,1.0
-3.461463788842268,1.0800335189429615,0.0,1.0,1.0
-3.4585621703464713,1.0718382351311353,0.0,1.0,1.0
-3.455860726149429,1.0642479942119678,0.0,1.0,1.0
-3.4533668356970266,1.0572732919656562,0.0,1.0,1.0
-3.451086093928591,1.0509220909011152,0.0,1.0,1.0
-3.44902329990492,1.0452012237044515,0.0,1.0,1.0
-3.4471832490163914,1.0401175178512672,0.0,1.0,1.0
-3.445570736653382,1.0356778008171652,0.0,1.0,1.0
-3.4441905582062655,1.0318889000777478,0.0,1.0,1.0
-3.443047509065421,1.028757643108618,0.0,1.0,1.0
-3.442146384621222,1.0262908573853786,0.0,1.0,1.0
-3.441491980264046,1.024495370383632,0.0,1.0,1.0
