0.2508311005571854,-0.7656000327225504,0.0,1.0,0.9874559715306357
0.2520964202963616,-0.7653978997249056,0.0,1.0,0.9862453747129145
0.25385056673543244,-0.7651179381316949,0.0,1.0,0.9849920573575575
0.2560913780871238,-0.7647601889053526,0.0,1.0,0.9836953028010191
0.2588166925641617,-0.7643246930083124,0.0,1.0,0.9823545876964834
0.26202434837927197,-0.7638114914030085,0.0,1.0,0.9809688668489565
0.2657121837451805,-0.7632206250518747,0.0,1.0,0.9795368143626407
0.2698780368746133,-0.762552134917345,0.0,1.0,0.9780576161263161
0.27451974598029644,-0.7618060619618539,0.0,1.0,0.9765308374415665
0.27963509576624607,-0.7609824481955972,0.0,1.0,0.9749555569428243
0.28522108605964136,-0.7600813509975767,0.0,1.0,0.9733303953174594
0.291274120454227,-0.759102839421738,0.0,1.0,0.9716543989820694
0.29779058765971717,-0.7580469828134743,0.0,1.0,0.9699271492257895
0.3047668654880515,-0.7569138504545165,0.0,1.0,0.9681478657999967
0.3121989264345933,-0.7557035092588593,0.0,1.0,0.9663151874563174
0.32008222684194193,-0.7544160231252861,0.0,1.0,0.964428054627669
0.3284121895808295,-0.7530514557570488,0.0,1.0,0.9624860682535744
0.337184236087339,-0.751609870853692,0.0,1.0,0.9604886207242138
0.3463935193705324,-0.7500913314212154,0.0,1.0,0.9584344045711193
0.35603461020067706,-0.7484958989612657,0.0,1.0,0.9563222043074906
0.36610200308588503,-0.7468236347784476,0.0,1.0,0.9541515262083518
0.37659019253400294,-0.7450746001773604,0.0,1.0,0.9519218976569841
0.3874935351324169,-0.7432488534017745,0.0,1.0,0.9496321193931411
0.3988058562552392,-0.7413464409063955,0.0,1.0,0.947280861529801
0.4105208534019175,-0.7393674063080444,0.0,1.0,0.9448675193013292
0.4226322240718996,-0.7373117932235411,0.0,1.0,0.9423917358221879
0.4351336054928333,-0.7351796400928786,0.0,1.0,0.9398524448968635
0.44801821046094625,-0.7329709489010523,0.0,1.0,0.9372482174465215
0.4612790694639297,-0.7306857059743257,0.0,1.0,0.9345782649807641
0.4749092122862947,-0.7283238975785661,0.0,1.0,0.9318422358348059
0.4889016490842235,-0.7258855088248227,0.0,1.0,0.9290391616385889
0.5032491159018863,-0.7233705086969697,0.0,1.0,0.9261675350639159
0.5179441473604751,-0.7207788543283112,0.0,1.0,0.9232263777002756
0.532979273424727,-0.7181105025781924,0.0,1.0,0.9202153372684434
0.5483470192761434,-0.7153654088518128,0.0,1.0,0.9171336100911943
0.5640397445270722,-0.7125434782198795,0.0,1.0,0.9139797081891581
0.5800496048083837,-0.7096445537409202,0.0,1.0,0.9107524649402454
0.5963687431802626,-0.7066684746518627,0.0,1.0,0.9074514032637376
0.6129893023119534,-0.7036150800249656,0.0,1.0,0.9040757934688277
0.629903361727923,-0.7004841823350194,0.0,1.0,0.9006241640097857
0.6471028687097388,-0.6972755383542475,0.0,1.0,0.8970951693843009
0.6645797539125842,-0.6939888978516069,0.0,1.0,0.8934882472916736
0.6823259479913023,-0.690624010595726,0.0,1.0,0.8898028476476629
0.7003333587575252,-0.6871806043334131,0.0,1.0,0.8860376424327011
0.71859380930104,-0.6836583251360407,0.0,1.0,0.882191154030509
0.7370991030745285,-0.6800568001439812,0.0,1.0,0.8782626105691567
0.7558410435306725,-0.6763756564976073,0.0,1.0,0.8742514705295347
0.7748114335312556,-0.6726145086707352,0.0,1.0,0.8701565116894645
0.794002071939831,-0.6687728854306345,0.0,1.0,0.8659761992322891
0.8134047559627386,-0.6648502800203764,0.0,1.0,0.8617097014559154
0.8330112828009931,-0.6608461855688476,0.0,1.0,0.8573566834455584
0.852813453877335,-0.6567600881545773,0.0,1.0,0.8529162040894563
0.8728031267929584,-0.6525913800371153,0.0,1.0,0.8483867966795923
0.8929721990773238,-0.6483393867951244,0.0,1.0,0.8437676258645276
0.913312569112332,-0.644003432583676,0.0,1.0,0.8390585967026436
0.9338161372128063,-0.6395828393194727,0.0,1.0,0.8342591542925193
0.9544748661018966,-0.6350768566489026,0.0,1.0,0.8293680190744634
0.9752807928913015,-0.6304846480746633,0.0,1.0,0.8243843065535366
0.9962259590448694,-0.6258053720595574,0.0,1.0,0.8193079702981183
1.0173024064659246,-0.6210381867174048,0.0,1.0,0.8141387787201617
1.0385022388930456,-0.6161822010590063,0.0,1.0,0.8088757427757511
1.0598176851224144,-0.6112364247876462,0.0,1.0,0.8035180881296866
1.0812409890365042,-0.6061998556266721,0.0,1.0,0.7980660312590758
1.1027643945199574,-0.601071491297695,0.0,1.0,0.7925198901348509
1.1243801902825301,-0.5958502936347195,0.0,1.0,0.7868791303750203
1.1460808251336936,-0.590535096293708,0.0,1.0,0.7811431394294305
1.1678587836119332,-0.5851247043254797,0.0,1.0,0.7753123454304889
1.1897065502557342,-0.5796179227808531,0.0,1.0,0.7693875851244195
1.2116166355760056,-0.5740135460063001,0.0,1.0,0.7633688164562694
1.2335817189942468,-0.5683102987330062,0.0,1.0,0.7572555827291066
1.2555945474767765,-0.5625068778540459,0.0,1.0,0.7510484088860189
1.277647868168058,-0.5566019801890721,0.0,1.0,0.744748555584895
1.299734439037558,-0.5505942947108423,0.0,1.0,0.7383565039845017
1.3218471554238824,-0.544482410815111,0.0,1.0,0.7318720198525465
1.3439790070911422,-0.5382648494498811,0.0,1.0,0.7252957305892267
1.3661229856595887,-0.5319401302176655,0.0,1.0,0.718629274707728
1.3882720867558562,-0.5255067718019085,0.0,1.0,0.7118736226574304
1.4104194269147219,-0.5189632651496008,0.0,1.0,0.7050286973903447
1.4325582621125312,-0.5123080692196924,0.0,1.0,0.698094999323122
1.4546818560623467,-0.5055396411963231,0.0,1.0,0.6910742296746255
1.4767834730302047,-0.4986564380343228,0.0,1.0,0.683967686784621
1.4988564456076645,-0.49165688835523563,0.0,1.0,0.6767753890105178
1.5208942398527916,-0.48453936543459714,0.0,1.0,0.6694975303663251
1.5428903372658573,-0.47730223614435446,0.0,1.0,0.6621355735103633
1.564838219352174,-0.4699438673564641,0.0,1.0,0.6546909181658761
1.5867314131802552,-0.46246262602052984,0.0,1.0,0.6471635682950179
1.6085636025514045,-0.45485687935325614,0.0,1.0,0.6395532748219522
1.6303285049422407,-0.44712499462873595,0.0,1.0,0.631861075591572
1.6520198378293833,-0.439265339121062,0.0,1.0,0.6240883504063232
1.6736313417627096,-0.43127628724281936,0.0,1.0,0.6162350576667088
1.6951569015564796,-0.4231562580396552,0.0,1.0,0.6083004298078876
1.7165904576707762,-0.41490368777313114,0.0,1.0,0.6002848212373936
1.7379259506839375,-0.40651701274139607,0.0,1.0,0.5921892681472535
1.759157329501768,-0.3979946733242863,0.0,1.0,0.5840135322536035
1.7802786438816673,-0.38933515933379703,0.0,1.0,0.5757563013397438
1.801284010620166,-0.3805369934409896,0.0,1.0,0.56741715094113
1.822167547723225,-0.37159869890972397,0.0,1.0,0.5589966381649056
1.842923376458773,-0.36251880243781626,0.0,1.0,0.5504943359986267
1.8635457102887154,-0.3532959277780395,0.0,1.0,0.5419085099155038
1.884028865554596,-0.343928806987192,0.0,1.0,0.5332379824863331
1.9043671640051199,-0.3344161778143278,0.0,1.0,0.524485020230276
1.924554927903666,-0.3247567787631446,0.0,1.0,0.5159532141944367
1.944586535762111,-0.3149494308118632,0.0,1.0,0.5076510134480523
1.9644564722348457,-0.30499311057047174,0.0,1.0,0.4995858067474871
1.984159233749512,-0.29488681191152194,0.0,1.0,0.4917702921734716
2.0036893167419825,-0.28462952872243613,0.0,1.0,0.48421935047857534
2.023041257113426,-0.2742203261830222,0.0,1.0,0.4769422299352593
2.0422097215306,-0.2636585056955969,0.0,1.0,0.4699446900934483
2.061189403707976,-0.25294341752302885,0.0,1.0,0.4632382552033951
2.0799749973600257,-0.24207441192818652,0.0,1.0,0.45683930607845435
2.0985612150397963,-0.23105088293305093,0.0,1.0,0.4507593789824599
2.1169428825693197,-0.21987248766603276,0.0,1.0,0.44500457812151034
2.1351148679049503,-0.2085389811270856,0.0,1.0,0.4395855773435726
2.153072039073655,-0.19705011848019122,0.0,1.0,0.43451954929598713
2.1708092757159396,-0.1854056798530765,0.0,1.0,0.42981955938772226
2.1883215917957823,-0.173605734106937,0.0,1.0,0.4254905275012646
2.20560408761383,-0.16165053568694907,0.0,1.0,0.42136859241596375
2.222651864895201,-0.14954034210024922,0.0,1.0,0.4173928115800541
2.239460029220006,-0.13727542024072073,0.0,1.0,0.41362226606867253
2.2560237883933896,-0.12485628591602459,0.0,1.0,0.41005684171698836
2.272338460599741,-0.11228372370276739,0.0,1.0,0.406697483892653
2.288399369512297,-0.09955853154266969,0.0,1.0,0.40355028413188104
2.304201839674621,-0.08668150944281913,0.0,1.0,0.4006211216723892
2.3197412803089397,-0.0736536583601124,0.0,1.0,0.3979106281392246
2.335013255025007,-0.06047634562644125,0.0,1.0,0.3954186430743602
2.3500133438415696,-0.047150977513658744,0.0,1.0,0.39306211116110706
2.3647371267973125,-0.03367896034102164,0.0,1.0,0.3908244168679626
2.379180241214702,-0.02006183660580851,0.0,1.0,0.38870803563046125
2.393338507271159,-0.006301583497752748,0.0,1.0,0.38671307772183344
2.4072077815510373,0.007599735244929763,0.0,1.0,0.3848425990853472
2.420783920638692,0.021640055884023145,0.0,1.0,0.3831024246097326
2.434062819432953,0.03581724434587377,0.0,1.0,0.3814957281981641
2.4470405944153155,0.05012875978852469,0.0,1.0,0.38002236281327806
2.459713441541478,0.06457191547599472,0.0,1.0,0.37868435728031113
2.472077556869497,0.07914402448440201,0.0,1.0,0.37748726155396967
2.4841291532895906,0.09384236222324424,0.0,1.0,0.37643473285352375
2.4958646297447875,0.10866378775736732,0.0,1.0,0.37552633444270944
2.5072805007962398,0.12360490142408408,0.0,1.0,0.3747628646380052
2.5183732827430387,0.13866229967157662,0.0,1.0,0.3741493691966449
2.5291394994179157,0.15383256702392265,0.0,1.0,0.37369028451157305
2.539575862408026,0.16911199083085135,0.0,1.0,0.37338557466382605
2.549679279470614,0.18449654794758827,0.0,1.0,0.3732350276269383
2.559446667580703,0.19998220063961675,0.0,1.0,0.3732428403003545
2.568874945368698,0.21556490874455347,0.0,1.0,0.3734139625909433
2.577961175689688,0.23124042057200522,0.0,1.0,0.3737488486264362
2.5867026754990654,0.2470041117538254,0.0,1.0,0.37424638279379907
2.5950967876174853,0.2628513199864282,0.0,1.0,0.37490974915240066
2.6031408549140718,0.2787773828956086,0.0,1.0,0.3757443061339264
2.6108323109952973,0.2947775059058316,0.0,1.0,0.37675143176441445
2.618168868548039,0.3108464878305986,0.0,1.0,0.3779297724925157
2.6251482937393704,0.3269790495645299,0.0,1.0,0.37928170338573447
2.6317683527363607,0.34316991200224567,0.0,1.0,0.3808128505158833
2.638026871838156,0.359413741539516,0.0,1.0,0.38252554116122306
2.643922011906036,0.37570490135203877,0.0,1.0,0.3844182067847573
2.649452049478488,0.3920376497750438,0.0,1.0,0.3864919903557088
2.654615261204923,0.40840624504322875,0.0,1.0,0.38875217381806193
2.659409950827133,0.42480491918866065,0.0,1.0,0.3912020097962591
2.6638347084568017,0.4412276272782908,0.0,1.0,0.39384046273808454
2.667888296237228,0.45766815799720617,0.0,1.0,0.39666798595033015
2.6715694786579065,0.4741202977613532,0.0,1.0,0.3996895210761792
2.6748770316288306,0.49057782715019105,0.0,1.0,0.4029091745948273
2.677809998987414,0.5070343898179529,0.0,1.0,0.4063115267529434
2.680367695451382,0.523483490984558,0.0,1.0,0.40980753830254213
2.682549447749564,0.5399186297316101,0.0,1.0,0.4133999211402055
2.684354584920216,0.556333304112574,0.0,1.0,0.4170911499869304
2.685782617136634,0.5727209315408853,0.0,1.0,0.4208769533431109
2.686833363004314,0.5890747921181613,0.0,1.0,0.42475213210261936
2.687506671181133,0.6053881525669176,0.0,1.0,0.4287179818705185
2.6878023904222488,0.6216542795962129,0.0,1.0,0.4327772277493666
2.6877204956648275,0.6378664224627019,0.0,1.0,0.43692542763334785
2.6872613358579014,0.6540177786929446,0.0,1.0,0.4412124326702072
2.686425328922406,0.6701015362739027,0.0,1.0,0.4456563723085758
2.685212892779278,0.6861108831925385,0.0,1.0,0.4502605030311002
2.683624519639151,0.7020390130577141,0.0,1.0,0.45502314738378846
2.681661099430692,0.7178791495757489,0.0,1.0,0.4599376236024958
2.679323654621759,0.7336245264829152,0.0,1.0,0.46500091626560697
2.6766132077711617,0.7492683775223673,0.0,1.0,0.4702148758865272
2.6735308134318725,0.7648039473519975,0.0,1.0,0.4755778876176398
2.670077849746027,0.7802245910214182,0.0,1.0,0.48108239885881837
2.666255882747426,0.7955237276790643,0.0,1.0,0.4867227327906813
2.6620664807842696,0.8106947772629234,0.0,1.0,0.4924985843147508
2.6575112242586694,0.8257311672937232,0.0,1.0,0.49840745028314276
2.652591960172078,0.8406264930015138,0.0,1.0,0.5044396939880306
2.64731079634442,0.855374513689104,0.0,1.0,0.5105856096142921
2.64166985149319,0.8699689955146243,0.0,1.0,0.5168417049416844
2.6356712470735975,0.8844037068629653,0.0,1.0,0.5232043517995534
2.629317298780241,0.8986725741065675,0.0,1.0,0.5296622708809473
2.622610642011031,0.9127697836533994,0.0,1.0,0.5362018787323546
2.6155539419644405,0.9266895461501685,0.0,1.0,0.5428160642437011
2.6081498639512697,0.9404260723996692,0.0,1.0,0.549500029895495
2.6004011790320423,0.9539737201541365,0.0,1.0,0.5562416679605867
2.592310960396318,0.9673272670032457,0.0,1.0,0.5630242525771535
2.5838823348417423,0.980481565030271,0.0,1.0,0.5698370289710302
2.5751184291659572,0.9934314663184867,0.0,1.0,0.5766738135007652
2.56602242984209,1.0061719166283751,0.0,1.0,0.5835218284870988
2.5565978308027284,1.0186983443632334,0.0,1.0,0.5903615883052081
2.5468482247164745,1.0310063329198949,0.0,1.0,0.597178826623939
2.5367772042980103,1.0430914657675276,0.0,1.0,0.6039662940269651
2.526388387195744,1.0549493796542824,0.0,1.0,0.6107120683054396
2.515685632491524,1.066576227229131,0.0,1.0,0.6173960538710813
2.5046729347492023,1.077968450642262,0.0,1.0,0.6240015722534432
2.4933542900323946,1.0891224952485996,0.0,1.0,0.630520704673603
2.4817337026287594,1.1000348286338082,0.0,1.0,0.6369436115775093
2.469815348548775,1.1107023825745315,0.0,1.0,0.6432516904118599
2.4576035663666587,1.1211225282800996,0.0,1.0,0.6494275424409631
2.4451027010471247,1.1312926542342612,0.0,1.0,0.6554635970610314
2.4323170989969305,1.1412101550226987,0.0,1.0,0.6613532933813407
2.4192511995820167,1.1508728185834842,0.0,1.0,0.667080936454013
2.405909590083293,1.1602790587498992,0.0,1.0,0.6726290867703325
2.392296870963738,1.1694273451345123,0.0,1.0,0.6779902837124903
2.3784176427688926,1.1783161477121937,0.0,1.0,0.6831614331636732
2.3642765645772736,1.1869441933018898,0.0,1.0,0.688131420293452
2.349878456688727,1.1953109161655502,0.0,1.0,0.6928850719009805
2.3352281669219166,1.2034158713183503,0.0,1.0,0.6974165154734746
2.3203305430955083,1.211258613775466,0.0,1.0,0.7017268143447032
2.305190452134069,1.21883885265226,0.0,1.0,0.7058102785234093
2.2898128557090063,1.2261570612523212,0.0,1.0,0.7096547320145333
2.2742027448071616,1.23321394932518,0.0,1.0,0.7132552562516491
2.2583651104240667,1.2400102266905058,0.0,1.0,0.7166156001603666
2.2423049497334584,1.2465466798215326,0.0,1.0,0.7197349665299227
2.2260273172136404,1.2528248061752474,0.0,1.0,0.7226047073840398
2.20953729841559,1.258846488730531,0.0,1.0,0.7252209949167039
2.1928399791977227,1.2646136142806503,0.0,1.0,0.7275896923154397
2.175940446679906,1.2701280981277214,0.0,1.0,0.7297146846190512
2.158843812882247,1.2753924183178604,0.0,1.0,0.7315914283091908
2.141555212633985,1.2804095683825676,0.0,1.0,0.7332169892255339
2.124079781606595,1.2851825608876704,0.0,1.0,0.7345976163853322
2.1064226554522585,1.2897144156436406,0.0,1.0,0.7357399271629044
2.0885889686887595,1.2940085785003785,0.0,1.0,0.736642020083018
2.070583854088668,1.298069150748596,0.0,1.0,0.7373007892750567
2.052412444275949,1.301900289489838,0.0,1.0,0.7377218486927074
2.0340798718560027,1.3055061522740379,0.0,1.0,0.7379136628583516
2.0155912592280365,1.308891143183683,0.0,1.0,0.7378772999512871
1.9969517016843525,1.3120603210734068,0.0,1.0,0.7376102972366337
1.9781662900671964,1.3150188522898327,0.0,1.0,0.7371168492829577
1.9592401152188132,1.3177719031795858,0.0,1.0,0.7364052306086425
1.940178260994395,1.3203247753199683,0.0,1.0,0.7354775258880192
1.9209857778951671,1.3226834158364922,0.0,1.0,0.734152699306125
1.9016677064808165,1.3248539642678538,0.0,1.0,0.7320988856580074
1.8822290873093215,1.3268425601857619,0.0,1.0,0.729330442339192
1.8626749571125925,1.3286553989113827,0.0,1.0,0.72585269012589
1.8430103186119893,1.3302991713314953,0.0,1.0,0.7216563334970305
1.8232401567116692,1.331780827946275,0.0,1.0,0.7167378715888034
1.803369456159178,1.3331073215378695,0.0,1.0,0.7111072298796272
1.7834031996928683,1.3342856231541371,0.0,1.0,0.7047703155097523
1.7633463325120018,1.3353230451135283,0.0,1.0,0.6982593622034537
1.7432037665430993,1.3362272022193908,0.0,1.0,0.6917102797337802
1.7229804125606527,1.3370057197482343,0.0,1.0,0.6851236249484626
1.7026811810481919,1.337666226763815,0.0,1.0,0.6784990103444414
1.682310966821772,1.3382165562618256,0.0,1.0,0.6718344612172892
1.6618746413898848,1.3386648446151892,0.0,1.0,0.6651283820265487
1.6413770743660734,1.3390192528620277,0.0,1.0,0.6583804910337306
1.6208231353459126,1.3392879422458026,0.0,1.0,0.6515900949601752
1.6002176860752375,1.3394791637243757,0.0,1.0,0.6447549697077426
1.5795655681926957,1.3396013980601003,0.0,1.0,0.6378728541240527
1.5588716201628643,1.3396631622915962,0.0,1.0,0.6309427685210229
1.538140680450327,1.339672973457484,0.0,1.0,0.6239638106512336
1.5173775878858418,1.3396393701063476,0.0,1.0,0.616933719621074
1.4965871829830115,1.3395709896401293,0.0,1.0,0.6098498470162728
1.4757743067385733,1.3394764978406386,0.0,1.0,0.6027107056538323
1.4549438001493,1.3393645604921318,0.0,1.0,0.5955152919077008
1.4341005074444013,1.3392438426715763,0.0,1.0,0.5882614813078044
1.4132493004033728,1.3391230034276442,0.0,1.0,0.5809464669677418
1.3923950647474497,1.3390106987584094,0.0,1.0,0.5735682983956425
1.3715426863060116,1.3389155846382814,0.0,1.0,0.566125719223018
1.3506970530300126,1.3388463102179544,0.0,1.0,0.5586167224795832
1.3298630904336703,1.338811403831814,0.0,1.0,0.5511055094007767
1.309045756245823,1.338819290200989,0.0,1.0,0.5436120914135686
1.2882500092392402,1.33887839068897,0.0,1.0,0.5361358931862681
1.2674808089739524,1.338997123846268,0.0,1.0,0.5286750931289617
1.2467431539585008,1.3391837690550883,0.0,1.0,0.5212255812964368
1.2260420987351206,1.3394464054816968,0.0,1.0,0.5137840890479313
1.2053827021926735,1.339793096761269,0.0,1.0,0.506349584987668
1.1847700233112444,1.3402319060922945,0.0,1.0,0.4988320659773281
1.164209153391903,1.3407707419562813,0.0,1.0,0.49120006698205865
1.1437052635991578,1.341417130537185,0.0,1.0,0.4834518446518363
1.1232635372168938,1.3421785400048594,0.0,1.0,0.4755856290881587
1.1028891575289914,1.3430624385291585,0.0,1.0,0.46759962343975475
1.0825873304170954,1.344076191581451,0.0,1.0,0.4594920034921371
1.062363361750976,1.3452267102238975,0.0,1.0,0.45126091725090006
1.042222585046095,1.3465207798791896,0.0,1.0,0.44290448451868025
1.0221703338188672,1.3479651859656945,0.0,1.0,0.43451070174216677
1.00221195306005,1.3495666493298368,0.0,1.0,0.4266181707447246
0.982352881570918,1.3513313628988601,0.0,1.0,0.41923164003266855
0.9625986040020271,1.3532652615829206,0.0,1.0,0.4123625039576127
0.9429546053154355,1.355374278539188,0.0,1.0,0.40603654469162803
0.9234263752300867,1.3576643173062053,0.0,1.0,0.400276121166977
0.9040194833656756,1.3601407839221675,0.0,1.0,0.39508890825341736
0.8847395656409469,1.3628086716156766,0.0,1.0,0.39048510869927605
0.8655922599814522,1.3656729611199778,0.0,1.0,0.38649196625160814
0.8465832053586207,1.3687386242989965,0.0,1.0,0.3827845993903442
0.8277180884349246,1.3720102285842242,0.0,1.0,0.37925498209569775
0.8090026622316154,1.3754917786673855,0.0,1.0,0.3759055767079797
0.7904426846775583,1.3791872376224075,0.0,1.0,0.3727448601483053
0.7720439137863347,1.383100567531023,0.0,1.0,0.3697836464032909
0.753812132335058,1.3872354404608653,0.0,1.0,0.3670270502733907
0.7357531821385837,1.3915948370686018,0.0,1.0,0.36447707813844377
0.7178729136218911,1.3961816371747757,0.0,1.0,0.36214160051449457
0.7001771772099638,1.4009987205999308,0.0,1.0,0.360032845219356
0.6826718286935721,1.406048796142675,0.0,1.0,0.3581579544770409
0.6653627467232734,1.4113338439996757,0.0,1.0,0.3565190612731008
0.6482558160361553,1.4168556503738476,0.0,1.0,0.35512314089064806
0.631356921369355,1.4226160014664175,0.0,1.0,0.3539830810465505
0.6146719461464352,1.4286165946478313,0.0,1.0,0.3531077963368946
0.598206763485087,1.4348584303537164,0.0,1.0,0.35249956371303454
0.5819672416391732,1.4413421801028423,0.0,1.0,0.352163836251535
0.5659592488338514,1.448068513472938,0.0,1.0,0.35211324239473735
0.5501886498181153,1.4550380658319075,0.0,1.0,0.3523432258730926
0.5346612538902853,1.4622509268431745,0.0,1.0,0.3527600392715623
0.5193828258335508,1.469706748085247,0.0,1.0,0.3533643793091942
0.5043591291751863,1.4774051687768144,0.0,1.0,0.3541657842506874
0.48959592573528266,1.485345818228385,0.0,1.0,0.35517255710639856
0.4750989053750859,1.4935279081136428,0.0,1.0,0.3563829909366816
0.460873661108414,1.5019500880203651,0.0,1.0,0.3577945632133604
0.44692577912609655,1.5106109679368915,0.0,1.0,0.3594145679384076
0.4332608452865012,1.519509156820578,0.0,1.0,0.36129658204656406
0.41988436408505464,1.52864301132015,0.0,1.0,0.363478893237676
0.4068016528270305,1.5380103076027034,0.0,1.0,0.3659592245048842
0.39401800258879044,1.5476087404987742,0.0,1.0,0.36874242350222997
0.38153870444669324,1.5574360048389007,0.0,1.0,0.37183763753528115
0.3693689887999233,1.5674896663324678,0.0,1.0,0.3752465149725194
0.35751383714221047,1.5777667610175752,0.0,1.0,0.37896417503749913
0.3459781671523867,1.5882641891340985,0.0,1.0,0.3829912097540934
0.33476689650924885,1.5989788509218295,0.0,1.0,0.38733392685453677
0.32388489959929034,1.6099075845099349,0.0,1.0,0.39199184018483924
0.31333672473877666,1.6210467602209053,0.0,1.0,0.3969553260303022
0.30312677167151547,1.6323925352231945,0.0,1.0,0.4022182861773969
0.29325943938689447,1.6439410656029052,0.0,1.0,0.4077822458582157
0.2837391071981272,1.655688488848905,0.0,1.0,0.4136449161017274
0.2745698560492549,1.6676306604419802,0.0,1.0,0.41979461542523566
0.26575553515925976,1.6797632168445082,0.0,1.0,0.4262202372504484
0.25729998766732187,1.6920817887724517,0.0,1.0,0.43291797042211305
0.24920704880500166,1.7045820024038099,0.0,1.0,0.43988179979138203
0.24148024486334407,1.7172593066241293,0.0,1.0,0.4470946622037898
0.2341226999203068,1.7301089194999482,0.0,1.0,0.4545370492231893
0.22713751108371794,1.7431260436203913,0.0,1.0,0.4621979090634454
0.22052777446398783,1.7563058812157966,0.0,1.0,0.47006793960631005
0.21429637917661756,1.7696435600574012,0.0,1.0,0.47812827889908455
0.2084457546740946,1.7831340425689182,0.0,1.0,0.48635539729882804
0.2029782685484081,1.7967722689219356,0.0,1.0,0.4947331601677174
0.19789628839153714,1.8105531792880394,0.0,1.0,0.5032493919814505
0.19320202849948423,1.824471691622064,0.0,1.0,0.5118825794152758
0.18889709766488375,1.8385226361249511,0.0,1.0,0.5206035871518994
0.18498295520066999,1.852700821333977,0.0,1.0,0.5293906424674258
0.18146106041977728,1.867001055786417,0.0,1.0,0.5382299095921838
0.17833279421512332,1.8814181548598405,0.0,1.0,0.5471014521215902
0.175598970255629,1.8959469834087384,0.0,1.0,0.5559768467314876
0.1732601527317853,1.9105824280487071,0.0,1.0,0.5648328064067336
0.17131690475564057,1.925319375489414,0.0,1.0,0.5736554684441011
0.16976975031664335,1.940152717573224,0.0,1.0,0.5824270899037184
0.16861864891993927,1.9550774202001062,0.0,1.0,0.5911197378253312
0.1678631359795313,1.9700885049087398,0.0,1.0,0.5997086779285417
0.16750273658721582,1.9851809945920253,0.0,1.0,0.6081812206919076
0.16753696397117387,2.00034991635951,0.0,1.0,0.6165252116128024
0.16796490067231032,2.0155904503985154,0.0,1.0,0.6247187305807825
0.16878508679107415,2.030897969694203,0.0,1.0,0.6327398422845965
0.16999602784011522,2.0462678595251647,0.0,1.0,0.6405784505191994
0.1715962275539044,2.061695505749001,0.0,1.0,0.6482281715580837
0.1735838732169293,2.077176397265651,0.0,1.0,0.6556731411536096
0.17595647370550366,2.092706243878101,0.0,1.0,0.6628943397263195
0.17871145023830734,2.108280783932381,0.0,1.0,0.6698840916361702
0.18184622403319015,2.123895755774965,0.0,1.0,0.6766417561331463
0.185358032335606,2.139546995008023,0.0,1.0,0.6831588500208465
0.18924341267345518,2.155230707134442,0.0,1.0,0.689420877856431
0.19349873624793382,2.1709431855845405,0.0,1.0,0.6954223580559926
0.19812037426023743,2.1866807237886325,0.0,1.0,0.7011666855579733
0.20310460140415576,2.202439670700344,0.0,1.0,0.7066514056789497
0.20844702177903063,2.218216761084327,0.0,1.0,0.7118661010439992
0.2141429548377015,2.2340088934700275,0.0,1.0,0.7168065168693489
0.22018771899819295,2.2498129669822444,0.0,1.0,0.7214783045975058
0.22657659244900302,2.2656259069091207,0.0,1.0,0.7258840302632044
0.23330430058687623,2.281444998047835,0.0,1.0,0.7300175064314158
0.2403651670886929,2.297267786454748,0.0,1.0,0.7338751672438782
0.24775350658469467,2.313091824069722,0.0,1.0,0.7374629950219401
0.2554636215172513,2.3289146711697253,0.0,1.0,0.7407867096058696
0.26348940222681355,2.3447341699300845,0.0,1.0,0.7438435701579467
0.27182423690692914,2.3605485060197524,0.0,1.0,0.7466303651544395
0.2804614833335125,2.3763558859148595,0.0,1.0,0.7491524366878473
0.28939449754904367,2.392154517467589,0.0,1.0,0.7514171800546035
0.2986163684510945,2.407942820596131,0.0,1.0,0.7534242626351192
0.30811963194440267,2.4237196541976216,0.0,1.0,0.7551702117896789
0.31789675535644646,2.4394839316074646,0.0,1.0,0.7566585569293667
0.3279402060114605,2.455234566163785,0.0,1.0,0.7578968295860261
0.33824231224275264,2.4709705880580226,0.0,1.0,0.758886825412285
0.3487948933294722,2.4866914554567443,0.0,1.0,0.7596258482413546
0.35958965204037807,2.5023967244798544,0.0,1.0,0.7601158940487431
0.3706182911442294,2.5180859512472553,0.0,1.0,0.7599528439789157
0.3818724464502051,2.5337587499829555,0.0,1.0,0.7590031726513813
0.3933433066542597,2.5494151228930284,0.0,1.0,0.757259309589493
0.40502187732816464,2.5650552310893713,0.0,1.0,0.754721343605396
0.41689916349161993,2.5806792361629434,0.0,1.0,0.7514033616799024
0.42896614602995903,2.596287321381942,0.0,1.0,0.7473139578924268
0.44121348974257185,2.61187995391967,0.0,1.0,0.7424476830805595
0.4536316372597495,2.6274578004994082,0.0,1.0,0.7373446647013479
0.46621102659581226,2.6430215319904518,0.0,1.0,0.7321860034616904
0.4789420898101422,2.6585718254861135,0.0,1.0,0.7269702668817223
0.4918150710161456,2.6741095545181217,0.0,1.0,0.721695868505175
0.5048199927532114,2.6896358242041565,0.0,1.0,0.7163612710338391
0.5179468648230101,2.705151752975184,0.0,1.0,0.7109650713132438
0.5311856963542236,2.72065845997773,0.0,1.0,0.7055058247344144
0.544526405874966,2.7361571606909667,0.0,1.0,0.6999819400768758
0.5579587307925603,2.751649263173925,0.0,1.0,0.6943918282907181
0.571472386965857,2.767136198397419,0.0,1.0,0.6887340219897052
0.5850570902516367,2.782619397334805,0.0,1.0,0.6830070552126453
0.5987025249067783,2.798100329640643,0.0,1.0,0.6772093303583955
0.6123982637309814,2.8135806014034235,0.0,1.0,0.6713392142027794
0.6261338549627686,2.8290618487767847,0.0,1.0,0.6653951813305292
0.6398988468406668,2.844545707914375,0.0,1.0,0.6593757479628392
0.6536827873848045,2.8600338235805265,0.0,1.0,0.6532793191602811
0.6674752232135291,2.8755278958073425,0.0,1.0,0.6471042321963935
0.6812657003913272,2.891029646464093,0.0,1.0,0.640866512343146
0.6950437649813189,2.90654079747375,0.0,1.0,0.6345742982184311
0.7087989691327522,2.9220630672964085,0.0,1.0,0.6282256510329225
0.7225209410280035,2.9375981311308825,0.0,1.0,0.6218184107092941
0.7361993605334995,2.95314763476882,0.0,1.0,0.6153506589213653
0.7498239085033512,2.968713223439903,0.0,1.0,0.6088207768110709
0.7633842697305557,2.9842965399476644,0.0,1.0,0.6022269746807103
0.7768702452847094,2.9998991554754784,0.0,1.0,0.5955671725520311
0.7902717688701743,3.015522559510803,0.0,1.0,0.5888394324572209
0.8035787814196126,3.0311682370888464,0.0,1.0,0.582042131499256
0.8167812250037417,3.0468376725096133,0.0,1.0,0.5751735637284792
0.8298691765714001,3.062532262938989,0.0,1.0,0.5682317149936887
0.84283297351832,3.0782532372886564,0.0,1.0,0.561214631918834
0.8556629829547386,3.094001805274106,0.0,1.0,0.5541207066846443
0.8683495720053613,3.1097791766002905,0.0,1.0,0.5469483389844385
0.8808832118940476,3.12558648520924,0.0,1.0,0.5396955883311066
0.893254727486504,3.1414246076639145,0.0,1.0,0.532360422674217
0.9054550186749926,3.1572943659232635,0.0,1.0,0.5250350724911326
0.9174749853517759,3.1731965819462378,0.0,1.0,0.5183142630716981
0.929305592843875,3.1891320340796807,0.0,1.0,0.5122180074865328
0.9409382102956134,3.2051012315272396,0.0,1.0,0.5067565620632926
0.9523643607441759,3.2211045809233583,0.0,1.0,0.5019480291752573
0.9635755675296888,3.2371424887005715,0.0,1.0,0.49782323233715703
0.9745633916503664,3.253215336526223,0.0,1.0,0.49440666908948283
0.985319843194958,3.2693232107310495,0.0,1.0,0.49170745114553754
0.9958372274530507,3.2854660035120697,0.0,1.0,0.4894658153601327
1.0061078548857052,3.301643603665369,0.0,1.0,0.4874694155409194
1.0161240490926085,3.317855891599246,0.0,1.0,0.485727818033508
1.0258784971345154,3.334102515685886,0.0,1.0,0.48424474945368257
1.0353642872324786,3.3503828681939116,0.0,1.0,0.4830235332747352
1.044574528309047,3.3666963281759674,0.0,1.0,0.4820586021525484
1.0535023321445212,3.3830422730456333,0.0,1.0,0.48135395327929303
1.0621411107635343,3.3994199080120353,0.0,1.0,0.4809133863805293
1.0704848362905932,3.4158281170402596,0.0,1.0,0.48073776970721604
1.0785275421017608,3.432265748964711,0.0,1.0,0.48083396217657015
1.0862632616208867,3.448731652595033,0.0,1.0,0.4812121689779586
1.093686219268761,3.465224577799012,0.0,1.0,0.4818762972369197
1.1007912644891735,3.481742950664715,0.0,1.0,0.4828250613656711
1.1075733743752656,3.4982851311542036,0.0,1.0,0.48406208624494956
1.114027526020179,3.514849479229543,0.0,1.0,0.4855958396735796
1.1201488051255926,3.5314343014533343,0.0,1.0,0.48742910326494854
1.1259329419876403,3.548037587460976,0.0,1.0,0.48955732977244615
1.1313759037903566,3.5646572104174092,0.0,1.0,0.4919793230298496
1.1364736580825592,3.581291043308214,0.0,1.0,0.494700170649575
1.1412222221526283,3.5979369394404914,0.0,1.0,0.49772108660541975
1.1456181799118317,3.614592527948108,0.0,1.0,0.5010348507935601
1.149658475401019,3.631255295486723,0.0,1.0,0.5046351589870977
1.1533400584237363,3.6479227264320944,0.0,1.0,0.5085223893087221
1.1566598964026809,3.664592298779381,0.0,1.0,0.5126950680087367
1.159615414329006,3.681261324819806,0.0,1.0,0.5171426898251666
1.1622045258719753,3.6979269398746033,0.0,1.0,0.5218532282837763
1.164425168550374,3.714586270628133,0.0,1.0,0.526821562709139
1.1662752832955596,3.7312364428296503,0.0,1.0,0.5320432990130681
1.1677531308693923,3.747874494588755,0.0,1.0,0.5375055309144471
1.1688575485256354,3.7644973060452918,0.0,1.0,0.5431915991282871
1.169587433917839,3.781101740788408,0.0,1.0,0.5490911874871826
1.1699416847771633,3.7976846623923763,0.0,1.0,0.5551970623445321
1.169919390588762,3.8142428976716998,0.0,1.0,0.5614948658392472
1.169520245390287,3.830773157546501,0.0,1.0,0.5679649491599044
1.168744062064115,3.8472721301540407,0.0,1.0,0.5745929770999996
1.1675906534926228,3.863736503631582,0.0,1.0,0.5813695907566556
1.1660599266459428,3.880162951350603,0.0,1.0,0.5882806381562762
1.1641523256446857,3.896548062384199,0.0,1.0,0.595306331349488
1.1618684849315666,3.912888395937015,0.0,1.0,0.6024306227252068
1.1592090391723242,3.929180511178706,0.0,1.0,0.6096432470284734
1.1561746663979102,3.9454209674888605,0.0,1.0,0.6169310906005022
1.1527665168501817,3.9616063265331567,0.0,1.0,0.624275004329437
1.1489860309253208,3.9777331513819756,0.0,1.0,0.6316580492084067
1.144834653243887,3.9937980051261475,0.0,1.0,0.6390699553742601
1.1403138410043359,4.0097974512166035,0.0,1.0,0.6465005600397348
1.135425358567058,4.0257280618980795,0.0,1.0,0.6539350805034689
1.1301712877230752,4.041586418503112,0.0,1.0,0.661359299288314
1.1245537248957418,4.057369102783149,0.0,1.0,0.6687646339802888
1.118574768908938,4.073072696853355,0.0,1.0,0.6761440055301579
1.1122367204180352,4.088693813409673,0.0,1.0,0.6834864347544823
1.1055422316481012,4.104229118416607,0.0,1.0,0.6907801893802905
1.0984939900952984,4.119675283182813,0.0,1.0,0.698018524301434
1.0910946833231752,4.1350289790393555,0.0,1.0,0.7051974558503556
1.083347109851966,4.150286914217898,0.0,1.0,0.712310009497209
1.0752544052844377,4.165445909052838,0.0,1.0,0.7193474280289208
1.0668197689980545,4.180502805087976,0.0,1.0,0.7263048791786565
1.058046400370279,4.195454443867104,0.0,1.0,0.7331810531385369
1.0489375418669658,4.210297684680059,0.0,1.0,0.7399732816437725
1.0394966726265755,4.225029484290733,0.0,1.0,0.7466771437994846
1.029727352621563,4.239646832754654,0.0,1.0,0.7532904395832862
1.019633141894056,4.254146720156043,0.0,1.0,0.7598138654477614
1.0092176160550301,4.2685261513763555,0.0,1.0,0.7662472853988462
0.9984845128677347,4.282782285412768,0.0,1.0,0.772588386691267
0.9874376664091418,4.296912372802703,0.0,1.0,0.7788360083511642
0.9760809120265934,4.310913665290996,0.0,1.0,0.7849918645367564
0.9644180892778786,4.324783418683194,0.0,1.0,0.7910578828687046
0.9524531345610505,4.338518982181303,0.0,1.0,0.7970343347237352
0.9401900811144251,4.352117798383794,0.0,1.0,0.8029217303697339
0.9276329663867654,4.365577313949849,0.0,1.0,0.8087226509805053
0.9147858282420063,4.378894976753278,0.0,1.0,0.8144402085642514
0.9016527360206052,4.392068326755411,0.0,1.0,0.8200760458240534
0.8882378120564032,4.405095058954675,0.0,1.0,0.8256313530459971
0.874545183771331,4.417972883235196,0.0,1.0,0.8311088810548236
0.8605789785945385,4.430699509528817,0.0,1.0,0.8365122394859036
0.8463433323297244,4.443272703132164,0.0,1.0,0.8418439561381288
0.8318424053002942,4.455690391443551,0.0,1.0,0.8471057809145911
0.8170803622936952,4.467950531373374,0.0,1.0,0.8523004968350639
0.8020613680973684,4.480051079832027,0.0,1.0,0.857431839890744
0.7867895820638898,4.491990024694602,0.0,1.0,0.8625028784425528
0.7712691348197279,4.503765517500753,0.0,1.0,0.8675158038283545
0.7555041475356412,4.515375763663228,0.0,1.0,0.8724733194874594
0.7394987413766522,4.526818968627488,0.0,1.0,0.8773789805393053
0.7232570316333476,4.538093353170434,0.0,1.0,0.8822359466086063
0.7067830750421074,4.54919729088726,0.0,1.0,0.8870464592011142
0.690080894724116,4.56012924310411,0.0,1.0,0.8918129171428896
0.6731545134007472,4.570887672190574,0.0,1.0,0.8965385200017587
0.6560079513196495,4.581471045784916,0.0,1.0,0.9012263541520061
0.6386451750638953,4.591877945822853,0.0,1.0,0.9058786584369176
0.6210700992880048,4.6021070648400935,0.0,1.0,0.9104975600130336
0.6032866365200891,4.612157099901276,0.0,1.0,0.915085888831326
0.5852986983221944,4.622026749403047,0.0,1.0,0.9196465872017461
0.5671101299016195,4.631714803231446,0.0,1.0,0.9241818285511286
0.5487246684767864,4.641220200166718,0.0,1.0,0.9286934215990509
0.5301460413490244,4.650541892662713,0.0,1.0,0.9331837457524108
0.5113779757824998,4.659678833230204,0.0,1.0,0.937655483417103
0.4924241673271843,4.668630022954346,0.0,1.0,0.9420027272204701
0.47328822202536064,4.677394600012876,0.0,1.0,0.9461678201639795
0.4539737302410571,4.685971726596797,0.0,1.0,0.9501547891049809
0.434484282338304,4.694360564897111,0.0,1.0,0.9539688982519268
0.41482344486220474,4.702560306847088,0.0,1.0,0.9576138076566435
0.3949946631931067,4.710570295676255,0.0,1.0,0.9610912174016802
0.37500134427992005,4.718389922602787,0.0,1.0,0.964403749981316
0.3548468950559934,4.726018578864291,0.0,1.0,0.9675556808898077
0.3345347119812305,4.733455668788071,0.0,1.0,0.9705502855695006
0.3140680915506515,4.740700721637395,0.0,1.0,0.9733887761154544
0.2934502748000063,4.7477533359884445,0.0,1.0,0.9760687470706914
0.27268450217330475,4.75461311115697,0.0,1.0,0.9785876025783614
0.2517740102904967,4.761279651526009,0.0,1.0,0.9809482838903303
0.2307219574164619,4.767752665307742,0.0,1.0,0.983151228626712
0.20953142844915645,4.774031957933627,0.0,1.0,0.9851969158687993
0.18820550546146436,4.780117338578659,0.0,1.0,0.9870880964042219
0.16674726985859026,4.786008617302884,0.0,1.0,0.9888277687854798
0.14515976131984748,4.791705659476153,0.0,1.0,0.9904169762076178
0.12344595387362463,4.797208417492003,0.0,1.0,0.9918562634211177
0.1016088157853067,4.802516851383123,0.0,1.0,0.9931478763929629
0.07965131527404276,4.807630921251555,0.0,1.0,0.9942944952602544
0.05757639052911519,4.812550632237762,0.0,1.0,0.9952965358967655
0.035386898025710704,4.817276112036011,0.0,1.0,0.9961531195119077
0.013085680470904127,4.821807508989818,0.0,1.0,0.9968652708151445
-0.009324419428232233,4.826144971442696,0.0,1.0,0.9974354443452443
-0.031840572958783134,4.830288666979971,0.0,1.0,0.9978646217936212
-0.05446001992894553,4.834238857402683,0.0,1.0,0.9981523823409842
-0.07718002108585778,4.837995833302674,0.0,1.0,0.9982995748446715
-0.09999783718189725,4.84155988527899,0.0,1.0,0.9983085421524871
-0.12291073265976951,4.844931310745572,0.0,1.0,0.9981807104806079
-0.14591600570745525,4.848110469433516,0.0,1.0,0.9980071437580369
-0.16901097260226994,4.851097754479348,0.0,1.0,0.9978273970293499
-0.19219294979370227,4.853893559337547,0.0,1.0,0.9976419569706753
-0.21545925537110044,4.856498280386829,0.0,1.0,0.9974510607091913
-0.23880723920154115,4.858912370672767,0.0,1.0,0.9972546822697229
-0.26223427994349285,4.861136334582508,0.0,1.0,0.9970530407902787
-0.28573775729620177,4.863170678359113,0.0,1.0,0.9968467071469904
-0.3093150512035585,4.865015908458203,0.0,1.0,0.996636078375497
-0.33296355557451945,4.8666725434681855,0.0,1.0,0.9964211924316071
-0.3566806855631698,4.868141120435147,0.0,1.0,0.9962021897912431
-0.3804638581050775,4.8694221779529245,0.0,1.0,0.995979544023822
-0.4043104901426256,4.870516254648541,0.0,1.0,0.9957536566333564
-0.428218002075946,4.871423906005376,0.0,1.0,0.9955245806833306
-0.4521838233783669,4.872145731738163,0.0,1.0,0.9952923599305015
-0.4762053849934436,4.872682338728909,0.0,1.0,0.9950573484451273
-0.5002801178647243,4.873034333859618,0.0,1.0,0.9948199479715332
-0.5244054581690776,4.873202320406515,0.0,1.0,0.9945802601401542
-0.5485788667508847,4.873186884649789,0.0,1.0,0.9943383194371567
-0.572797811715736,4.8729886078666205,0.0,1.0,0.9940945141130593
-0.5970597611702328,4.8726080713334925,0.0,1.0,0.9938493863771396
-0.6213621838838698,4.872045856571144,0.0,1.0,0.9936031347120684
-0.6457025544364521,4.871302547241195,0.0,1.0,0.9933557210039062
-0.6700783504167751,4.8703787281139705,0.0,1.0,0.993107299384886
-0.6944870494390233,4.869274983969155,0.0,1.0,0.9928581983183861
-0.7189261286516776,4.867991898229204,0.0,1.0,0.992608564192737
-0.7433930566578075,4.866530029412428,0.0,1.0,0.9923583498337417
-0.7678852945690122,4.864889914204475,0.0,1.0,0.9921076859975411
-0.7924003032431126,4.863072088551408,0.0,1.0,0.9918569507071424
-0.8169355436953478,4.861077087821141,0.0,1.0,0.9916063824259573
-0.8414884851783996,4.858905417127726,0.0,1.0,0.9913559530111976
-0.8660566090631566,4.856557537078336,0.0,1.0,0.9911056940637154
-0.890637397690526,4.854033904717563,0.0,1.0,0.9908558538048666
-0.9152283334068083,4.851334977037671,0.0,1.0,0.9906066291569368
-0.9398269007522845,4.848461189757388,0.0,1.0,0.99035798632909
-0.9644305898199884,4.84541292475413,0.0,1.0,0.9901098862061319
-0.9890368915680636,4.842190555516868,0.0,1.0,0.9898624904442951
-1.0136432969546612,4.838794455534569,0.0,1.0,0.9896159831359964
-1.038247295092076,4.8352249863997425,0.0,1.0,0.9893703452005199
-1.0628463667162267,4.831482455719428,0.0,1.0,0.9891254886908241
-1.0874379901881976,4.827567155794927,0.0,1.0,0.9888814836115749
-1.1120196438689085,4.823479378926533,0.0,1.0,0.9886384692623756
-1.1365888084158635,4.819219409935799,0.0,1.0,0.9883964275709796
-1.1611429837899048,4.814787470783393,0.0,1.0,0.988155242500177
-1.1856796796078266,4.810183751985601,0.0,1.0,0.9879149345007158
-1.2101964055581518,4.805408443825139,0.0,1.0,0.9876756380482467
-1.2346906717918444,4.8004617338808,0.0,1.0,0.9874373603760265
-1.2591599965042493,4.795343762696375,0.0,1.0,0.9871999678360079
-1.2836019047141933,4.7900546309190934,0.0,1.0,0.9869633758185731
-1.308013921656705,4.784594437932097,0.0,1.0,0.9867275846242459
-1.3323935725344356,4.778963282314196,0.0,1.0,0.9864925395431976
-1.3567383809921594,4.773161223931501,0.0,1.0,0.9862580893852138
-1.3810458684582008,4.767188267572527,0.0,1.0,0.9860241357463485
-1.4053135561916505,4.761044413820403,0.0,1.0,0.9857907078190943
-1.4295389654809112,4.7547296632026885,0.0,1.0,0.985557806491987
-1.4537196273365185,4.748243997815759,0.0,1.0,0.9853252977971902
-1.4778530965064456,4.7415873547546585,0.0,1.0,0.9850930232984676
-1.5019369312935749,4.734759664375046,0.0,1.0,0.9848608978726482
-1.5259686900007905,4.727760857032583,0.0,1.0,0.9846288458236512
-1.5499459322607767,4.720590851682894,0.0,1.0,0.984394767333656
-1.5738662235163299,4.713249517472887,0.0,1.0,0.9841571241966053
-1.5977271307966383,4.7057367099498135,0.0,1.0,0.9839158621285322
-1.621526221130923,4.698052284660609,0.0,1.0,0.9836709260188151
-1.6452610641159489,4.690196094056934,0.0,1.0,0.983422259917579
-1.6689292500526298,4.682167965630804,0.0,1.0,0.9831698070229223
-1.6925283792438222,4.673967714816504,0.0,1.0,0.9829135096679426
-1.7160560520572898,4.665595156970072,0.0,1.0,0.9826533093075552
-1.7395098701728777,4.657050107335307,0.0,1.0,0.9823891465051321
-1.7628874569308324,4.648332379302947,0.0,1.0,0.982120960918916
-1.7861864534476668,4.6394417847429805,0.0,1.0,0.9818486912882403
-1.8094045013656122,4.630378135480413,0.0,1.0,0.9815722754195327
-1.832539242576159,4.621141243191909,0.0,1.0,0.9812916501721142
-1.8555883300386942,4.61173091296656,0.0,1.0,0.9810067514437708
-1.8785494319427336,4.602146940828559,0.0,1.0,0.9807175141561124
-1.901420217586171,4.592389122142405,0.0,1.0,0.9804238722397076
-1.924198356311193,4.582457252323264,0.0,1.0,0.9801257586189929
-1.9468815296458337,4.572351140724775,0.0,1.0,0.9798231051969474
-1.9694674478265588,4.562070629538004,0.0,1.0,0.9795158428395402
-1.9919538252213596,4.551615565679762,0.0,1.0,0.9792039013599394
-2.014338376198228,4.540985796066859,0.0,1.0,0.9788872095024768
-2.0366188235653264,4.530181173725497,0.0,1.0,0.9785656949263724
-2.0587929256376887,4.519201577383388,0.0,1.0,0.9782392841892104
-2.0808584500659473,4.508046892525791,0.0,1.0,0.9779079027301629
-2.1028131645007746,4.496717004637987,0.0,1.0,0.9775714748529576
-2.124654840351205,4.485211807363556,0.0,1.0,0.9772299237085857
-2.146381278113286,4.4735312574854955,0.0,1.0,0.9768831712777524
-2.167990291850994,4.461675341238787,0.0,1.0,0.9765311383530481
-2.1894796957045437,4.449644045023909,0.0,1.0,0.9761737445208608
-2.210847306355208,4.437437357954344,0.0,1.0,0.975810908143006
-2.2320909803356965,4.42505531169161,0.0,1.0,0.9754425463380769
-2.25320860581998,4.412497971679549,0.0,1.0,0.9750685749625148
-2.27419807185362,4.399765404292561,0.0,1.0,0.9746889085913851
-2.2950572681642303,4.386857677377404,0.0,1.0,0.9743034604988682
-2.315784112501847,4.373774919273146,0.0,1.0,0.9739121426384456
-2.3363765599156046,4.360517338836815,0.0,1.0,0.973514865622787
-2.3568325680397124,4.347085150505891,0.0,1.0,0.9731115387033368
-2.377150094596632,4.333478568885909,0.0,1.0,0.9727020697495807
-2.397327117722829,4.319697847460659,0.0,1.0,0.9722863652280007
-2.41736166196886,4.3057433281090445,0.0,1.0,0.9718643301807118
-2.4372517583021347,4.2916153649307995,0.0,1.0,0.971435868203768
-2.4569954376900585,4.277314312025662,0.0,1.0,0.9710008814251458
-2.4765907491584387,4.262840545934978,0.0,1.0,0.9705837631912853
-2.496035814882938,4.248194534105237,0.0,1.0,0.9702208357642225
-2.5153287755586544,4.23337676699749,0.0,1.0,0.9699113352794522
-2.5344677718806867,4.218387735072781,0.0,1.0,0.96965599975924
-2.5534509495131954,4.203227946560179,0.0,1.0,0.9694541616490184
-2.5722764910436777,4.187898041716435,0.0,1.0,0.9693031339185424
-2.5909425956869025,4.17239872025286,0.0,1.0,0.9692012583557076
-2.609447462737755,4.156730682167246,0.0,1.0,0.9691489713475219
-2.6277892965228316,4.140894632167633,0.0,1.0,0.9691460449747409
-2.645966376407937,4.124891345207273,0.0,1.0,0.9691900781696987
-2.6639770393966296,4.108721650194874,0.0,1.0,0.9692789151338468
-2.681819623967755,4.092386377420183,0.0,1.0,0.96941247562923
-2.6994924694397535,4.075886359293437,0.0,1.0,0.9695906124149138
-2.7169939471312103,4.059222509045,0.0,1.0,0.9698109552647282
-2.734322469564092,4.042395843969235,0.0,1.0,0.9700707885958266
-2.7514764519775614,4.025407388223076,0.0,1.0,0.9703695448725616
-2.7684543098678285,4.008258166191233,0.0,1.0,0.9707071501217388
-2.785254509354115,3.990949247114802,0.0,1.0,0.9710809325777024
-2.8018756276573638,3.973481798680682,0.0,1.0,0.9714869034522733
-2.8183162567494824,3.955857001646402,0.0,1.0,0.9719233895705187
-2.8345749886023874,3.938076036769513,0.0,1.0,0.9723903549499003
-2.8506504277821034,3.9201401172187675,0.0,1.0,0.9728861219975569
-2.866541227977096,3.902050582580502,0.0,1.0,0.9734075675145534
-2.882246054850697,3.883808803258633,0.0,1.0,0.973953096603005
-2.8977635740662437,3.8654161496570714,0.0,1.0,0.974522725753001
-2.9130924665116105,3.8468740027523523,0.0,1.0,0.9751149660721237
-2.9282315217289567,3.8281838189755666,0.0,1.0,0.9757261693526281
-2.943179576487458,3.8093470875544186,0.0,1.0,0.9763537512584045
-2.957935467749263,3.7903652978506353,0.0,1.0,0.9769973273097297
-2.97249803579172,3.7712399465834694,0.0,1.0,0.9776558819906321
-2.986866167949012,3.751972634907158,0.0,1.0,0.9783263546742805
-3.0010387865191404,3.732565041572426,0.0,1.0,0.9790061243088145
-3.015014814629602,3.713018847170932,0.0,1.0,0.9796947043092167
-3.028793177082154,3.6933357333393384,0.0,1.0,0.9803916627116867
-3.042372858021821,3.673517418753793,0.0,1.0,0.981094661998462
-3.0557529155150966,3.653565668229022,0.0,1.0,0.981801069751051
-3.068932412262559,3.633482249472146,0.0,1.0,0.9825100914939751
-3.081910411170993,3.613268930511775,0.0,1.0,0.983221341920784
-3.0946860100899225,3.5929275338549758,0.0,1.0,0.9839322635444155
-3.107258380908284,3.57245999744201,0.0,1.0,0.9846393520063543
-3.1196267049520223,3.551868273926167,0.0,1.0,0.9853412081951384
-3.131790163547266,3.531154315960835,0.0,1.0,0.9860378812077352
-3.1437479590144557,3.5103200870462157,0.0,1.0,0.9867282383394863
-3.155499372524495,3.489367591421008,0.0,1.0,0.9874100749089224
-3.167043703756555,3.468298842886294,0.0,1.0,0.9880822999496612
-3.178380252389811,3.44711585524316,0.0,1.0,0.9887450066156676
-3.1895083304586045,3.4258206490409546,0.0,1.0,0.9893971938788717
-3.2004273347139596,3.4044152911003995,0.0,1.0,0.9900363412629667
-3.211136697441522,3.3829018676508644,0.0,1.0,0.9906607810912442
-3.2216358510485117,3.3612824649881126,0.0,1.0,0.9912704775795469
-3.231924231831999,3.3395591727835128,0.0,1.0,0.9918650253801201
-3.2420013286861287,3.317734126352008,0.0,1.0,0.9924426874532002
-3.2518666683057504,3.295809493811879,0.0,1.0,0.9930020380906719
-3.261519778214694,3.2737874440007984,0.0,1.0,0.9935430631603601
-3.270960187252559,3.251670146305159,0.0,1.0,0.9940657778118672
-3.2801874677280405,3.2294597882396996,0.0,1.0,0.99456896249976
-3.2892012443369123,3.207158579166654,0.0,1.0,0.9950512566095981
-3.2980011448938082,3.1847687297489418,0.0,1.0,0.995512542001231
-3.3065867973879373,3.1622924507188857,0.0,1.0,0.9959531192905736
-3.3149578555037533,3.139731963022415,0.0,1.0,0.9963723167861134
-3.3231140254998044,3.117089508503172,0.0,1.0,0.9967690341396996
-3.3310550200651874,3.0943673315608824,0.0,1.0,0.9971431323717534
-3.338780551889567,3.0715676765953748,0.0,1.0,0.9974950694890228
-3.346290350178669,3.048692791165327,0.0,1.0,0.997824462595214
-3.3535842038730244,3.025744934254187,0.0,1.0,0.9981302255915181
-3.360661915413496,3.002726367427458,0.0,1.0,0.9984120487389917
-3.367523287240944,2.9796393522506444,0.0,1.0,0.9986704822413727
-3.3741681270421053,2.956486151345132,0.0,1.0,0.998905771461146
-3.380596277072606,2.9332690342902965,0.0,1.0,0.9991176368662855
-3.3868075935782125,2.909990273481428,0.0,1.0,0.9993061320584865
-3.3928019328441805,2.8866521413217656,0.0,1.0,0.9994718980323621
-3.3985791543979906,2.863256909991755,0.0,1.0,0.9996152477011873
-3.404139159563655,2.8398068487997477,0.0,1.0,0.9997357070415238
-3.4094818787175702,2.8163042250577375,0.0,1.0,0.9998329711175549
-3.4146072428233674,2.7927513060373568,0.0,1.0,0.9999075574676076
-3.4195151835250037,2.7691503585807036,0.0,1.0,0.9999601290574218
-3.4242056534606005,2.7455036362747705,0.0,1.0,0.99999089454438
-3.4286786297481315,2.7218133772506867,0.0,1.0,1.0
-3.432934090888197,2.69808181876663,0.0,1.0,1.0
-3.4369720154936694,2.674311198039364,0.0,1.0,1.0
-3.440792396651906,2.6505037469469404,0.0,1.0,1.0
-3.4443952560533013,2.6266616868175547,0.0,1.0,1.0
-3.4477806187441993,2.6027872377416172,0.0,1.0,1.0
-3.4509485097715733,2.5788826198088657,0.0,1.0,1.0
-3.453898961439337,2.554950045407598,0.0,1.0,1.0
-3.4566320313289456,2.5309917001002886,0.0,1.0,1.0
-3.459147782522111,2.5070097636122517,0.0,1.0,1.0
-3.461446278100548,2.4830064156688096,0.0,1.0,1.0
-3.463527584532006,2.4589838321071817,0.0,1.0,1.0
-3.4653917897342468,2.4349441641341105,0.0,1.0,1.0
-3.467038989999004,2.4108895533407386,0.0,1.0,1.0
-3.468469281637175,2.3868221412961943,0.0,1.0,1.0
-3.469682763234419,2.3627440683776615,0.0,1.0,1.0
-3.470679561355568,2.338657460301509,0.0,1.0,1.0
-3.471459821373209,2.3145644329290245,0.0,1.0,1.0
-3.4720236890092147,2.290467101938479,0.0,1.0,1.0
-3.4723713102290468,2.2663675822796088,0.0,1.0,1.0
-3.472502838033533,2.242267967860768,0.0,1.0,1.0
-3.4724184333609713,2.218170328850918,0.0,1.0,1.0
-3.4721182575744893,2.194076734148424,0.0,1.0,1.0
-3.4716024721741614,2.1699892524900037,0.0,1.0,1.0
-3.4708712542398006,2.14590993422191,0.0,1.0,1.0
-3.4699248105907485,2.1218407945855886,0.0,1.0,1.0
-3.4687633513919494,2.0977838448733053,0.0,1.0,1.0
-3.467387086809188,2.0737410963760596,0.0,1.0,1.0
-3.4657962319260704,2.0497145530006966,0.0,1.0,1.0
-3.4639910183255465,2.0257061938801337,0.0,1.0,1.0
-3.4619716810468746,2.0017179929576083,0.0,1.0,1.0
-3.459738455129316,1.9777519241763497,0.0,1.0,1.0
-3.457291579503626,1.9538099570762075,0.0,1.0,1.0
-3.454631316805031,1.929894034374452,0.0,1.0,1.0
-3.4517579385938864,1.906006088689207,0.0,1.0,1.0
-3.4486717164467806,1.8821480526202357,0.0,1.0,1.0
-3.44537292407354,1.8583218562095571,0.0,1.0,1.0
-3.4418618602366866,1.834529399461201,0.0,1.0,1.0
-3.438138839983111,1.8107725628543723,0.0,1.0,1.0
-3.434204178636606,1.7870532265362584,0.0,1.0,1.0
-3.4300581920574156,1.763373270278002,0.0,1.0,1.0
-3.4257012106336604,1.7397345636664598,0.0,1.0,1.0
-3.421133580613234,1.7161389651705405,0.0,1.0,1.0
-3.41635564904749,1.6925883326959141,0.0,1.0,1.0
-3.411367763183404,1.669084523969053,0.0,1.0,1.0
-3.406170290039142,1.6456293786050193,0.0,1.0,1.0
-3.400763633095129,1.6222247028175956,0.0,1.0,1.0
-3.3951481997629114,1.598872299219464,0.0,1.0,1.0
-3.389324397456693,1.5755739704212781,0.0,1.0,1.0
-3.383292642563971,1.5523315122019046,0.0,1.0,1.0
-3.377053380473726,1.5291466982600321,0.0,1.0,1.0
-3.370607062423149,1.506021297841825,0.0,1.0,1.0
-3.3639541396494304,1.4829570801934508,0.0,1.0,1.0
-3.3570950670108344,1.459955810167102,0.0,1.0,1.0
-3.3500303205799766,1.4370192268724986,0.0,1.0,1.0
-3.342760384131556,1.4141490600733138,0.0,1.0,1.0
-3.3352857414511337,1.3913470395200296,0.0,1.0,1.0
-3.327606881616304,1.3686148931407063,0.0,1.0,1.0
-3.3197243530861735,1.3459543284141153,0.0,1.0,1.0
-3.3116387416389714,1.3233670399673954,0.0,1.0,1.0
-3.3033506336318443,1.300854722228326,0.0,1.0,1.0
-3.2948606152778503,1.2784190687321078,0.0,1.0,1.0
-3.2861692691246045,1.256061750308341,0.0,1.0,1.0
-3.2772771738477715,1.2337844138017582,0.0,1.0,1.0
-3.268184907937579,1.2115887049084202,0.0,1.0,1.0
-3.2588930502199807,1.1894762691772391,0.0,1.0,1.0
-3.2494022098485957,1.1674487388637098,0.0,1.0,1.0
-3.2397130500219538,1.1455077225340267,0.0,1.0,1.0
-3.229826239520005,1.123654826307902,0.0,1.0,1.0
-3.219742447128065,1.1018916562999865,0.0,1.0,1.0
-3.2094623531273445,1.0802198077667973,0.0,1.0,1.0
-3.1989866735967483,1.0586408421531386,0.0,1.0,1.0
-3.1883161315632362,1.0371563143412266,0.0,1.0,1.0
-3.177451450053767,1.0157677792132738,0.0,1.0,1.0
-3.1663933578512373,0.9944767832904445,0.0,1.0,1.0
-3.155142616178327,0.9732848259719389,0.0,1.0,1.0
-3.1436999976121296,0.9521933901635615,0.0,1.0,1.0
-3.1320662747418027,0.9312039587535998,0.0,1.0,1.0
-3.1202422243815398,0.9103180121930873,0.0,1.0,1.0
-3.1082286686721656,0.8895370047860098,0.0,1.0,1.0
-3.096026457293209,0.8688623749504043,0.0,1.0,1.0
-3.0836364403123446,0.8482955608804051,0.0,1.0,1.0
-3.071059468844515,0.827837999111976,0.0,1.0,1.0
-3.05829641906954,0.8074910864950217,0.0,1.0,1.0
-3.0453481927876678,0.7872561793137829,0.0,1.0,1.0
-3.0322156929575357,0.767134632018374,0.0,1.0,1.0
-3.0188998228316066,0.747127798762628,0.0,1.0,1.0
-3.005401509516208,0.7272370096469598,0.0,1.0,1.0
-2.9917217211990597,0.7074635533467117,0.0,1.0,1.0
-2.977861430129717,0.6878087144414208,0.0,1.0,1.0
-2.9638216085731264,0.6682737774962126,0.0,1.0,1.0
-2.949603251227057,0.6488600060850462,0.0,1.0,1.0
-2.9352074201047444,0.6295686007924636,0.0,1.0,1.0
-2.920635189793271,0.6104007504372198,0.0,1.0,1.0
-2.905887634879724,0.5913576438380762,0.0,1.0,1.0
-2.8909658397904883,0.5724404572099785,0.0,1.0,1.0
-2.8758709423072477,0.5536502984215758,0.0,1.0,1.0
-2.860604098212392,0.5349882522832295,0.0,1.0,1.0
-2.84516646330219,0.5164554035875223,0.0,1.0,1.0
-2.829559196469008,0.49805283083516017,0.0,1.0,1.0
-2.813783488380928,0.47978154795228023,0.0,1.0,1.0
-2.797840548367169,0.46164253094188695,0.0,1.0,1.0
-2.7817315859948737,0.44363675532347446,0.0,1.0,1.0
-2.7654578133150687,0.4257651941992034,0.0,1.0,1.0
-2.7490204983965403,0.4080287661543945,0.0,1.0,1.0
-2.7324209647151667,0.3904283358518101,0.0,1.0,1.0
-2.7156605381085748,0.3729647656557464,0.0,1.0,1.0
-2.6987405448478445,0.3556389173627654,0.0,1.0,1.0
-2.6816623429861863,0.33845161114100736,0.0,1.0,1.0
-2.664427343482476,0.3214035978624837,0.0,1.0,1.0
-2.647036962300793,0.3044956218433525,0.0,1.0,1.0
-2.6294926154292564,0.2877284273710265,0.0,1.0,1.0
-2.6117957439248958,0.27110272875305846,0.0,1.0,1.0
-2.593947861349157,0.25461915358911485,0.0,1.0,1.0
-2.5759504942949807,0.23827831389454343,0.0,1.0,1.0
-2.557805169355296,0.22208082168468604,0.0,1.0,1.0
-2.539513426828142,0.20602727368747406,0.0,1.0,1.0
-2.5210768785301045,0.1901181868551856,0.0,1.0,1.0
-2.50249715953058,0.1743540522026574,0.0,1.0,1.0
-2.4837759049113903,0.158735360730876,0.0,1.0,1.0
-2.464914757570383,0.14326259467838856,0.0,1.0,1.0
-2.445915437190086,0.12793615020159013,0.0,1.0,1.0
-2.4267797070352124,0.11275637459754269,0.0,1.0,1.0
-2.4075093308706985,0.09772361460251065,0.0,1.0,1.0
-2.3881060745601674,0.08283821390739456,0.0,1.0,1.0
-2.368571748630772,0.06810045139246405,0.0,1.0,1.0
-2.3489082063571365,0.05351054390772792,0.0,1.0,1.0
-2.3291173027291268,0.03906870581423247,0.0,1.0,1.0
-2.309200893735299,0.024775150872266127,0.0,1.0,1.0
-2.2891609018026013,0.010630052875887084,0.0,1.0,1.0
-2.2689993562707373,-0.003366478694541691,0.0,1.0,1.0
-2.2487182961517824,-0.017214340177105034,0.0,1.0,1.0
-2.228319760489299,-0.03091342794975382,0.0,1.0,1.0
-2.207805812775237,-0.04446366934289629,0.0,1.0,1.0
-2.187178584666265,-0.0578650779857543,0.0,1.0,1.0
-2.1664402196056076,-0.07111768242971492,0.0,1.0,1.0
-2.145592861036488,-0.08422151122616534,0.0,1.0,1.0
-2.1246386740150665,-0.09717660615306191,0.0,1.0,1.0
-2.103579932149168,-0.10998307541920645,0.0,1.0,1.0
-2.0824189430530673,-0.12264104804449048,0.0,1.0,1.0
-2.0611580143528787,-0.1351506530560483,0.0,1.0,1.0
-2.0397994634186922,-0.1475120270518778,0.0,1.0,1.0
-2.018345699298856,-0.15972537786207372,0.0,1.0,1.0
-1.9967991813255397,-0.17179095238619463,0.0,1.0,1.0
-1.9751623693477183,-0.1837089979253601,0.0,1.0,1.0
-1.953437727180119,-0.19547976369021766,0.0,1.0,1.0
-1.9316277983875674,-0.2071035372915503,0.0,1.0,1.0
-1.9097352003934915,-0.2185806419034874,0.0,1.0,1.0
-1.8877625534065945,-0.22991140204127797,0.0,1.0,1.0
-1.8657124786401122,-0.24109614275860283,0.0,1.0,1.0
-1.8435876581918889,-0.25213522174300945,0.0,1.0,1.0
-1.8213908688846683,-0.26302904745415306,0.0,1.0,1.0
-1.799124895731055,-0.27377803274142004,0.0,1.0,1.0
-1.7767925238273599,-0.28438259047924946,0.0,1.0,1.0
-1.7543965882093218,-0.2948431484925808,0.0,1.0,1.0
-1.731940058164036,-0.3051601747975216,0.0,1.0,1.0
-1.7094259253069017,-0.3153341440946606,0.0,1.0,1.0
-1.6868571812533149,-0.32536553108458766,0.0,1.0,1.0
-1.664236841895565,-0.3352548213224319,0.0,1.0,1.0
-1.6415680404956046,-0.34500255284098413,0.0,1.0,1.0
-1.6188539457377698,-0.35460927951088705,0.0,1.0,1.0
-1.5960977263137859,-0.36407555520608714,0.0,1.0,1.0
-1.5733025667744132,-0.3734019365070995,0.0,1.0,1.0
-1.5504717946485944,-0.3825890043956733,0.0,1.0,1.0
-1.5276088132342256,-0.39163735278459977,0.0,1.0,1.0
-1.5047170265224925,-0.40054757570498817,0.0,1.0,1.0
-1.4817998446389515,-0.409320268488063,0.0,1.0,1.0
-1.4588607944251002,-0.4179560512017637,0.0,1.0,1.0
-1.435903507315612,-0.4264555660814461,0.0,1.0,1.0
-1.4129316184458218,-0.43481945614678674,0.0,1.0,1.0
-1.389948764753233,-0.4430483646862214,0.0,1.0,1.0
-1.3669586830700318,-0.4511429498856566,0.0,1.0,1.0
-1.3439652605068686,-0.45910389234229376,0.0,1.0,1.0
-1.3209723965831193,-0.4669318745038659,0.0,1.0,1.0
-1.2979839909619935,-0.47462757884671736,0.0,1.0,1.0
-1.275004010991684,-0.48219170130941214,0.0,1.0,1.0
-1.2520365994968534,-0.48962497273194805,0.0,1.0,1.0
-1.2290859273673944,-0.49692812953636406,0.0,1.0,1.0
-1.2061561654932087,-0.5041019081446978,0.0,1.0,1.0
-1.1832515267187564,-0.5111470517969547,0.0,1.0,1.0
-1.1603764191548678,-0.5180643354655515,0.0,1.0,1.0
-1.1375353076775223,-0.5248545433477134,0.0,1.0,1.0
-1.114732657168977,-0.5315184596416875,0.0,1.0,1.0
-1.0919729550956498,-0.5380568716691322,0.0,1.0,1.0
-1.0692608841180697,-0.5444705937472719,0.0,1.0,1.0
-1.0466012268225093,-0.5507604540131715,0.0,1.0,1.0
-1.023998766603967,-0.5569272807157438,0.0,1.0,1.0
-1.0014582964496939,-0.5629719041191286,0.0,1.0,1.0
-0.9789847822315388,-0.5688951908086018,0.0,1.0,1.0
-0.9565833397275375,-0.5746980388630734,0.0,1.0,1.0
-0.934259089682985,-0.5803813474050172,0.0,1.0,1.0
-0.9120171552175678,-0.5859460159949869,0.0,1.0,1.0
-0.8898627802410338,-0.591392966479459,0.0,1.0,1.0
-0.8678013843871324,-0.5967231531262146,0.0,1.0,1.0
-0.8458384011370599,-0.6019375327579097,0.0,1.0,1.0
-0.8239792641860627,-0.6070370622372293,0.0,1.0,1.0
-0.8022294883875407,-0.6120227136045876,0.0,1.0,1.0
-0.780594791548612,-0.6168954968556235,0.0,1.0,1.0
-0.7590809226834295,-0.6216564278221384,0.0,1.0,1.0
-0.7376936308061475,-0.6263065223359323,0.0,1.0,1.0
-0.7164387104390705,-0.630846810463409,0.0,1.0,1.0
-0.695322160023967,-0.6352783860554285,0.0,1.0,1.0
-0.6743500350964902,-0.6396023608213804,0.0,1.0,1.0
-0.6535283911950489,-0.6438198464715198,0.0,1.0,1.0
-0.6328633035357533,-0.6479319582420876,0.0,1.0,1.0
-0.6123610104527181,-0.6519398405979451,0.0,1.0,1.0
-0.5920278309344378,-0.6558446524561655,0.0,1.0,1.0
-0.571870084542639,-0.6596475528365363,0.0,1.0,1.0
-0.5518940968456532,-0.6633497034484407,0.0,1.0,1.0
-0.5321062960790036,-0.6669523119727803,0.0,1.0,1.0
-0.5125131966109275,-0.6704566246582966,0.0,1.0,1.0
-0.49312131547737903,-0.6738638889482621,0.0,1.0,1.0
-0.4739371711530165,-0.677175352733141,0.0,1.0,1.0
-0.45496734950100454,-0.6803922848498746,0.0,1.0,1.0
-0.43621853119910775,-0.6835159836067726,0.0,1.0,1.0
-0.4176974040502666,-0.6865477495268746,0.0,1.0,1.0
-0.39941065589790437,-0.6894888831767083,0.0,1.0,1.0
-0.3813649871807377,-0.6923406986523977,0.0,1.0,1.0
-0.3635671287251739,-0.6951045426919036,0.0,1.0,1.0
-0.3460238158486153,-0.6977817668573185,0.0,1.0,1.0
-0.32874178386846425,-0.7003737227107345,0.0,1.0,1.0
-0.31172776225386034,-0.7028817648179468,0.0,1.0,1.0
-0.2949884552423569,-0.7053072607038527,0.0,1.0,1.0
-0.27853056026840817,-0.7076515813874603,0.0,1.0,1.0
-0.2623607747663691,-0.7099160978878296,0.0,1.0,1.0
-0.24648578431859514,-0.7121021820399714,0.0,1.0,1.0
-0.23091218023902774,-0.7142112121688045,0.0,1.0,1.0
-0.2156465088293081,-0.7162445696981178,0.0,1.0,1.0
-0.20069531611239305,-0.7182036360708874,0.0,1.0,1.0
-0.1860651389744828,-0.7200897916935888,0.0,1.0,1.0
-0.17176236604180892,-0.7219044001536643,0.0,1.0,1.0
-0.15779326559988327,-0.7236488113867628,0.0,1.0,1.0
-0.1441641024576209,-0.7253243749341372,0.0,1.0,1.0
-0.13088113767468296,-0.7269324396854826,0.0,1.0,1.0
-0.11795047013053338,-0.7284743263462456,0.0,1.0,1.0
-0.1053779779972405,-0.7299513172665603,0.0,1.0,1.0
-0.09316952364268541,-0.7313646920500537,0.0,1.0,1.0
-0.08133096887463673,-0.7327157302187401,0.0,1.0,1.0
-0.06986803028356346,-0.7340056901357326,0.0,1.0,1.0
-0.05878608638041146,-0.7352357809042278,0.0,1.0,1.0
-0.048090467666812534,-0.7364072046322206,0.0,1.0,1.0
-0.03778650464439738,-0.7375211634277061,0.0,1.0,1.0
-0.027879420944134245,-0.738578834405878,0.0,1.0,1.0
-0.01837399623792578,-0.7395812908575533,0.0,1.0,1.0
-0.009274894931282286,-0.7405295791173213,0.0,1.0,1.0
-0.0005867814294917041,-0.7414247455197195,0.0,1.0,1.0
0.0076857445451065645,-0.7422678245186886,0.0,1.0,1.0
0.015538577105174887,-0.7430597598633581,0.0,1.0,1.0
0.02296783803398432,-0.7438014534856133,0.0,1.0,1.0
0.029969650331624784,-0.7444938070938407,0.0,1.0,1.0
0.03654016490749692,-0.7451377154567034,0.0,1.0,1.0
0.0426759630463841,-0.7457339663288937,0.0,1.0,1.0
0.04837396399168918,-0.7462832634308046,0.0,1.0,1.0
0.05363109607353345,-0.7467863082233928,0.0,1.0,1.0
0.0584443002839201,-0.7472437994177212,0.0,1.0,1.0
0.06281102483213731,-0.7476563255679564,0.0,1.0,1.0
0.06672938562417534,-0.7480243302186242,0.0,1.0,1.0
0.07019754408601972,-0.7483482470282665,0.0,1.0,1.0
0.0732136616436556,-0.7486285096554262,0.0,1.0,1.0
0.0757758997230681,-0.7488655517586458,0.0,1.0,1.0
0.07788241975024252,-0.7490598069964682,0.0,1.0,1.0
0.07953138315116351,-0.7492117090274354,0.0,1.0,1.0
0.08072095135181645,-0.7493216915100908,0.0,1.0,1.0
