0.12036627053853274,0.01765008722100548,0.0,1.0,0.8728669187781961
0.12424325695722299,0.017132837382356186,0.0,1.0,0.8725806362987976
0.12959543587294464,0.016413348032329116,0.0,1.0,0.8730726376017126
0.13637311744219827,0.015506551758855057,0.0,1.0,0.8748637852997254
0.14452661182148427,0.01442738114986478,0.0,1.0,0.8769347116686725
0.15400622916730322,0.013190768793289084,0.0,1.0,0.8785410654773286
0.1647622796361555,0.011811647277058747,0.0,1.0,0.8803569361814755
0.17674507338454157,0.010304949189104554,0.0,1.0,0.8832046051552614
0.18990492056896205,0.008685607117357292,0.0,1.0,0.8866310880747409
0.20419208962929225,0.0069685670406206745,0.0,1.0,0.8897883097619266
0.21955286216286243,0.005170054698508745,0.0,1.0,0.8927423795767534
0.23592629035163667,0.0033086164445958475,0.0,1.0,0.8960924848292291
0.25325066322428663,0.0014030436016680462,0.0,1.0,0.8998991497751412
0.27146426980948407,-0.0005278725074885951,0.0,1.0,0.9036350076874224
0.2905064335928071,-0.002465697655798111,0.0,1.0,0.9070693600470163
0.3103218615240381,-0.0043938559942003925,0.0,1.0,0.9104282808580227
0.33085700625636005,-0.006296374292450653,0.0,1.0,0.9138840249628922
0.35205832134944665,-0.008157279633225859,0.0,1.0,0.91729228305126
0.3738725819423947,-0.00996073962604949,0.0,1.0,0.9204901976706088
0.39625246905527917,-0.01169350268870083,0.0,1.0,0.92346534240374
0.4191558439351287,-0.013344580943991267,0.0,1.0,0.9262491622887334
0.4425407434952055,-0.014903063279040184,0.0,1.0,0.9288842171606572
0.46636521657052293,-0.016358045146078134,0.0,1.0,0.9313942325160957
0.4905902817680915,-0.01770025740172085,0.0,1.0,0.9337505114864673
0.5151838153144774,-0.01892420728040102,0.0,1.0,0.9358840595108033
0.5401146583166783,-0.020024933360266926,0.0,1.0,0.937813724844881
0.5653516518816911,-0.020997474219466856,0.0,1.0,0.9396483866312177
0.590864240892145,-0.021837334613882285,0.0,1.0,0.9414286334293123
0.6166259867196234,-0.022543197658022686,0.0,1.0,0.9430712089244345
0.6426121686337708,-0.02311507286279652,0.0,1.0,0.9445266283363611
0.6687980716278433,-0.02355297415833699,0.0,1.0,0.945892744846423
0.6951590372487972,-0.023856966955827143,0.0,1.0,0.9472613943705276
0.7216719659916835,-0.024028535782866848,0.0,1.0,0.9485903717840103
0.7483154758676839,-0.024070728628562077,0.0,1.0,0.9497997074988358
0.775068273248602,-0.023986673917031246,0.0,1.0,0.9509251268696998
0.801909065045387,-0.023779500280593713,0.0,1.0,0.9520634449378444
0.8288172651395465,-0.023452609361226767,0.0,1.0,0.9532051087923984
0.8557743853967783,-0.023010212976011336,0.0,1.0,0.9542239750520003
0.8827623250511426,-0.022456672531431396,0.0,1.0,0.9550782977741837
0.9097629833366978,-0.02179634943397089,0.0,1.0,0.9558869296709772
0.9367585910172764,-0.021033593991590032,0.0,1.0,0.9567161577504202
0.9637343829743387,-0.020172655944295518,0.0,1.0,0.9574414766134076
0.9906771926363448,-0.019217731518010955,0.0,1.0,0.9579352447762974
1.0175738682677329,-0.01817301644200034,0.0,1.0,0.9582878286766074
1.0444113161720165,-0.017042699496511854,0.0,1.0,0.9586353866016046
1.0711790625442341,-0.015830655782311485,0.0,1.0,0.9589125923367432
1.097870263624137,-0.014540325775091444,0.0,1.0,0.9589467005371114
1.124478342480617,-0.013175118003104338,0.0,1.0,0.9587467003847765
1.15099672218498,-0.011738440994251266,0.0,1.0,0.9584799319440429
1.1774199428446024,-0.01023354073706717,0.0,1.0,0.9581811115285878
1.203746840547874,-0.008663038114013493,0.0,1.0,0.9576974744951491
1.2299772839836483,-0.007029403754368687,0.0,1.0,0.9569508322976613
1.2561111418407782,-0.005335108287411256,0.0,1.0,0.9560771129625261
1.2821484856871233,-0.0035825860039106444,0.0,1.0,0.9551777869936403
1.3080918880578534,-0.0017738232358989307,0.0,1.0,0.9541201121028468
1.333945605362559,8.949529039706928e-05,0.0,1.0,0.9527425088995212
1.3597139254121782,0.00200569047317726,0.0,1.0,0.951138649428581
1.3854011420211463,0.0039730863151546175,0.0,1.0,0.9494824052228709
1.4110120610810672,0.005990271623017393,0.0,1.0,0.9476846041977871
1.436552384600125,0.008056298600862054,0.0,1.0,0.9454693540196017
1.4620279050212674,0.010170266218168607,0.0,1.0,0.9428253489518816
1.4874444147874433,0.012331273444417104,0.0,1.0,0.9400268296886
1.5128075725478953,0.014538512024274823,0.0,1.0,0.9371255971421326
1.5381223678012284,0.01679163770462399,0.0,1.0,0.9337389659957988
1.5633935812800632,0.019090450994786772,0.0,1.0,0.9296264093791958
1.5886259936480331,0.02143475245192307,0.0,1.0,0.925125762813147
1.6138243284824298,0.023824362756815817,0.0,1.0,0.9205391329961015
1.6389923175589127,0.026259452212275772,0.0,1.0,0.9155397721122875
1.6641328520223733,0.02874048745358875,0.0,1.0,0.9096480205044429
1.6892487964249656,0.03126794449030177,0.0,1.0,0.903059185916922
1.7143430131854445,0.03384230018333272,0.0,1.0,0.8962783425438272
1.7394179174331088,0.03646420989260946,0.0,1.0,0.8892660450758221
1.7644749287752302,0.03913472625926757,0.0,1.0,0.8815291556858769
1.789515332495744,0.0418549555286175,0.0,1.0,0.8729643288004042
1.8145404138785861,0.0446260039459697,0.0,1.0,0.8640330554840288
1.8395513861161872,0.04744906128540306,0.0,1.0,0.8549777387514641
1.864548990744062,0.05032586380591887,0.0,1.0,0.8455409230314043
1.8895337796600047,0.05325836749011914,0.0,1.0,0.83549488116385
1.914506304245887,0.05624852891838079,0.0,1.0,0.8250391613390413
1.939467108807846,0.059298328500531856,0.0,1.0,0.8144319216364131
1.964416554974605,0.062410361862244274,0.0,1.0,0.8037294048146486
1.9893548098837608,0.06558787963091701,0.0,1.0,0.7929281165639677
2.0142820312315277,0.06883416423037361,0.0,1.0,0.7819986777648575
2.0391983765278927,0.07215249856396558,0.0,1.0,0.7709186304630296
2.064103828338971,0.07554661600834674,0.0,1.0,0.759805251916885
2.088997869546254,0.0790215366076368,0.0,1.0,0.7489744407960482
2.113879894394935,0.08258250864078805,0.0,1.0,0.7385094393712786
2.1387492971302087,0.0862347803867528,0.0,1.0,0.7280966982720521
2.1636053579002565,0.08998376697101822,0.0,1.0,0.7175953881574735
2.1884463673952705,0.09383633042494191,0.0,1.0,0.707436429334712
2.2132701083654185,0.09780007555158689,0.0,1.0,0.6980095401866864
2.2380743594083334,0.10188261322636107,0.0,1.0,0.6889614410483599
2.262856878436257,0.10609157468294882,0.0,1.0,0.6798311865168944
2.287614562530904,0.11043543837254247,0.0,1.0,0.6708305363715159
2.3123431565790273,0.11492381672069843,0.0,1.0,0.6624667185842026
2.3370383249521858,0.11956640139491238,0.0,1.0,0.6546412474490908
2.3616957320158876,0.12437288406604222,0.0,1.0,0.6468104564066304
2.3863106784960615,0.1293531583792088,0.0,1.0,0.6388261081265226
2.410877120431219,0.13451786485161618,0.0,1.0,0.6309540094420123
2.43538870310993,0.13987781659854442,0.0,1.0,0.6232509737878276
2.45983907182076,0.14544382673527295,0.0,1.0,0.6153959421919526
2.4842218009627928,0.1512266884652399,0.0,1.0,0.607157776148902
2.508529632077202,0.15723696105402096,0.0,1.0,0.5984497389799324
2.5327547651847597,0.16348505166186378,0.0,1.0,0.5891138324056512
2.5568893910906483,0.16998136486048832,0.0,1.0,0.5790567882809632
2.580925697227771,0.17673629682128392,0.0,1.0,0.5682966296556379
2.6048556128586378,0.18375960061428928,0.0,1.0,0.5566417081714133
2.6286706311726724,0.19105994305334364,0.0,1.0,0.5435957008651915
2.6523622033121974,0.19864588621313545,0.0,1.0,0.5289464163135078
2.6759217804195363,0.20652599216835305,0.0,1.0,0.5129710678967943
2.69934073669963,0.2147084287153802,0.0,1.0,0.49575722411589296
2.7226100765108003,0.22319946831053922,0.0,1.0,0.47682867750685565
2.745720693215067,0.23200481459129355,0.0,1.0,0.45571537857341493
2.7686634801532066,0.2411301710862453,0.0,1.0,0.43258157248948714
2.7914293062343876,0.25058114431333517,0.0,1.0,0.40774419696925057
2.8140086383452596,0.2603617444785666,0.0,1.0,0.3812923875951051
2.8363916141223724,0.27047467443366235,0.0,1.0,0.35321807001420147
2.8585683615073303,0.2809225985345879,0.0,1.0,0.32338890401175857
2.8805290051803647,0.2917081770006025,0.0,1.0,0.29173110924920675
2.902263087278525,0.30283333115642874,0.0,1.0,0.25889885332707785
2.923758899991891,0.31429839690098876,0.0,1.0,0.22648156700578836
2.9450045738404995,0.3261035050718197,0.0,1.0,0.19507940915336153
2.9659882393443864,0.3382487865064585,0.0,1.0,0.16365409275130582
2.9866976684816535,0.35073419663847744,0.0,1.0,0.13223002183477828
3.007118381581789,0.3635585893619663,0.0,1.0,0.10415949784061118
3.027235026939615,0.3767203919588837,0.0,1.0,0.08256584698102287
3.047032250949429,0.3902180307814243,0.0,1.0,0.06578386884868148
3.0664946086184526,0.4040499097719563,0.0,1.0,0.05150707536102661
3.0856044412496977,0.41821389003100146,0.0,1.0,0.04273918236627672
3.104341812488878,0.43270727413473775,0.0,1.0,0.04476416358122115
3.122686681800757,0.4475273391122174,0.0,1.0,0.05679315211150382
3.140619007155068,0.462671361561249,0.0,1.0,0.0738521714507272
3.158117699777178,0.47813631614438495,0.0,1.0,0.0954277771713049
3.17515879266971,0.4939183472957577,0.0,1.0,0.12582118701931533
3.191717828440788,0.5100134579943417,0.0,1.0,0.16598976453253533
3.207770349698533,0.5264176512191115,0.0,1.0,0.21087029629860754
3.223291815131401,0.5431268059084452,0.0,1.0,0.2569221712802767
3.2382569865978845,0.5601357710251503,0.0,1.0,0.30499989991255905
3.252640280916692,0.5774388855330888,0.0,1.0,0.35597226392005976
3.2664161124408833,0.5950304847516814,0.0,1.0,0.4079497307054484
3.2795589540054433,0.6129048862932204,0.0,1.0,0.4587213875013627
3.2920455286416552,0.6310557264566583,0.0,1.0,0.506656157612573
3.3038554690635196,0.6494757605486297,0.0,1.0,0.5499492735019123
3.314968601101758,0.6681576854039839,0.0,1.0,0.5888224041423599
3.3253647507210573,0.6870941978502915,0.0,1.0,0.6250655617433527
3.335026220728817,0.7062778601537187,0.0,1.0,0.6581224864312742
3.3439441211836227,0.7257007561018936,0.0,1.0,0.683736016866779
3.3521115188679547,0.7453548631779481,0.0,1.0,0.7002219381974337
3.359521480564292,0.7652321588650157,0.0,1.0,0.7118195021217035
3.366168023147378,0.7853246411617285,0.0,1.0,0.7213853614906516
3.3720558096800266,0.8056245379516184,0.0,1.0,0.7252008910948279
3.3771961870655263,0.8261242214434914,0.0,1.0,0.7189974804426948
3.3816006055941426,0.8468160660786056,0.0,1.0,0.70554594883577
3.3852806025672026,0.8676924491088762,0.0,1.0,0.6895588234166559
3.3882537245967135,0.8887459419008131,0.0,1.0,0.6703523342326108
3.390547316942777,0.9099694323398566,0.0,1.0,0.6441858162791396
3.392189627009626,0.9313558374527819,0.0,1.0,0.6108033474290802
3.3932089022014944,0.9528980742663654,0.0,1.0,0.5735375546772425
3.393634437388697,0.974588886907507,0.0,1.0,0.5339591355809954
3.3935003676875706,0.9964202205484239,0.0,1.0,0.4914537133606992
3.3928422253447894,1.0183837897441645,0.0,1.0,0.445664326522647
3.3916955427415965,1.0404713090275644,0.0,1.0,0.3971033399277407
3.390095633968057,1.062674347009318,0.0,1.0,0.3464997597088809
3.3880744073110285,1.0849821956066594,0.0,1.0,0.2959839881471612
3.3856610760219565,1.1073823451736866,0.0,1.0,0.24835970358208825
3.382884779660607,1.1298622368034705,0.0,1.0,0.203236999414794
3.3797746234006625,1.1524092981603435,0.0,1.0,0.1587191632311773
3.376354423812821,1.175008891559303,0.0,1.0,0.11662137749604129
3.372637055568525,1.1976421061936195,0.0,1.0,0.08222608774911289
3.3686340372370265,1.2202895016602302,0.0,1.0,0.056980099431436115
3.3643568873875767,1.2429316375560695,0.0,1.0,0.037024532885828965
3.3598149125246946,1.265548344338896,0.0,1.0,0.02098577072772001
3.355004081060522,1.2881150559741028,0.0,1.0,0.013169214399148532
3.3499153866969285,1.310605566666681,0.0,1.0,0.016551964164526867
3.3445398146461836,1.332993667823284,0.0,1.0,0.027430223483398963
3.3388680469200076,1.3552530768093827,0.0,1.0,0.04187736072605586
3.33288386289761,1.3773558253764306,0.0,1.0,0.06110474730330795
3.3265641785302957,1.3992722692355821,0.0,1.0,0.08753619559355041
3.3198856144098157,1.4209726919715684,0.0,1.0,0.11943946201185451
3.312824789768869,1.4424273779104786,0.0,1.0,0.153102167382124
3.3053575918663523,1.4636070106667352,0.0,1.0,0.1876067108032583
3.2974579699420463,1.484483331035242,0.0,1.0,0.22422880295822412
3.2890995561430736,1.5050282527834908,0.0,1.0,0.26293199441470216
3.280255982616551,1.5252136896789705,0.0,1.0,0.3016818925087207
3.270901476862872,1.5450120645212662,0.0,1.0,0.3392459704974893
3.261015001985726,1.564399849090916,0.0,1.0,0.37613454708608773
3.2505777824113213,1.5833554486183805,0.0,1.0,0.41288215079876045
3.2395710565690057,1.6018572803069184,0.0,1.0,0.44880783871972285
3.2279762211426224,1.6198838716582915,0.0,1.0,0.48309046338257255
3.215780317783138,1.6374176845421828,0.0,1.0,0.5158498503812274
3.2029774405344122,1.6544460961285348,0.0,1.0,0.5475871494107751
3.1895621275596016,1.6709567931247402,0.0,1.0,0.5782735481443751
3.1755289173337315,1.6869374624641256,0.0,1.0,0.6074840581607222
3.1608748733289316,1.702377620335827,0.0,1.0,0.6351064746474235
3.145605693677456,1.7172730383825692,0.0,1.0,0.6613169472118761
3.129728920692237,1.731620824279585,0.0,1.0,0.6862420660117432
3.113252096686202,1.7454180857021067,0.0,1.0,0.7098813374056991
3.0961832401349927,1.7586623522027487,0.0,1.0,0.7322131010889734
3.0785354619462546,1.771355665199141,0.0,1.0,0.7530229544095228
3.0603249596743507,1.7835028008598832,0.0,1.0,0.7721071747931963
3.041567974081151,1.7951085736351713,0.0,1.0,0.7897845325123278
3.0222807659312707,1.8061778313568746,0.0,1.0,0.8064866823647059
3.0024808480471377,1.816717511358934,0.0,1.0,0.8219699179163574
2.9821877043822647,1.8267378405059036,0.0,1.0,0.835556653881713
2.9614209920583363,1.8362493346547837,0.0,1.0,0.8473727843999874
2.940200368197037,1.8452625096625772,0.0,1.0,0.8582780383168708
2.9185454852301236,1.853788478571299,0.0,1.0,0.8684999012530873
2.8964759747552873,1.8618410072972476,0.0,1.0,0.8772813104986061
2.8740114625870263,1.8694345981508154,0.0,1.0,0.8842388468640625
2.8511715745396176,1.8765837534707233,0.0,1.0,0.89016901168125
2.827975907274195,1.8833030673700617,0.0,1.0,0.8957457664897666
2.804443625729035,1.8896084930295927,0.0,1.0,0.9006702713169183
2.7805935647851205,1.8955170226535643,0.0,1.0,0.9044938137499844
2.7564445509640922,1.9010456747615245,0.0,1.0,0.9075053046056394
2.7320154107727985,1.9062114690583272,0.0,1.0,0.9102613660037286
2.7073249687408825,1.9110315836989278,0.0,1.0,0.9129775866612438
2.682392045452717,1.9155235130055581,0.0,1.0,0.9157632460899443
2.6572354610243516,1.9197047888314203,0.0,1.0,0.9186775111251493
2.631874035571831,1.9235929430297167,0.0,1.0,0.9216671225095007
2.6063266363300874,1.927205277933415,0.0,1.0,0.9248454417366343
2.580612403389033,1.93055776677481,0.0,1.0,0.9289127861183198
2.554750574822272,1.9336659054990053,0.0,1.0,0.9344011095769248
2.528760388830781,1.9365451894306547,0.0,1.0,0.9407762444025469
2.5026610627046226,1.939211019411353,0.0,1.0,0.9474790626891854
2.4764713656178365,1.9416767715326475,0.0,1.0,0.9552465651195459
2.4502096361448857,1.9439538762816844,0.0,1.0,0.9652607632521135
2.4238941954543534,1.946053685499568,0.0,1.0,0.977179152465951
2.3975433627387033,1.9479875483163052,0.0,1.0,0.9898012730535537
2.371174617044245,1.949765661241989,0.0,1.0,0.9967861524450153
2.3448032950718583,1.9513952816433193,0.0,1.0,0.9812078261035724
2.3184443969990745,1.9528832052012395,0.0,1.0,0.9630727395107102
2.292112923003426,1.9542362275966942,0.0,1.0,0.9436615205511716
2.265823396457856,1.9554609194751595,0.0,1.0,0.9236777353572518
2.23958670608443,1.956562136051141,0.0,1.0,0.9021175574288746
2.213412067167922,1.957543942733944,0.0,1.0,0.8780146971422235
2.1873086861005118,1.9584104007358747,0.0,1.0,0.8521079059874676
2.1612856880495217,1.9591655792908353,0.0,1.0,0.8254185355246992
2.135349505535095,1.9598138135529413,0.0,1.0,0.7976736299481593
2.109503320706093,1.9603597596761884,0.0,1.0,0.7680234289606098
2.08375012170115,1.9608080929746163,0.0,1.0,0.7364323478245198
2.0580928964454426,1.9611634889453582,0.0,1.0,0.7035659392509889
2.032533714931512,1.9614314104271469,0.0,1.0,0.6697584286659519
2.0070716278981706,1.9616199099738747,0.0,1.0,0.6350295932727756
1.9817050662344757,1.9617375718053576,0.0,1.0,0.5992513835483974
1.956432460829479,1.9617929801414093,0.0,1.0,0.5622321922450929
1.9312521686591915,1.9617950721543338,0.0,1.0,0.5240897346539636
1.9061617917520624,1.9617563900717823,0.0,1.0,0.4859927613129629
1.8811584904176988,1.961691585434636,0.0,1.0,0.4491051346406507
1.8562394193967975,1.961615336376654,0.0,1.0,0.41268598252993427
1.831401747967342,1.9615423646334624,0.0,1.0,0.3756469960963531
1.8066434736273114,1.96148987603157,0.0,1.0,0.3394039670254255
1.7819638529258939,1.9614788526859441,0.0,1.0,0.30699425074119546
1.7573622478826154,1.9615305930500955,0.0,1.0,0.27854877990322147
1.732838020517001,1.9616663955775338,0.0,1.0,0.25149938421814166
1.7083913244353408,1.9619084444699555,0.0,1.0,0.2256844656204574
1.6840256939983682,1.962282706833552,0.0,1.0,0.20476429356901504
1.6597455659377427,1.9628161594849396,0.0,1.0,0.19065888241134377
1.6355553769939248,1.9635357792505876,0.0,1.0,0.18028182315074048
1.6114597951825775,1.9644686713869755,0.0,1.0,0.17117463116787324
1.5874667424621962,1.9656437481057218,0.0,1.0,0.16534129923470087
1.563586544042503,1.9670912561739042,0.0,1.0,0.16512730521444463
1.5398295813569671,1.9688414735803461,0.0,1.0,0.16863188896692416
1.5162062490437913,1.9709246762067905,0.0,1.0,0.17276558137541564
1.4927284888170926,1.973370893067868,0.0,1.0,0.17721396836577186
1.4694112201537788,1.9762096780161993,0.0,1.0,0.18293660290167668
1.446269700933662,1.9794705309054095,0.0,1.0,0.1894103852382515
1.4233191890365569,1.983182951589121,0.0,1.0,0.19500571604168115
1.4005751624356053,1.987375712529323,0.0,1.0,0.19886985564443527
1.378054323381525,1.9920735400441811,0.0,1.0,0.20055110078968608
1.3557737973370336,1.997299761768554,0.0,1.0,0.1995234431769659
1.3337507101699209,2.0030777039985574,0.0,1.0,0.19576634845918306
1.3120021652139517,2.009430411938125,0.0,1.0,0.1894615248391065
1.2905448105745152,2.0163752522176495,0.0,1.0,0.18028591616512357
1.269394871626002,2.02392431827016,0.0,1.0,0.1678499249136809
1.2485685577194328,2.032089503651184,0.0,1.0,0.15244307531344437
1.2280820766865053,2.040882690962646,0.0,1.0,0.13460007090738146
1.2079511154108564,2.0503120070028045,0.0,1.0,0.11491171663844091
1.188190081115185,2.0603763527841887,0.0,1.0,0.09469046605489173
1.1688131880930615,2.0710732383861603,0.0,1.0,0.07492775354009384
1.1498346506380532,2.0824001738880846,0.0,1.0,0.05518573704343355
1.131268670093737,2.0943535088527114,0.0,1.0,0.03549129044072341
1.1131293531614903,2.1069211114584228,0.0,1.0,0.018870079729102374
1.0954307645374615,2.120087085575125,0.0,1.0,0.008504812098805048
1.078186968728372,2.1338355180967215,0.0,1.0,0.0030355354861897332
1.061412069073636,2.14815037177733,0.0,1.0,0.0
1.0451213680700973,2.163011775922273,0.0,1.0,0.0013736244350269766
1.0293315669397425,2.178395388412971,0.0,1.0,0.011238623362964217
1.0140594459475374,2.1942766144474044,0.0,1.0,0.02895146290452677
0.9993217856556341,2.210630859041127,0.0,1.0,0.05029719280282563
0.9851361333246575,2.2274330565739677,0.0,1.0,0.07407681127419263
0.9715224622053532,2.244656652238467,0.0,1.0,0.10237708132646495
0.9585012242380102,2.2622747973849213,0.0,1.0,0.13558923179066829
0.9460928713629149,2.280260643363628,0.0,1.0,0.17081730322247124
0.93431787486678,2.298587513868543,0.0,1.0,0.2058276634090077
0.9231968948743777,2.3172304148188783,0.0,1.0,0.24001192678557925
0.9127506981504288,2.3361653021140136,0.0,1.0,0.27293418288728044
0.9030000526641622,2.3553681423834285,0.0,1.0,0.3043948744949829
0.8939656790862446,2.374814940712677,0.0,1.0,0.33430935073451795
0.8856658358651355,2.3944837040958906,0.0,1.0,0.36141895104143107
0.8781151666491173,2.4143553785387466,0.0,1.0,0.38363542800532335
0.8713280265650859,2.4344111446290944,0.0,1.0,0.4012380799685017
0.865318770739938,2.4546321829547804,0.0,1.0,0.41644525206639493
0.8600997082487905,2.4750004345894596,0.0,1.0,0.42963688815312795
0.8556747466826272,2.495500963308495,0.0,1.0,0.43861401616743956
0.852045637507801,2.5161196342854337,0.0,1.0,0.4424704566923289
0.8492141321892668,2.5368423126943394,0.0,1.0,0.4435136619656569
0.8471814026305614,2.5576549721651425,0.0,1.0,0.4435612039510407
0.8459408664528677,2.578545037420581,0.0,1.0,0.4421475807252392
0.845480409086732,2.599500968446444,0.0,1.0,0.43864134823509526
0.845787796764756,2.6205112475345587,0.0,1.0,0.43376422867446673
0.8468507675930137,2.6415643571358087,0.0,1.0,0.4285695688470317
0.8486541500016493,2.662648796155816,0.0,1.0,0.42400337159652
0.8511773691666275,2.6837530940565704,0.0,1.0,0.421403337314754
0.8543992627008679,2.704865783622832,0.0,1.0,0.4209552573820543
0.8582986682172916,2.725975397639366,0.0,1.0,0.42146953518955954
0.8628544371152965,2.747070259621167,0.0,1.0,0.42294414691485616
0.8680454944738516,2.76813757467537,0.0,1.0,0.4280891128753187
0.8738507898846825,2.7891641758214285,0.0,1.0,0.43850659540708603
0.8802492729560643,2.8101368958275694,0.0,1.0,0.4516153674195963
0.8872201012214362,2.831042511677998,0.0,1.0,0.46510787347502935
0.8947463974737322,2.851866736521577,0.0,1.0,0.4809752419914951
0.9028148428543317,2.8725943288415765,0.0,1.0,0.5021267238930625
0.9114122447483656,2.893210013251462,0.0,1.0,0.5269860953537551
0.9205254200670434,2.9136985134068203,0.0,1.0,0.5520617121852515
0.9301438681498655,2.9340442832369495,0.0,1.0,0.5773045701533277
0.9402634370785089,2.954231138285879,0.0,1.0,0.6053661140419109
0.9508808933437788,2.9742428017488223,0.0,1.0,0.6366878374271304
0.961993003436481,2.9940629968209924,0.0,1.0,0.6686135561876251
0.9735970201909804,3.0136755824736867,0.0,1.0,0.6997340101679463
0.985693605313673,3.033065369357942,0.0,1.0,0.7312211096552986
0.9982848786900597,3.0522175752153182,0.0,1.0,0.7641703521477048
1.0113729657158288,3.0711174193256947,0.0,1.0,0.7977932154431322
1.0249599437404042,3.089750193239755,0.0,1.0,0.8310356400017084
1.0390465050781201,3.1081032718667627,0.0,1.0,0.8636242751827556
1.0536317809119837,3.1261663783571136,0.0,1.0,0.8954810781671457
1.0687148190012585,3.1439293613465136,0.0,1.0,0.9268629390725982
1.0842946657772798,3.161382070445507,0.0,1.0,0.9581668920412332
1.1003681325194983,3.178515996088413,0.0,1.0,0.9889713190909383
1.11692522554831,3.19532762422626,0.0,1.0,0.9823813895189204
1.1339546608330826,3.2118143880560686,0.0,1.0,0.9564822506741704
1.151445154343181,3.2279737207748567,0.0,1.0,0.9317264741184373
1.169384622309257,3.2438036661342453,0.0,1.0,0.9072485995379611
1.187753516797598,3.259307966346878,0.0,1.0,0.8851933075093593
1.2065282222313014,3.274493469037483,0.0,1.0,0.8677865914464766
1.2256850821098695,3.2893670530736028,0.0,1.0,0.8535393065175314
1.245200371019264,3.303935675272105,0.0,1.0,0.8401318860421654
1.2650470738698496,3.3182100134602854,0.0,1.0,0.8285424356735959
1.285193510931982,3.332206021722495,0.0,1.0,0.8214649096892386
1.3056076480131946,3.3459400550822824,0.0,1.0,0.8187336462794171
1.3262574509210132,3.3594284685632902,0.0,1.0,0.8177121025339312
1.3471108244198158,3.3726888510885273,0.0,1.0,0.8176311232735314
1.3681354322792323,3.3857436629431454,0.0,1.0,0.8201361369240967
1.3892988788043448,3.3986165664024637,0.0,1.0,0.8259746161288801
1.4105687683002401,3.411331223741802,0.0,1.0,0.8335202337996598
1.4319130358620478,3.4239114218059963,0.0,1.0,0.8414430728152865
1.453303829015289,3.436382533764555,0.0,1.0,0.8499941394833151
1.4747161980482795,3.448771025914663,0.0,1.0,0.8595809133951066
1.496125250666526,3.461103386175773,0.0,1.0,0.8698120538047269
1.5175061389443751,3.473406092910054,0.0,1.0,0.880083407364052
1.538838094846632,3.485704745648894,0.0,1.0,0.8900364794585501
1.5601076611632323,3.4980233691318636,0.0,1.0,0.8992891875757919
1.5813021409927785,3.510385824323876,0.0,1.0,0.9077921898737672
1.6024088374338694,3.5228159721898464,0.0,1.0,0.9158861301353513
1.6234166312066127,3.5353367437628176,0.0,1.0,0.9236074799278601
1.6443225050176797,3.5479662943450756,0.0,1.0,0.930325301981195
1.6651260352638992,3.560721250383513,0.0,1.0,0.9356504723368356
1.6858267995105432,3.5736182376362837,0.0,1.0,0.9401614450962533
1.706424621911911,3.586673622658022,0.0,1.0,0.9443936340900592
1.7269237716761803,3.5998990995586855,0.0,1.0,0.9479776070847625
1.7473323726354193,3.6133023106375273,0.0,1.0,0.9503365534253482
1.7676586763723445,3.6268907639079484,0.0,1.0,0.9517346118311145
1.787910938244992,3.6406719581198836,0.0,1.0,0.9528165145881616
1.8080983002541622,3.654651216473562,0.0,1.0,0.9536280478448503
1.8282319267657043,3.6688288999050247,0.0,1.0,0.9537611658113183
1.8483232627602297,3.683204680807644,0.0,1.0,0.9531425459715991
1.868383753218354,3.6977782315747993,0.0,1.0,0.9521744721650515
1.8884246722084048,3.7125487682787073,0.0,1.0,0.9510645122306807
1.908456144481253,3.727512438412504,0.0,1.0,0.9495920898336178
1.9284878210585852,3.7426641246529986,0.0,1.0,0.947575739995065
1.9485293514839732,3.7579987057305715,0.0,1.0,0.9452039703480485
1.9685902953224574,3.773511028896449,0.0,1.0,0.9426865048709968
1.9886777858972733,3.78919509257661,0.0,1.0,0.9398868653183243
2.008796313814601,3.80504397063752,0.0,1.0,0.9365519724964083
2.0289502363078817,3.8210506902849417,0.0,1.0,0.9327497074744147
2.049143909421801,3.8372082786634927,0.0,1.0,0.9287373407682208
2.0693803013795984,3.8535096915348745,0.0,1.0,0.9244648824741173
2.0896583141917486,3.8699476755142013,0.0,1.0,0.9195313098984691
2.1099761090378584,3.8865149391117786,0.0,1.0,0.9138112794013341
2.130331847097539,3.9032041908379145,0.0,1.0,0.9076830590156068
2.1507233316423835,3.9200081572503933,0.0,1.0,0.901337432456925
2.171145170108901,3.936919726056735,0.0,1.0,0.8942977704539118
2.1915902895685213,3.9539318696967247,0.0,1.0,0.8861056863966421
2.212051602130985,3.9710375613645965,0.0,1.0,0.8771351831472084
2.2325219955571964,3.9882297814707584,0.0,1.0,0.8679093062643972
2.2529932882430015,4.005501827349653,0.0,1.0,0.8581379305186466
2.2734558339018487,4.022847430418598,0.0,1.0,0.847101369450771
2.293899880374125,4.040260353472141,0.0,1.0,0.8348587595894215
2.314315675500166,4.057734359306523,0.0,1.0,0.8221330360925396
2.3346934578357157,4.075263545770723,0.0,1.0,0.8090713502700202
2.3550234306934557,4.092843282527604,0.0,1.0,0.7949968019597284
2.3752957890251944,4.110469240958394,0.0,1.0,0.7795327331671117
2.3955007277827405,4.128137092444321,0.0,1.0,0.7632550842196644
2.4156285219627964,4.145842670961208,0.0,1.0,0.7466599477180373
2.4356704175348343,4.163583782814586,0.0,1.0,0.7294634063677841
2.4556183066608157,4.18135954691595,0.0,1.0,0.7111940928536034
2.475464093196118,4.199169105929544,0.0,1.0,0.6919589518591948
2.4951996871621134,4.217011620593271,0.0,1.0,0.6721608718610145
2.514817505600975,4.234887737816001,0.0,1.0,0.651972199727306
2.5343108423982152,4.252800674695237,0.0,1.0,0.6313808374064995
2.553673078600734,4.270753903814505,0.0,1.0,0.610207619820087
2.572897595255436,4.288750897757338,0.0,1.0,0.588298200332841
2.5919777305376313,4.306795673774935,0.0,1.0,0.5658030827799903
2.6109066110218486,4.324894937428202,0.0,1.0,0.5433393060371681
2.629677298113038,4.343056222233425,0.0,1.0,0.5211469224973415
2.6482828531979727,4.361287061937743,0.0,1.0,0.49854254732745507
2.666716245045872,4.379595062252047,0.0,1.0,0.47508228913787753
2.6849688623931454,4.39798905657108,0.0,1.0,0.45168795490534774
2.703030769997992,4.416478907019279,0.0,1.0,0.42955313538565676
2.720891991714322,4.435074507503673,0.0,1.0,0.40811060758902884
2.7385425439626316,4.453785751653795,0.0,1.0,0.38609647506696665
2.7559709676012067,4.472622478015407,0.0,1.0,0.3639639216120292
2.7731625592680538,4.491594404025239,0.0,1.0,0.3436818920450718
2.7901021839740032,4.51071123100708,0.0,1.0,0.3257052047041368
2.806774706729884,4.529982660284716,0.0,1.0,0.3083259581075113
2.823164432009153,4.549418085801127,0.0,1.0,0.2908970160122579
2.8392520468074167,4.569024917789844,0.0,1.0,0.27542783647023494
2.85501680166199,4.588809778776504,0.0,1.0,0.2636269530692267
2.8704379434723792,4.608779289291888,0.0,1.0,0.254088020950318
2.8854946499563896,4.628939968622105,0.0,1.0,0.24510316637060048
2.9001643506181063,4.64929577761188,0.0,1.0,0.2377501967012181
2.914422634782644,4.669847984077086,0.0,1.0,0.23414452845732925
2.928245004185213,4.690597727649243,0.0,1.0,0.2338904519984497
2.9416069604869657,4.711546146182431,0.0,1.0,0.2349463892601794
2.9544839425188316,4.732692869601697,0.0,1.0,0.23699760483011978
2.9668512119168633,4.7540332751440655,0.0,1.0,0.24147406798307336
2.9786839993039793,4.7755619957295155,0.0,1.0,0.2488140132406943
2.989957535303094,4.797273664278019,0.0,1.0,0.25756334362821376
3.0006473393746718,4.819162500578904,0.0,1.0,0.26668156323214287
3.0107313996732445,4.841219193394363,0.0,1.0,0.2764095460608098
3.020188956534263,4.863432640464848,0.0,1.0,0.28702807694257515
3.0289992600898694,4.885791725518393,0.0,1.0,0.2981020806046071
3.0371416368346145,4.908285296394391,0.0,1.0,0.3090623162952083
3.04459850816759,4.9309007463960315,0.0,1.0,0.31954258921682066
3.05135639051973,4.953623544252736,0.0,1.0,0.32919106644439344
3.0574020816393137,4.976439026481039,0.0,1.0,0.33800589873297227
3.0627223793190095,4.999332529592897,0.0,1.0,0.34624073892230456
3.0673057822543592,5.022289214580574,0.0,1.0,0.35382299051310795
3.071146997194697,5.045293601814434,0.0,1.0,0.36024096505936876
3.074242146838855,5.068330065550078,0.0,1.0,0.3653404590530315
3.0765873538856656,5.091382980043106,0.0,1.0,0.36964224526345413
3.078179173862451,5.114436754809164,0.0,1.0,0.37352819726767594
3.0790191674410523,5.137476207104149,0.0,1.0,0.377060279583612
3.079112111886228,5.160486416221238,0.0,1.0,0.3803730862641188
3.078462837512361,5.183452465775246,0.0,1.0,0.3835993908005605
3.077076203205173,5.2063594444254235,0.0,1.0,0.38676949243917436
3.0749591802052785,5.229192813779091,0.0,1.0,0.3903628342595
3.0721222659694325,5.251938658016733,0.0,1.0,0.39538134197602126
3.0685762927870925,5.274583120435429,0.0,1.0,0.40195198858829817
3.0643320929477156,5.297112344332255,0.0,1.0,0.4091691272259662
3.0594007855563525,5.319512516730064,0.0,1.0,0.41690578575256987
3.0537948504210783,5.34177003209439,0.0,1.0,0.4266606524710379
3.047527170455005,5.363871346345168,0.0,1.0,0.43932480687578945
3.0406106286337744,5.385802915411869,0.0,1.0,0.4534954645633731
3.0330580671109297,5.407551191461106,0.0,1.0,0.4679134184257684
3.0248816682028132,5.429102565837813,0.0,1.0,0.48355586732930744
3.016093079983152,5.4504433806421435,0.0,1.0,0.5018341070583398
3.0067039351740585,5.471559976559182,0.0,1.0,0.5219323581968883
2.9967258618085166,5.492438695264273,0.0,1.0,0.5421359652499886
2.9861696919822043,5.513066046518996,0.0,1.0,0.5623513618383769
2.9750445706077215,5.533428896384697,0.0,1.0,0.5836245702818968
2.963359427447895,5.5535141563581,0.0,1.0,0.6060437635748515
2.951123192265548,5.573308737935928,0.0,1.0,0.6284735538157774
2.938344633214263,5.592799820647616,0.0,1.0,0.6502665043399624
2.9250315172353383,5.6119762445565735,0.0,1.0,0.6715636525166575
2.911191228342454,5.630827484820609,0.0,1.0,0.6925172279241995
2.8968311497779693,5.649343017876794,0.0,1.0,0.7130022674295651
2.881958689200293,5.667512418480473,0.0,1.0,0.7328277308801501
2.8665818334942346,5.685327593808509,0.0,1.0,0.7514923801105822
2.8507091587537245,5.702782823657575,0.0,1.0,0.7683566339908287
2.834349267485472,5.719872494183006,0.0,1.0,0.783706461521568
2.817510763549848,5.736590993986487,0.0,1.0,0.7983174637805203
2.8002031164480146,5.752934276070471,0.0,1.0,0.8119419052713394
2.7824381460574528,5.7689025410774795,0.0,1.0,0.8231799866690847
2.7642280673544692,5.784496703679343,0.0,1.0,0.8316777950466597
2.745585095315365,5.7997176785478946,0.0,1.0,0.8388519479615939
2.7265217575973058,5.814566868091661,0.0,1.0,0.8454437653410845
2.7070531411637337,5.829049666865026,0.0,1.0,0.8501162752921665
2.6871955850296176,5.84317342244079,0.0,1.0,0.8516298904056809
2.6669654367486126,5.85694549571086,0.0,1.0,0.8510898887826114
2.646379071526658,5.870373299316081,0.0,1.0,0.84996325637116
2.625453901717293,5.883466186831951,0.0,1.0,0.8478572013981273
2.6042086654769556,5.896235992962801,0.0,1.0,0.8435937038297794
2.5826621874387548,5.908694714246794,0.0,1.0,0.8373325656366353
2.560833292232055,5.920854347239641,0.0,1.0,0.8302540592385552
2.5387407533018798,5.932727127958191,0.0,1.0,0.8228518397933768
2.5164031644461486,5.944326132881584,0.0,1.0,0.815024523404289
2.493839080071233,5.955664622778614,0.0,1.0,0.806746891190589
2.471067054583512,5.966755858418078,0.0,1.0,0.7981359992638621
2.4481055071104163,5.977612947116281,0.0,1.0,0.7893947797848049
2.424971364421283,5.988247303346194,0.0,1.0,0.7814282124819564
2.4016806272628703,5.998669291155177,0.0,1.0,0.7752420570775418
2.3782492825199664,6.008889258866381,0.0,1.0,0.7703343747942764
2.3546932974917643,6.018917519370578,0.0,1.0,0.7657279054815109
2.3310273310994276,6.028762018565963,0.0,1.0,0.7621055465160765
2.3072639337101957,6.038426887756348,0.0,1.0,0.7613342736550868
2.283415464555581,6.047915912461046,0.0,1.0,0.763536009385429
2.2594942828671023,6.057232878199371,0.0,1.0,0.7669746722745029
2.235512231391073,6.066380429077053,0.0,1.0,0.7710784191004977
2.211478797416932,6.075356003725448,0.0,1.0,0.77722282687461
2.1874027971268024,6.084155557653059,0.0,1.0,0.7862507588007015
2.163293046653632,6.092775046259714,0.0,1.0,0.7969415875098042
2.1391582526738717,6.101210237269135,0.0,1.0,0.8081093047548084
2.115005443749509,6.109454021079599,0.0,1.0,0.8197895601073738
2.0908403356890557,6.117497037218488,0.0,1.0,0.8322260753316169
2.066668609300569,6.125329865200768,0.0,1.0,0.8452477129116003
2.042495939615184,6.132943085132462,0.0,1.0,0.8585068810474293
2.018327154577712,6.140327363787581,0.0,1.0,0.8714277577065076
1.9941653506120727,6.147473545097319,0.0,1.0,0.8830072482750742
1.970013412595236,6.154372494636887,0.0,1.0,0.8930814991530807
1.9458742254041745,6.161015077981501,0.0,1.0,0.9025761585057692
1.921750383335802,6.167392850418502,0.0,1.0,0.9117213667514181
1.8976427520752484,6.173501470216557,0.0,1.0,0.9190602614092179
1.8735515606619808,6.179338106767431,0.0,1.0,0.9235320751311947
1.8494770371399007,6.184899931825941,0.0,1.0,0.9263670200767112
1.8254193670202172,6.190184315759068,0.0,1.0,0.9288667592847577
1.8013777870064192,6.195193059519694,0.0,1.0,0.9303292405225349
1.777350601069529,6.199932319581068,0.0,1.0,0.9294544617574181
1.7533360738632078,6.204408436014134,0.0,1.0,0.9266559238339401
1.7293324696819612,6.208627752423755,0.0,1.0,0.9232974844681936
1.7053378745143302,6.212598366831687,0.0,1.0,0.9196890925565757
1.6813499081455436,6.21633296440282,0.0,1.0,0.9153072533356669
1.6573661151093009,6.219844970729156,0.0,1.0,0.9100104998228934
1.6333840399392936,6.223147811402691,0.0,1.0,0.9043020227910168
1.6094012903232269,6.22625501846468,0.0,1.0,0.8985879036072344
1.585415969196246,6.229180958720786,0.0,1.0,0.8931958353088931
1.5614264131290287,6.231940392781095,0.0,1.0,0.8883901086785505
1.5374309600686815,6.234548083575713,0.0,1.0,0.8839490371519896
1.5134279677520166,6.237018737785111,0.0,1.0,0.8795974187354946
1.489416482606036,6.23936510457876,0.0,1.0,0.875773606407021
1.4653964016514505,6.241597515425766,0.0,1.0,0.8732828536363619
1.4413676745325807,6.243726152219537,0.0,1.0,0.8720016528742439
1.4173302509380985,6.2457611966244055,0.0,1.0,0.8711191138889579
1.393284366417174,6.247711353397495,0.0,1.0,0.8705140306145511
1.3692312214566964,6.249580341915216,0.0,1.0,0.8708980716977287
1.345172219937815,6.251370830711202,0.0,1.0,0.8725680741154276
1.321108765741678,6.253085488319092,0.0,1.0,0.8748643957260083
1.2970422841846152,6.25472663104541,0.0,1.0,0.8772954389217209
1.272974426322747,6.2562928657951575,0.0,1.0,0.8800953679043896
1.2489069784400255,6.257780577382537,0.0,1.0,0.8835578202169535
1.2248417286494682,6.259186120566144,0.0,1.0,0.8874790569492248
1.2007804614271977,6.260505835626084,0.0,1.0,0.891517374741173
1.1767247407305796,6.261735184958807,0.0,1.0,0.8955353798220705
1.152675787381173,6.262868264939425,0.0,1.0,0.8994494329981657
1.128634792527278,6.263899053814,0.0,1.0,0.9032628909526591
1.1046029473171919,6.264821529828589,0.0,1.0,0.9070563657321897
1.0805812947992763,6.265629912900697,0.0,1.0,0.9107719649623329
1.0565702286961731,6.26631948252607,0.0,1.0,0.9140697256363002
1.0325699648261466,6.266885808507179,0.0,1.0,0.9167659335875535
1.0085807190028169,6.267324460654058,0.0,1.0,0.919161945287692
0.9846026777014463,6.267631146054989,0.0,1.0,0.9214938386554046
0.9606356003297863,6.267803570106496,0.0,1.0,0.9234389295270645
0.936678923530518,6.267840948467643,0.0,1.0,0.9245787675816746
0.9127320759825521,6.2677425340610995,0.0,1.0,0.9251276390435752
0.888794484994718,6.267507587766591,0.0,1.0,0.925538507994578
0.8648654027565714,6.267136387508101,0.0,1.0,0.9257525104660628
0.8409437362073188,6.2666312163281335,0.0,1.0,0.9253433917971035
0.8170283518918199,6.2659945918683375,0.0,1.0,0.9242627492900344
0.7931181163549378,6.265229031770364,0.0,1.0,0.9229268218670367
0.7692118453505885,6.264337234850846,0.0,1.0,0.921532034304316
0.7453080644363921,6.263322935077677,0.0,1.0,0.9198695837711574
0.7214051962714315,6.262190233465346,0.0,1.0,0.9177820956721711
0.6975016633934907,6.2609432314609785,0.0,1.0,0.9154505800071172
0.6735958776850871,6.259586021240361,0.0,1.0,0.9130793754052386
0.649686027171832,6.258122500197263,0.0,1.0,0.9107291430589151
0.625770087209959,6.256556380677924,0.0,1.0,0.9084310988380119
0.6018460247397879,6.254891367705729,0.0,1.0,0.9061641676939889
0.5779118067649179,6.253131165273272,0.0,1.0,0.9038875731300011
0.5539654252790226,6.251279070343799,0.0,1.0,0.9017094027238631
0.5300049352090537,6.24933735484581,0.0,1.0,0.8999297825330955
0.5060284012336319,6.24730813187607,0.0,1.0,0.8986203391558392
0.4820338880313859,6.245193514531346,0.0,1.0,0.8974904269265065
0.45801953491762504,6.242995442434659,0.0,1.0,0.8964098769360738
0.433984042196104,6.240714551335943,0.0,1.0,0.8957194144445643
0.40992636532382715,6.238350883947155,0.0,1.0,0.8957176532919287
0.3858454610431771,6.235904479992717,0.0,1.0,0.8961287795655246
0.36174030852208744,6.2333753551726465,0.0,1.0,0.8966013189626649
0.33761061279194626,6.230762747572021,0.0,1.0,0.8972207371006027
0.3134569451280697,6.228064967271888,0.0,1.0,0.8982394185628564
0.28927992758282134,6.2252802699560315,0.0,1.0,0.8996139784419953
0.26508018230117447,6.2224069112554155,0.0,1.0,0.9010891386378953
0.24085866357048374,6.219442957388429,0.0,1.0,0.9025372009139303
0.2166174041197583,6.216385859564853,0.0,1.0,0.9039119950013376
0.1923586551767593,6.213232944390034,0.0,1.0,0.905198444024116
0.16808466796924823,6.209981538469327,0.0,1.0,0.9064390946765011
0.14379774445886737,6.2066289864140405,0.0,1.0,0.907630932378576
0.11950069698998445,6.203172813975412,0.0,1.0,0.9085460421804465
0.0951966330276976,6.199610651645972,0.0,1.0,0.9089564065986533
0.07088866362614085,6.195940131192036,0.0,1.0,0.9090245634327099
0.04657989761637699,6.192158893938016,0.0,1.0,0.9090045275107872
0.022273320979750415,6.188265109400933,0.0,1.0,0.9088030761513136
-0.002028264897115467,6.184257740763221,0.0,1.0,0.9081344838260458
-0.02632207384519545,6.180135816635377,0.0,1.0,0.9070112558244359
-0.05060531969546164,6.1758983656278925,0.0,1.0,0.9057190557642606
-0.07487537769828569,6.171544697068889,0.0,1.0,0.904385445822578
-0.09913030352478457,6.1670753035773105,0.0,1.0,0.9029571150072555
-0.12336833209936197,6.162490989503903,0.0,1.0,0.9014053027874294
-0.14758769834733654,6.1577925592009795,0.0,1.0,0.8997841877101622
-0.17178667215122395,6.152980859601649,0.0,1.0,0.8981584898719444
-0.19596400700283254,6.148057326715592,0.0,1.0,0.896673726142111
-0.2201188094772484,6.1430238266374575,0.0,1.0,0.8954950480085766
-0.24425019418907193,6.1378822352546845,0.0,1.0,0.8945460156481299
-0.2683572762746623,6.132634427715437,0.0,1.0,0.8936570369211955
-0.2924392294700539,6.12728219613906,0.0,1.0,0.8928696834342342
-0.3164953389602178,6.12182717473491,0.0,1.0,0.892385541633562
-0.34052490241150807,6.1162709800276875,0.0,1.0,0.8922342861468882
-0.36452721749028677,6.110615228542093,0.0,1.0,0.8922295151035755
-0.3885015241488697,6.104861387046009,0.0,1.0,0.8922322208848903
-0.41244674556338007,6.099010100334157,0.0,1.0,0.8921300202240795
-0.4363616967924352,6.093061732657165,0.0,1.0,0.8918596507232767
-0.46024519280203496,6.08701664802536,0.0,1.0,0.8915211355190586
-0.4840960360628858,6.080875178278585,0.0,1.0,0.8911731511958312
-0.5079127814572658,6.07463701781399,0.0,1.0,0.8904014071442565
-0.5316937565599591,6.0683012758014385,0.0,1.0,0.8886424219807387
-0.5554372805159273,6.061867039707312,0.0,1.0,0.8861135673567202
-0.5791416726617971,6.055333396697997,0.0,1.0,0.8834177874512322
-0.6028053137646286,6.048699337789374,0.0,1.0,0.8803956738503286
-0.626426733628236,6.041963620725997,0.0,1.0,0.876141086332275
-0.6500044842193373,6.0351249685631885,0.0,1.0,0.8704560653124576
-0.6735371175046532,6.028182104356268,0.0,1.0,0.8642260678743698
-0.6970232831912967,6.021133800049559,0.0,1.0,0.8579152526797186
-0.7204623353925419,6.013979179925945,0.0,1.0,0.8509100627647662
-0.7438539370465296,6.006717522740137,0.0,1.0,0.8426764024052775
-0.7671977524063748,5.999348107904594,0.0,1.0,0.833744597036755
-0.7904934674246742,5.9918702220090845,0.0,1.0,0.8247823555117026
-0.8137414227930331,5.984283368204748,0.0,1.0,0.8158243256973888
-0.8369427142313819,5.976587299375759,0.0,1.0,0.8066957414665622
-0.860098479344789,5.968781782260216,0.0,1.0,0.7974126182998439
-0.8832098558159607,5.960866583514662,0.0,1.0,0.7881480492010071
-0.9062781536687652,5.952841288761592,0.0,1.0,0.7791567958178836
-0.9293052212742311,5.944704918122104,0.0,1.0,0.7709028993385656
-0.9522930118305344,5.936456381602677,0.0,1.0,0.7635101100599233
-0.9752434785358478,5.928094589209789,0.0,1.0,0.7565096366171398
-0.9981585291544793,5.919618278147108,0.0,1.0,0.7496789948077272
-1.021039634576799,5.911024524015348,0.0,1.0,0.7436595560647083
-1.0438880218906172,5.9023094751385,0.0,1.0,0.7390450242047406
-1.0667049155323987,5.893469269756405,0.0,1.0,0.735290284365272
-1.089491522786642,5.884500017706526,0.0,1.0,0.7316560328893438
-1.1122481838094964,5.87539639292577,0.0,1.0,0.7283377758588125
-1.1349739803980712,5.866150985601337,0.0,1.0,0.7259595998397237
-1.1576678955341495,5.856756222289555,0.0,1.0,0.7244183570164004
-1.1803289121995229,5.847204529546748,0.0,1.0,0.7230324074971984
-1.2029555410075052,5.837487900244735,0.0,1.0,0.7215590361335711
-1.2255443781814552,5.827596569641695,0.0,1.0,0.7202424021810889
-1.2480915350363084,5.817520327798291,0.0,1.0,0.7191889398161271
-1.2705931228869538,5.807248964775153,0.0,1.0,0.7181471968131504
-1.2930451530838196,5.796772278189532,0.0,1.0,0.7169070124094528
-1.315442321470549,5.78608016510204,0.0,1.0,0.715426405649765
-1.3377783961470453,5.775162592704389,0.0,1.0,0.7136961972919657
-1.3600471257784388,5.764009529657427,0.0,1.0,0.7117426953385266
-1.3822422549662225,5.752610955314592,0.0,1.0,0.7095945090398701
-1.4043571244030308,5.740957911830089,0.0,1.0,0.7072799606217279
-1.4263843336048474,5.7290433916077435,0.0,1.0,0.7048646937358389
-1.448316402675195,5.716860596008482,0.0,1.0,0.7024005428345521
-1.4701458517175992,5.704402726393237,0.0,1.0,0.6998729853284111
-1.491865163027718,5.691663581138252,0.0,1.0,0.6973628817458928
-1.5134666195128865,5.67864010711558,0.0,1.0,0.6952985272971046
-1.5349424385894919,5.665330285349904,0.0,1.0,0.6940049728443914
-1.5562848376350114,5.6517320974803065,0.0,1.0,0.6931783655164491
-1.5774860338477739,5.637843632091386,0.0,1.0,0.6925207646268605
-1.598538241073573,5.62366497906849,0.0,1.0,0.6926213135850706
-1.6194336701838512,5.609198003850169,0.0,1.0,0.6943376823308427
-1.6401645319468676,5.594444633468143,0.0,1.0,0.6973713344428761
-1.660723037070806,5.579406796738886,0.0,1.0,0.7008415064070626
-1.6811013803656474,5.5640868947832445,0.0,1.0,0.7048936214628219
-1.701291719475189,5.548488432856109,0.0,1.0,0.7106116987148531
-1.7212862067407395,5.532615073739102,0.0,1.0,0.718195262241892
-1.7410769945036035,5.516470480213843,0.0,1.0,0.7265558953961526
-1.7606562716867713,5.500058269965438,0.0,1.0,0.7351314881589801
-1.7800164800936296,5.483381748937598,0.0,1.0,0.7446001320596342
-1.7991501683729145,5.466444091359129,0.0,1.0,0.7555021909016643
-1.8180498855528018,5.44924847099108,0.0,1.0,0.7671885378093617
-1.8367082062702165,5.431798042409748,0.0,1.0,0.7789145208553474
-1.8551184269789343,5.414095419443622,0.0,1.0,0.7906830632831304
-1.8732746484921454,5.396142613336759,0.0,1.0,0.8027047420086157
-1.8911710138010105,5.377941603735675,0.0,1.0,0.8149025042856013
-1.9088016663906218,5.359494370249702,0.0,1.0,0.8270337703180644
-1.926161481310816,5.340802837427606,0.0,1.0,0.8388210146137284
-1.9432475325226275,5.321868764319059,0.0,1.0,0.8497606116522457
-1.9600573054341441,5.302693879006541,0.0,1.0,0.8596917061061632
-1.9765882854534587,5.283279909572526,0.0,1.0,0.869110370256422
-1.9928382548711165,5.26362869986702,0.0,1.0,0.8782452318597587
-2.008807726121063,5.243743158343065,0.0,1.0,0.8862466326718644
-2.0244986818313633,5.223626766747073,0.0,1.0,0.8922957339931685
-2.0399131188417834,5.203283012367235,0.0,1.0,0.8970699900483445
-2.0550530721850127,5.1827154111841836,0.0,1.0,0.9015256242721735
-2.069922349495667,5.161928810846754,0.0,1.0,0.9051890409597839
-2.084527243003843,5.140929925557542,0.0,1.0,0.9068483184408864
-2.098874230640339,5.119725609026894,0.0,1.0,0.9066279252120494
-2.1129697903362707,5.098322714965556,0.0,1.0,0.9057698019365741
-2.126820893373567,5.076728693878718,0.0,1.0,0.9046027099267163
-2.140436433408653,5.054953321721177,0.0,1.0,0.9022718339181114
-2.153825772262592,5.033006940775088,0.0,1.0,0.8983688419747125
-2.166998271756448,5.010899893322601,0.0,1.0,0.893701170744497
-2.1799633112586205,4.988642601794618,0.0,1.0,0.8889444655847671
-2.1927304899830227,4.966246492782222,0.0,1.0,0.8840217767767207
-2.2053095568914007,4.943723676860514,0.0,1.0,0.8787695319528389
-2.2177102638221102,4.921086277743721,0.0,1.0,0.8733203175236953
-2.2299423535975214,4.8983464141451725,0.0,1.0,0.8679039709605766
-2.2420147708170677,4.875515762027621,0.0,1.0,0.8628704273527525
-2.253935046586725,4.8526052133309205,0.0,1.0,0.8587791345117478
-2.265710567200323,4.82962557967193,0.0,1.0,0.8556619394600832
-2.277348718951696,4.806587672667506,0.0,1.0,0.8529799768124349
-2.2888563547597807,4.783501751289152,0.0,1.0,0.8506795147636622
-2.3002376244089926,4.760375273711516,0.0,1.0,0.8496904604634397
-2.3114958233978653,4.737214812958606,0.0,1.0,0.8505677237531257
-2.3226342468937973,4.714026941711333,0.0,1.0,0.8524598732302596
-2.3336560635360493,4.690818066031396,0.0,1.0,0.8546048214162467
-2.344562202953102,4.6675916435277935,0.0,1.0,0.8575905312639094
-2.3553516752208825,4.644348604037034,0.0,1.0,0.8622850547892141
-2.366023428253842,4.621089795537958,0.0,1.0,0.8682547819731101
-2.3765764063742023,4.597816059791843,0.0,1.0,0.8745112256029832
-2.3870087573532057,4.574526859858927,0.0,1.0,0.8809558852258855
-2.3973168342486506,4.55121855244045,0.0,1.0,0.8881130235169112
-2.407496744545828,4.5278870691913395,0.0,1.0,0.896052312467225
-2.417544595730037,4.504528341766519,0.0,1.0,0.9042404232588643
-2.4274564733718353,4.481138088368636,0.0,1.0,0.9123342326576145
-2.437228317685648,4.457710611413434,0.0,1.0,0.9202376722560507
-2.446856009711634,4.434239636951913,0.0,1.0,0.9278929452110654
-2.456335430317372,4.4107188893541425,0.0,1.0,0.9353763393395667
-2.465662503651527,4.387142114509411,0.0,1.0,0.9427519817047063
-2.474834295710597,4.363503626030468,0.0,1.0,0.9496536139807197
-2.483849102118277,4.339798348897169,0.0,1.0,0.955520656943246
-2.492705279365416,4.316021238352333,0.0,1.0,0.9605161434173809
-2.501401184809387,4.2921672504851225,0.0,1.0,0.9652462488827792
-2.509936081132437,4.268232225605638,0.0,1.0,0.9696649873159493
-2.518311849961792,4.244214561919054,0.0,1.0,0.9729876283421302
-2.52653084374301,4.2201131174736854,0.0,1.0,0.9749596857833902
-2.534595414921647,4.195926750317853,0.0,1.0,0.9763293542617785
-2.542508178055513,4.171654645335276,0.0,1.0,0.9775604090152487
-2.5502740541486704,4.147298863384725,0.0,1.0,0.9781690702989855
-2.5578991625032623,4.122862959517774,0.0,1.0,0.9776650090839735
-2.5653896326492482,4.098350501539356,0.0,1.0,0.9764428905658982
-2.5727516115329028,4.0737650906211424,0.0,1.0,0.9750714205503299
-2.5799919905507327,4.049111754176333,0.0,1.0,0.9735345658095117
-2.5871186690664727,4.024397450713949,0.0,1.0,0.9715807489343455
-2.594139618085508,3.999629275996374,0.0,1.0,0.969242519485676
-2.601062808611906,3.974814325787575,0.0,1.0,0.9667816290008889
-2.6078960769607327,3.949959859230404,0.0,1.0,0.9643525286272553
-2.614646754831449,3.9250737475705773,0.0,1.0,0.9620546922694319
-2.621322055770292,3.9001640053746485,0.0,1.0,0.9599355820159955
-2.627929193323503,3.875238647209171,0.0,1.0,0.9579158264018997
-2.6344752493971333,3.8503056005310596,0.0,1.0,0.9559496681343004
-2.6409657344437276,3.8253717529267948,0.0,1.0,0.9541971282269659
-2.6474051251936026,3.800443307942761,0.0,1.0,0.9528329234161206
-2.653797880232723,3.775526457118772,0.0,1.0,0.9517430085802497
-2.660148443654535,3.750627375845694,0.0,1.0,0.950729031567449
-2.6664601100246115,3.725750958601182,0.0,1.0,0.9497766209699738
-2.6727342092351103,3.70089991063704,0.0,1.0,0.9489579004779068
-2.6789718788270873,3.676076722869186,0.0,1.0,0.948260881025604
-2.6851742563416012,3.65128388621354,0.0,1.0,0.9476002918849187
-2.6913421634894883,3.6265233582419576,0.0,1.0,0.9468876431736164
-2.6974748835901443,3.601794498637005,0.0,1.0,0.9459431286523163
-2.703571232251456,3.5770958772545054,0.0,1.0,0.944647982233122
-2.709630024972546,3.5524260637666005,0.0,1.0,0.9431412260047194
-2.715650055747228,3.5277835457949887,0.0,1.0,0.9415418883531174
-2.721629758277733,3.5031654363202485,0.0,1.0,0.9396039759742839
-2.7275672677963647,3.478567709553508,0.0,1.0,0.9369880551609469
-2.7334607105319493,3.4539863053544324,0.0,1.0,0.9338226828827734
-2.7393082135736613,3.4294171630933477,0.0,1.0,0.9304490982295828
-2.7451080659137963,3.4048561300564657,0.0,1.0,0.9268487052357351
-2.7508589081929005,3.380298853526309,0.0,1.0,0.9227216726861471
-2.756559427181814,3.3557409545483097,0.0,1.0,0.9180099399376757
-2.762208309651377,3.3311780541679052,0.0,1.0,0.9129866943519169
-2.7678043045361185,3.3066059728786725,0.0,1.0,0.9078207527290627
-2.7733465565116044,3.2820218008835202,0.0,1.0,0.9025209626236752
-2.7788343654479433,3.257423126316918,0.0,1.0,0.8971018869884677
-2.7842670315802747,3.232807538484524,0.0,1.0,0.8915736000907196
-2.7896438487076085,3.2081726908251063,0.0,1.0,0.8859497148314133
-2.7949639514071385,3.183517823349929,0.0,1.0,0.8804760722336589
-2.800226308557225,3.15884382718327,0.0,1.0,0.8755392207382883
-2.8054298813040486,3.134151670497046,0.0,1.0,0.8710897866237917
-2.810573630305003,3.109442322438266,0.0,1.0,0.8667775688716519
-2.8156561402143985,3.084717502253927,0.0,1.0,0.8626444701299374
-2.820674948631515,3.059981017992918,0.0,1.0,0.8592036953493825
-2.825627412341404,3.0352370384159366,0.0,1.0,0.8566586627762884
-2.8305108881291154,3.0104897322836774,0.0,1.0,0.8545802156786009
-2.835322576830866,2.9857433803582754,0.0,1.0,0.8526642309432517
-2.8400583655433294,2.961003206921085,0.0,1.0,0.8510446225669441
-2.844713482970686,2.9362749091066767,0.0,1.0,0.8498746242246791
-2.849283152891931,2.911564187586854,0.0,1.0,0.8490486781422389
-2.853762585572441,2.886876733555146,0.0,1.0,0.8483862126569084
-2.858146457711036,2.8622178639683518,0.0,1.0,0.847538628362103
-2.8624287480886643,2.837592406272654,0.0,1.0,0.8459781998773022
-2.8666033883576625,2.8130051548588217,0.0,1.0,0.8437465802162832
-2.870664310173932,2.788460904096861,0.0,1.0,0.8413557544952226
-2.8746055378496322,2.7639639084783765,0.0,1.0,0.8386551637928921
-2.8784214294929313,2.739516477572362,0.0,1.0,0.8344120354473542
-2.882106418352371,2.7151204831288713,0.0,1.0,0.8280374023669225
-2.885654937676495,2.690777796897947,0.0,1.0,0.8206185176167119
-2.8890615376191944,2.666490104807813,0.0,1.0,0.8129133300003164
-2.8923220990394385,2.6422569776221554,0.0,1.0,0.8037345198036195
-2.895433348056917,2.6180766425571393,0.0,1.0,0.7916775379523961
-2.8983920242951218,2.593947305364562,0.0,1.0,0.7775360869108543
-2.901194880337209,2.5698671581344565,0.0,1.0,0.7627857617929629
-2.9038395945757993,2.5458334169918744,0.0,1.0,0.7471847328718302
-2.9063253728286265,2.521841687888833,0.0,1.0,0.7294453162087264
-2.9086515637337658,2.4978874262197523,0.0,1.0,0.709465880980618
-2.9108175159292955,2.473966087379047,0.0,1.0,0.688432404692497
-2.912822701443883,2.450073054194005,0.0,1.0,0.6669575999144592
-2.9146671700347278,2.4262033697245124,0.0,1.0,0.6448774500925645
-2.91635114040174,2.4023519776737072,0.0,1.0,0.6220498635816712
-2.917874831265697,2.3785138217324637,0.0,1.0,0.5986208390300154
-2.919238379621328,2.3546839146056118,0.0,1.0,0.5748817569578357
-2.9204406246945336,2.330858364905263,0.0,1.0,0.5518197958937437
-2.921479366934376,2.3070341584437464,0.0,1.0,0.5306194113231988
-2.922352377668206,2.283208305625361,0.0,1.0,0.5108646432583012
-2.923057417731154,2.2593778244901013,0.0,1.0,0.4914838253661844
-2.923590553602849,2.2355409661412806,0.0,1.0,0.4733050013984449
-2.9239443034873203,2.211698563931632,0.0,1.0,0.45889315807849707
-2.9241107395044668,2.187851775850592,0.0,1.0,0.4487292270194001
-2.9240819337741857,2.1640017598875927,0.0,1.0,0.44052562686081587
-2.9238492026142864,2.1401501896592316,0.0,1.0,0.43347100899362445
-2.92339924300237,2.116301890211927,0.0,1.0,0.43015029522680104
-2.922717007229418,2.092462876861101,0.0,1.0,0.43244078440346234
-2.921787444347052,2.068639167132152,0.0,1.0,0.4381016625786016
-2.920595393592669,2.044836860349571,0.0,1.0,0.4447497949902728
-2.919123142391794,2.0210639566472657,0.0,1.0,0.4534920025250855
-2.917350411781866,1.9973303678261622,0.0,1.0,0.46641437540756514
-2.915256810070831,1.9736460896578314,0.0,1.0,0.48262846718243335
-2.9128219452834876,1.9500211186425336,0.0,1.0,0.49966791160630597
-2.910025259527154,1.9264658782760986,0.0,1.0,0.5170358254189082
-2.906845750054563,1.9029919369062356,0.0,1.0,0.5358487668443517
-2.9032623403412443,1.8796110527493612,0.0,1.0,0.5563014458280282
-2.8992539538627264,1.8563349840218946,0.0,1.0,0.5771153983757824
-2.894799916857905,1.8331754154099924,0.0,1.0,0.5974338402930142
-2.889882805317922,1.8101434383106645,0.0,1.0,0.6172306432242081
-2.8844867659529605,1.787249857363515,0.0,1.0,0.6365543801978976
-2.878595955685894,1.7645054753436649,0.0,1.0,0.6553566505272488
-2.87219464627552,1.741921058484157,0.0,1.0,0.6735478400487988
-2.8652713092341813,1.719506036609272,0.0,1.0,0.6906959891050857
-2.857819723438273,1.697268150680422,0.0,1.0,0.7061678760764196
-2.849834007933802,1.6752150334132332,0.0,1.0,0.7201527791130138
-2.8413082819820428,1.653354317446911,0.0,1.0,0.7333949009736956
-2.832238899778579,1.6316928420749675,0.0,1.0,0.7459032454025798
-2.822629958269728,1.6102346981083635,0.0,1.0,0.7567561868339802
-2.8124872299919983,1.5889833815655137,0.0,1.0,0.7656319209589544
-2.8018164874819016,1.5679423884648387,0.0,1.0,0.7734799034915492
-2.790624023086783,1.5471150207299136,0.0,1.0,0.7809327359301381
-2.7789217750849287,1.5265024721211504,0.0,1.0,0.787363316008443
-2.766725144288719,1.5061046435055636,0.0,1.0,0.7920896690765435
-2.7540495816458623,1.485921417029878,0.0,1.0,0.795657451669934
-2.7409105674282213,1.465952662915251,0.0,1.0,0.7988988701370225
-2.727325477677936,1.44619748040931,0.0,1.0,0.8017080394563273
-2.713314708067398,1.4266537407337905,0.0,1.0,0.803501607825696
-2.698898923748308,1.407319205518348,0.0,1.0,0.8043280449642187
-2.684098789872359,1.3881916363926363,0.0,1.0,0.8048099265149194
-2.668934986465386,1.3692687314341776,0.0,1.0,0.805173974142547
-2.653428260501969,1.350547902671115,0.0,1.0,0.8051213581527574
-2.6375993777845284,1.3320264816865952,0.0,1.0,0.8044979149626917
-2.6214691041165086,1.3137018000594154,0.0,1.0,0.8036023034135817
-2.6050580706782847,1.2955712154683818,0.0,1.0,0.8026862592971905
-2.588384880289365,1.2776324788402789,0.0,1.0,0.8016543051212334
-2.571466567141131,1.2598836452192756,0.0,1.0,0.8003587264884621
-2.554320124656795,1.2423227775534649,0.0,1.0,0.7988908434630257
-2.5369625341617636,1.2249479411297366,0.0,1.0,0.797427337993342
-2.519409084028839,1.2077575285240405,0.0,1.0,0.7959727089107211
-2.50167164360445,1.1907505932935487,0.0,1.0,0.7944198940257938
-2.483761670479567,1.1739262685978147,0.0,1.0,0.7927636044973125
-2.4656906222451593,1.1572836875963919,0.0,1.0,0.7911199128038948
-2.447469368941387,1.1408220740766783,0.0,1.0,0.7895484071728278
-2.429105332156022,1.124541183738908,0.0,1.0,0.7880141017261935
-2.4106046793528595,1.1084409657279493,0.0,1.0,0.7864923922085382
-2.391973576204476,1.0925213694649625,0.0,1.0,0.7850233914661222
-2.373218101545694,1.076782353833418,0.0,1.0,0.7836524988081882
-2.3543424357198974,1.0612240845866756,0.0,1.0,0.7824238729967056
-2.3353489138857384,1.045846928539403,0.0,1.0,0.7813866184506902
-2.316239795028163,1.0306512608065606,0.0,1.0,0.7805260251657622
-2.297017336899818,1.015637456610614,0.0,1.0,0.7797949030267332
-2.2776832318259688,1.00080594050093,0.0,1.0,0.7792651081145641
-2.2582377121626296,0.9861572643920414,0.0,1.0,0.7791542315074892
-2.2386807777871933,0.971692000479519,0.0,1.0,0.7795091097170128
-2.219012428577042,0.9574107209589275,0.0,1.0,0.7801119823916333
-2.1992325728324014,0.943314013703653,0.0,1.0,0.7808828711937699
-2.1793404108274883,0.9294025877996588,0.0,1.0,0.7821610215546578
-2.1593348128579413,0.9156772088245522,0.0,1.0,0.7842243688846561
-2.1392146473720204,0.9021386426722143,0.0,1.0,0.7867724536454525
-2.118978775603667,0.8887876582729118,0.0,1.0,0.7894557170204289
-2.0986258137817373,0.8756251276757991,0.0,1.0,0.7925537952780947
-2.0781540789778092,0.8626520488407399,0.0,1.0,0.7966088353286755
-2.0575618700831475,0.8498694273794101,0.0,1.0,0.8014804011685968
-2.036847485981394,0.8372782689082684,0.0,1.0,0.8065701750586841
-2.0160091856883664,0.8248796040099323,0.0,1.0,0.8118560310663314
-1.9950450953778234,0.8126745464558418,0.0,1.0,0.8180089426210048
-1.9739533135890408,0.8006642273227997,0.0,1.0,0.8252639681261339
-1.9527319388612923,0.7888497776876076,0.0,1.0,0.8329543770025514
-1.9313790779783948,0.7772323180610834,0.0,1.0,0.8406571542999666
-1.9098929232287538,0.7658128593735317,0.0,1.0,0.8489018142729654
-1.8882717175224648,0.754592347679797,0.0,1.0,0.858246605689478
-1.8665137044308548,0.7435717281873058,0.0,1.0,0.8682585765974187
-1.8446171325284886,0.7327519412967293,0.0,1.0,0.8782846632355544
-1.8225805443869838,0.7221336449574921,0.0,1.0,0.8884484953264818
-1.8004029347451465,0.7117170627092381,0.0,1.0,0.8992669118730678
-1.7780833368284228,0.7015023811164145,0.0,1.0,0.9107146654824643
-1.7556207838622604,0.6914897867434681,0.0,1.0,0.9222811212857096
-1.733014537348298,0.6816792426187989,0.0,1.0,0.9337412629757942
-1.7102648465924561,0.672069744478259,0.0,1.0,0.945179785223086
-1.6873722280294459,0.6626600264758216,0.0,1.0,0.9566544870180083
-1.664337198098425,0.6534488227611076,0.0,1.0,0.9681175749164
-1.6411603490653992,0.6444347822884416,0.0,1.0,0.9794808024895989
-1.6178433582997793,0.6356153348435906,0.0,1.0,0.9903466371313053
-1.5943887138759143,0.6269869993443359,0.0,1.0,0.9997400553384191
-1.57079892334904,0.618546272820686,0.0,1.0,0.9905097262078802
-1.5470765000150288,0.6102896448474439,0.0,1.0,0.9814334346470936
-1.5232246593663277,0.6022126930755116,0.0,1.0,0.9728874763860573
-1.4992479847616336,0.5943092187444974,0.0,1.0,0.9660259210221916
-1.4751512172919181,0.5865728182513369,0.0,1.0,0.9609682626237666
-1.4509390980481465,0.578997087992964,0.0,1.0,0.9565673627217859
-1.426616614176226,0.57157526412974,0.0,1.0,0.9524666966240807
-1.4021901399498962,0.5642985519984568,0.0,1.0,0.9500184246713397
-1.3776665352882287,0.5571574459271746,0.0,1.0,0.9501934120446464
-1.353052660627272,0.5501424394870893,0.0,1.0,0.9518449376156259
-1.328355417466464,0.5432439712276724,0.0,1.0,0.9537943634676893
-1.3035825532052574,0.5364513462589167,0.0,1.0,0.9567947185510167
-1.2787426097617567,0.529752805098316,0.0,1.0,0.9621646046314707
-1.2538441598285377,0.5231365470279897,0.0,1.0,0.9694941478399232
-1.2288957766410056,0.5165907711716903,0.0,1.0,0.9774379350292524
-1.2039062329588062,0.5101036184415179,0.0,1.0,0.9858242608407038
-1.1788847977877548,0.5036630849686349,0.0,1.0,0.9954672983905006
-1.1538408159835731,0.49725714475482197,0.0,1.0,0.9934142608744361
-1.1287836324019807,0.490873771801859,0.0,1.0,0.9815813245374885
-1.103722531566249,0.4845011737891951,0.0,1.0,0.9695633474297255
-1.0786663508525518,0.4781292902715657,0.0,1.0,0.9574086107874084
-1.0536237267332407,0.47174883893772906,0.0,1.0,0.9451311993074332
-1.0286032947224326,0.4653505411878396,0.0,1.0,0.9327435300149791
-1.0036136565068916,0.45892519651126745,0.0,1.0,0.9202877174911347
-0.978662344446854,0.45246607289805857,0.0,1.0,0.9082473618750941
-0.9537556292787536,0.4459693507501098,0.0,1.0,0.8973697006112894
-0.9288997091221985,0.439431378102573,0.0,1.0,0.8875396276430925
-0.9041007818375023,0.432848503467655,0.0,1.0,0.8780352706297374
-0.8793642606396029,0.42621851898259105,0.0,1.0,0.8689595280694883
-0.8546930437457823,0.41954384398770816,0.0,1.0,0.8614857458314502
-0.8300895265106869,0.41282782301209314,0.0,1.0,0.85605248659732
-0.8055561042889636,0.4060738005848328,0.0,1.0,0.8515696000544912
-0.7810949301863965,0.3992854884727353,0.0,1.0,0.8473543046041633
-0.7567057568688509,0.39247023739509235,0.0,1.0,0.8443541280465802
-0.7323869652939622,0.3856374775154587,0.0,1.0,0.8435203889526393
-0.7081369203377137,0.37879666337641155,0.0,1.0,0.8440480756835789
-0.6839539640333763,0.37195727245757076,0.0,1.0,0.8447854396897416
-0.659835213490309,0.365130012220839,0.0,1.0,0.8460277265443565
-0.6357759665048631,0.35832741695406833,0.0,1.0,0.8487450644372737
-0.6117713732903187,0.3515621691376212,0.0,1.0,0.8527574043144286
-0.5878165840599584,0.3448469512518612,0.0,1.0,0.856979174475829
-0.5639065025252417,0.3381943731184927,0.0,1.0,0.8611075425476659
-0.5400350068633647,0.3316167422736487,0.0,1.0,0.8657742500980692
-0.5161957085932865,0.32512628765351603,0.0,1.0,0.8712129581042662
-0.49238221923338127,0.31873523819410965,0.0,1.0,0.876763957988396
-0.468588182903704,0.3124556832695423,0.0,1.0,0.8819657132293895
-0.44480768724989045,0.3062978136009255,0.0,1.0,0.8870809981542912
-0.4210351400207681,0.30027044960533983,0.0,1.0,0.8923905096436442
-0.39726495605649415,0.29438238134319816,0.0,1.0,0.897658841378214
-0.37349156134369627,0.28864238449473334,0.0,1.0,0.9025687468094554
-0.34971058287981743,0.28305768530470016,0.0,1.0,0.9071335533431655
-0.32591990469806864,0.2776325981945297,0.0,1.0,0.9114685436305185
-0.3021176599146328,0.2723711162413366,0.0,1.0,0.9155591170547055
-0.27830198164570064,0.2672772325222373,0.0,1.0,0.9193558734075401
-0.2544719129280888,0.2623544141265024,0.0,1.0,0.9228877440274087
-0.230631424922058,0.25760327939711875,0.0,1.0,0.9261453796609211
-0.20678614944775484,0.253023486717621,0.0,1.0,0.9290978489742103
-0.1829417195917655,0.24861469373946513,0.0,1.0,0.9319031688439995
-0.15910407848243782,0.24437648759778058,0.0,1.0,0.9347978810706496
-0.135285195707643,0.24030708476135376,0.0,1.0,0.9373289933745108
-0.11150251092766968,0.23640345757808998,0.0,1.0,0.9384144808706695
-0.08777366223971221,0.23266253326312838,0.0,1.0,0.9380064774333217
-0.06411630209410425,0.22908123838548128,0.0,1.0,0.9372200941784518
-0.04055239092661111,0.22565630558422609,0.0,1.0,0.9370540829100271
-0.017114212122186483,0.22238400279657022,0.0,1.0,0.9389160487287164
0.006164436841683439,0.21926052980074723,0.0,1.0,0.9467104798027556
0.029249758487512406,0.21628208637499063,0.0,1.0,0.9729096552916694
0.05210631875205806,0.21344493577286228,0.0,1.0,0.977299037983251
0.07468705199354046,0.21074579238118632,0.0,1.0,0.9430063199085061
0.09693985537966848,0.20818156595529755,0.0,1.0,0.9042967486522983
0.11881260585702405,0.20574916703481191,0.0,1.0,0.9663788234711126
0.1402529568425723,0.20344552530783308,0.0,1.0,0.9450309889927272
0.16120197008155887,0.20126813513281222,0.0,1.0,0.8989534835469876
0.18159319227615944,0.19921513463842522,0.0,1.0,0.8858564341393814
0.20135976092911267,0.19728469700709383,0.0,1.0,0.8833412378824861
0.22043481271700346,0.19547499553426792,0.0,1.0,0.8844026685047796
0.23874989332980429,0.1937844211819232,0.0,1.0,0.8865310554180932
0.2562316421145912,0.19221203616005458,0.0,1.0,0.8881982285062482
0.2728057556425375,0.19075703166198918,0.0,1.0,0.8879140959556583
0.2883979304848227,0.1894185988810539,0.0,1.0,0.8857187696560291
0.30293492734743516,0.1881959654980452,0.0,1.0,0.8829694756842792
0.31635358757499604,0.18708870484263093,0.0,1.0,0.88037066668965
0.32859631173329523,0.1860965808612244,0.0,1.0,0.8783259340426238
0.3396055585574536,0.185219359494771,0.0,1.0,0.8770795716039975
0.34932378678259063,0.1844568066842164,0.0,1.0,0.8759943219440618
0.3576934551438252,0.183808688370506,0.0,1.0,0.874445054105677
0.3646570223762776,0.18327477049458546,0.0,1.0,0.872930944339603
0.3701569472150656,0.18285481899740047,0.0,1.0,0.8724486689856374
0.37413568839530914,0.18254859981989652,0.0,1.0,0.8727869175667031
