-0.007745244730837181,-0.8017246674791071,0.0,1.0,1.0
-0.00596771154932251,-0.8015109521554357,0.0,1.0,0.9999533900410487
-0.003510464795364843,-0.8012160735000021,0.0,1.0,0.9998268823983799
-0.00037909850484285363,-0.8008401061198778,0.0,1.0,0.9996166370236549
0.00342079328636478,-0.8003831246221341,0.0,1.0,0.9993185537770415
0.00788361654237938,-0.7998452036138434,0.0,1.0,0.9989283522262035
0.013003777227322277,-0.799226417702077,0.0,1.0,0.9984416886070037
0.01877568130531479,-0.7985268414939064,0.0,1.0,0.9978543184483274
0.025193734740478244,-0.7977465495964031,0.0,1.0,0.9971623842343472
0.03225228699769338,-0.7968856183573194,0.0,1.0,0.9963620647370122
0.03994411942634382,-0.7959441724363365,0.0,1.0,0.9954489039702188
0.04826027968615278,-0.794922389906226,0.0,1.0,0.9944193294338859
0.057191725718141934,-0.7938204516038952,0.0,1.0,0.9933352502888481
0.06672941313480267,-0.7926385384126621,0.0,1.0,0.9921953114360436
0.07686375190878961,-0.7913768420913301,0.0,1.0,0.9909978636067466
0.08758390803738399,-0.7900355791931439,0.0,1.0,0.9897409377392999
0.09887887500171769,-0.788614969709875,0.0,1.0,0.98842289554337
0.11073764628292262,-0.7871152336332944,0.0,1.0,0.9870426342986716
0.12314900697308141,-0.7855366119174693,0.0,1.0,0.9855988308455405
0.13610069141555697,-0.7838794512135069,0.0,1.0,0.984089578621522
0.14958010352200224,-0.7821441314113409,0.0,1.0,0.982513177790826
0.16357464708347447,-0.7803310324130356,0.0,1.0,0.9808687863482938
0.17807168108460297,-0.7784405374555488,0.0,1.0,0.9791556415838637
0.19305801863402497,-0.7764730704047923,0.0,1.0,0.9773721625832507
0.20852010841537105,-0.7744290822504325,0.0,1.0,0.9755166129880208
0.22444439246381143,-0.7723090244769738,0.0,1.0,0.9735882663805266
0.2408173097649393,-0.770113349914974,0.0,1.0,0.9715869364584402
0.2576251692215868,-0.7678425688122519,0.0,1.0,0.9695115790494887
0.2748541037637885,-0.7654972690893005,0.0,1.0,0.9673605606296886
0.29249023383051137,-0.7630780441800481,0.0,1.0,0.9651332076467811
0.3105196799144935,-0.7605854875383484,0.0,1.0,0.9628298385027798
0.328928610864484,-0.758020210536233,0.0,1.0,0.9604500692395083
0.3477033329060303,-0.7553828754503064,0.0,1.0,0.957992515344946
0.3668301764954608,-0.7526741535358171,0.0,1.0,0.9554564182003353
0.3862954720891037,-0.7498947160480144,0.0,1.0,0.9528422946681631
0.4060856182479188,-0.7470452415768383,0.0,1.0,0.9501503772618607
0.4261874484610154,-0.7441264555528558,0.0,1.0,0.9473796621750389
0.44658796727218547,-0.741139101828776,0.0,1.0,0.9445292332034798
0.4672741796345654,-0.7380839243013939,0.0,1.0,0.9415994816695168
0.48823312179993344,-0.7349616671837587,0.0,1.0,0.9385910133564845
0.5094523439762277,-0.7317730798821362,0.0,1.0,0.9355031759442315
0.5309198167376509,-0.7285189160503412,0.0,1.0,0.9323348578390708
0.552623523001663,-0.7251999294669088,0.0,1.0,0.9290861092164061
0.5745514515838153,-0.7218168736066737,0.0,1.0,0.9257576517838131
0.5966920204779517,-0.7183704798454675,0.0,1.0,0.92234909566344
0.6190343602410604,-0.7148614428682285,0.0,1.0,0.9188591161265828
0.6415676686130752,-0.7112904539005497,0.0,1.0,0.9152870748014075
0.6642811433459999,-0.7076582041669321,0.0,1.0,0.9116331450755053
0.6871642197354715,-0.7039653634144774,0.0,1.0,0.9078968117551384
0.7102071798642259,-0.7002125248284118,0.0,1.0,0.9040765247587549
0.7334004944231235,-0.6964002645410445,0.0,1.0,0.9001710140499604
0.7567346341030239,-0.6925291586846845,0.0,1.0,0.8961798802037326
0.7802001655768257,-0.6885997658982719,0.0,1.0,0.8921024300076429
0.8037884394027421,-0.6846125019524087,0.0,1.0,0.8879368834703307
0.8274911889153586,-0.680567712854144,0.0,1.0,0.8836812526671345
0.8513001500407756,-0.6764657441382061,0.0,1.0,0.8793342066558256
0.8752070824618193,-0.6723069353472005,0.0,1.0,0.874894456893959
0.8992042922660076,-0.6680914882049118,0.0,1.0,0.870359848589477
0.9232846319455505,-0.663819466616304,0.0,1.0,0.8657277816946164
0.9474409777493835,-0.6594909284942174,0.0,1.0,0.8609961418141887
0.9716662079359651,-0.6551059309681381,0.0,1.0,0.8561630878958358
0.9959534975777662,-0.6506644154630215,0.0,1.0,0.8512261051799483
1.0202966295907965,-0.6461660864532495,0.0,1.0,0.8461820638442121
1.0446894613178488,-0.6416106194000323,0.0,1.0,0.8410280691262298
1.0691258501017171,-0.636997689764579,0.0,1.0,0.8357615835239531
1.0935997648426614,-0.6323269055002864,0.0,1.0,0.8303796663023044
1.1181056752964864,-0.6275975714731495,0.0,1.0,0.8248787434377416
1.1426381917207191,-0.6228089075260437,0.0,1.0,0.8192553045321087
1.1671919243800244,-0.6179601334975223,0.0,1.0,0.8135063144544661
1.191761513173168,-0.6130504407777471,0.0,1.0,0.8076285826350393
1.2163419123073504,-0.6080787190244026,0.0,1.0,0.8016182127574321
1.2409282652984088,-0.6030436761610626,0.0,1.0,0.7954711285897863
1.2655157182638053,-0.5979440176137748,0.0,1.0,0.7891837939371759
1.2900994212706045,-0.5927784418956766,0.0,1.0,0.7827528305128774
1.3146746588950267,-0.5875454120914475,0.0,1.0,0.7761741616363279
1.3392368801694188,-0.5822431034417681,0.0,1.0,0.7694432663012861
1.3637815441410948,-0.5768696736583417,0.0,1.0,0.7625561743257769
1.3883041099159652,-0.5714232801044878,0.0,1.0,0.7555094262570164
1.4128000610866298,-0.5659019345627243,0.0,1.0,0.7482989550730434
1.4372649435061846,-0.5603032786579847,0.0,1.0,0.7409199602643595
1.4616943127769884,-0.5546248960528783,0.0,1.0,0.7333681007380701
1.4860837245013987,-0.548864370410015,0.0,1.0,0.7256399346588768
1.5104287261428548,-0.5430192249504598,0.0,1.0,0.717731675752388
1.5347248190210685,-0.5370866402209774,0.0,1.0,0.7096384959198311
1.5589674882133657,-0.5310636761485292,0.0,1.0,0.7013557291733497
1.5831522187790126,-0.5249473925259492,0.0,1.0,0.6928799841503054
1.6072744884474042,-0.5187348285082369,0.0,1.0,0.6842080543670519
1.6313296716855201,-0.5124227325068332,0.0,1.0,0.6753354549909446
1.6553130666266114,-0.506007638009477,0.0,1.0,0.6662572645246599
1.6792199696144072,-0.49948607346537377,0.0,1.0,0.6569698337453247
1.7030456750920928,-0.4928545645587155,0.0,1.0,0.6474702771927234
1.7267853733273397,-0.4861094854137695,0.0,1.0,0.6377545391101972
1.7504340985422426,-0.4792469831316239,0.0,1.0,0.6278176377398517
1.7739868721504104,-0.4722631861789184,0.0,1.0,0.6176558440498378
1.797438715540777,-0.46515422300071496,0.0,1.0,0.6072669105660827
1.820784582493056,-0.45791616291962844,0.0,1.0,0.59664766776164
1.8440192117945822,-0.45054488725320596,0.0,1.0,0.5857933894374537
1.8671372995944655,-0.44303624003301284,0.0,1.0,0.574700045976624
1.8901335420418162,-0.435386065290615,0.0,1.0,0.5633654347059275
1.9130026084027565,-0.4275901979513065,0.0,1.0,0.5517870921419452
1.9357389740961901,-0.4196444072770982,0.0,1.0,0.5399607349831447
1.9583370295146068,-0.4115444337283817,0.0,1.0,0.5282334588352652
1.980791164687643,-0.40328601764263783,0.0,1.0,0.5168537695285592
2.003095764112087,-0.39486490028508736,0.0,1.0,0.5058486403957825
2.0252451053700784,-0.3862768408482428,0.0,1.0,0.4952452130619694
2.047233369339872,-0.3775176147397816,0.0,1.0,0.4850711554970835
2.06905473341548,-0.36858299795161437,0.0,1.0,0.47535639036500593
2.090703374408907,-0.3594687674870748,0.0,1.0,0.46613142072056724
2.1121734104815446,-0.35017080227327885,0.0,1.0,0.4574222228892673
2.1334588517259627,-0.34068516904072016,0.0,1.0,0.44925285262894904
2.1545536965962397,-0.331007954745415,0.0,1.0,0.44165327221870665
2.1754519435464523,-0.32113524634338075,0.0,1.0,0.4346484802106866
2.1961475884423645,-0.3110632131303433,0.0,1.0,0.42776876281836834
2.2166346167964788,-0.3007883537608658,0.0,1.0,0.4210194687504286
2.2369070115329865,-0.29030724922922124,0.0,1.0,0.41440862661839994
2.2569587555760786,-0.2796164805296819,0.0,1.0,0.4079487298167743
2.2767838360480384,-0.26871267665794185,0.0,1.0,0.4016496253147686
2.2963762790523945,-0.2575929123251791,0.0,1.0,0.39551484869244685
2.3157301318483974,-0.24625450413922206,0.0,1.0,0.3895490394023512
2.334839441905231,-0.23469477110832,0.0,1.0,0.38376309752091825
2.3536982603204413,-0.2229110479716271,0.0,1.0,0.37816704143485375
2.3723007388953365,-0.21090110607374962,0.0,1.0,0.3727623584318077
2.390641140768094,-0.19866319946503716,0.0,1.0,0.3675486028434256
2.4087137348385963,-0.18619560717593417,0.0,1.0,0.3625331112864625
2.4265127904356203,-0.17349660953169227,0.0,1.0,0.35772587397970473
2.444032677391417,-0.1605647902670992,0.0,1.0,0.3531275558034001
2.4612679946707776,-0.14739942484427915,0.0,1.0,0.3487326652793093
2.4782133730148956,-0.13399988465501667,0.0,1.0,0.3445430735831341
2.494863443164967,-0.12036554109109746,0.0,1.0,0.34056695107797197
2.5112128863897003,-0.10649593370780276,0.0,1.0,0.3368042967717196
2.527256638729947,-0.09239144998202357,0.0,1.0,0.33324525554824386
2.5429897163454154,-0.07805274403878713,0.0,1.0,0.3298853505694663
2.5584071354250613,-0.0634804701004365,0.0,1.0,0.3267297117978665
2.5735039339214327,-0.04867534443511646,0.0,1.0,0.32377873074528946
2.588275414932651,-0.033638839213962,0.0,1.0,0.32102069975812786
2.6027170585671398,-0.018372931246444207,0.0,1.0,0.3184451421995963
2.6168243481626465,-0.002879606548504882,0.0,1.0,0.3160527218152029
2.6305927713292974,0.012839135726705555,0.0,1.0,0.31384429571406386
2.6440179979197618,0.02878073604520953,0.0,1.0,0.3118087390599202
2.6570959443199955,0.04494187680346931,0.0,1.0,0.3099316590876621
2.669822544415615,0.06131918658793539,0.0,1.0,0.3082094327422433
2.682193732217007,0.07790929362883105,0.0,1.0,0.306643313995246
2.6942055539418694,0.09470850580258877,0.0,1.0,0.3052243233063483
2.7058543745827675,0.11171222087795266,0.0,1.0,0.3039363882025248
2.7171366153583794,0.1289156760971399,0.0,1.0,0.3027723702106113
2.728048697487387,0.14631410870236816,0.0,1.0,0.30173378815059027
2.738587081865833,0.1639026270482254,0.0,1.0,0.3008163469829315
2.7487484827763824,0.18167551639023716,0.0,1.0,0.30000757191801847
2.758529714157165,0.19962673826391095,0.0,1.0,0.29929988960896514
2.7679275901847973,0.21775025343007165,0.0,1.0,0.29869487739220935
2.7769389382811145,0.2360399835233684,0.0,1.0,0.2983078731738753
2.7855608033682735,0.254489207686068,0.0,1.0,0.298135193469888
2.7937904082625877,0.2730906795640149,0.0,1.0,0.298169470152453
2.8016249810038945,0.29183713737284894,0.0,1.0,0.2984147185189199
2.809061751277211,0.31072131418929694,0.0,1.0,0.2988786059497242
2.816098068480064,0.3297355691537845,0.0,1.0,0.2994486113538388
2.8227314807682315,0.34887164056167186,0.0,1.0,0.3000603244662092
2.8289595550371103,0.3681212081728755,0.0,1.0,0.3007165786668003
2.8347798581855876,0.3874759517387131,0.0,1.0,0.3014232909604408
2.8401900258157133,0.40692738180972504,0.0,1.0,0.3021824370005639
2.8451879384401164,0.4264664057755257,0.0,1.0,0.3029936462813034
2.8497715311212954,0.44608379668139464,0.0,1.0,0.30386133742437216
2.8539387389217485,0.46577032757261144,0.0,1.0,0.30479427004154397
2.8576875249757876,0.485516718607352,0.0,1.0,0.3057991284415854
2.8610160816802326,0.5053132580148212,0.0,1.0,0.30687959401333575
2.8639227133822978,0.5251500231104546,0.0,1.0,0.30804207331710826
2.8664057251871378,0.5450170897817364,0.0,1.0,0.3092974263511442
2.8684634320243942,0.5649045228371947,0.0,1.0,0.3106557049988652
2.87009437478698,0.5848021322693734,0.0,1.0,0.3121230423977159
2.871297320331071,0.6046994732548326,0.0,1.0,0.3137064018557099
2.8720710453373375,0.6245860898911756,0.0,1.0,0.315417719396201
2.8724143276561755,0.6444515256612346,0.0,1.0,0.31726993167853385
2.87232611791149,0.6642852332438858,0.0,1.0,0.31927154002833785
2.871805720548952,0.6840764793611542,0.0,1.0,0.321429484414597
2.870852483337579,0.7038145079657685,0.0,1.0,0.3237555927158098
2.8694657540463897,0.7234885630104579,0.0,1.0,0.32626465723391157
2.8676449829236224,0.7430878717693462,0.0,1.0,0.32896692302283603
2.8653900803147874,0.7626015866352287,0.0,1.0,0.3318683821826216
2.8627010856334607,0.7820188389949312,0.0,1.0,0.33487184027358463
2.8595780382997815,0.8013287602342123,0.0,1.0,0.3379431446824958
2.8560210249227773,0.8205204860168153,0.0,1.0,0.34109331562233514
2.8520306326115237,0.839583197380098,0.0,1.0,0.34432200635204774
2.84760774992733,0.858506102690044,0.0,1.0,0.3476301504849432
2.8427532695742905,0.8772784106882073,0.0,1.0,0.351030306708252
2.837468097070554,0.8958893346988868,0.0,1.0,0.35459354188485187
2.8317535743342477,0.914328244117924,0.0,1.0,0.3583603529863412
2.825611576843101,0.9325846991603082,0.0,1.0,0.36232843018150523
2.8190440125672844,0.950648271661434,0.0,1.0,0.3665060479953248
2.812052790113649,0.9685085337303944,0.0,1.0,0.37090566077556386
2.804640084142014,0.9861551718476704,0.0,1.0,0.3755283769488097
2.796808745785484,1.0035781632974514,0.0,1.0,0.38036742157317854
2.788561732104925,1.0207675309003665,0.0,1.0,0.3854252415062351
2.7799020001612007,1.037713297477044,0.0,1.0,0.3907125581673581
2.7708326419625857,1.054405573404092,0.0,1.0,0.39622952148676044
2.761357514603826,1.0708349654581322,0.0,1.0,0.4019626354924167
2.7514807444866496,1.086992255146346,0.0,1.0,0.407905021366196
2.7412064583122433,1.1028682241702126,0.0,1.0,0.414063065055257
2.7305388265248483,1.1184536903039852,0.0,1.0,0.42043758551520477
2.7194826358160005,1.1337399795112244,0.0,1.0,0.42701296710724745
2.708043128420086,1.1487187934196224,0.0,1.0,0.4337742606258659
2.696225557250948,1.1633818424637012,0.0,1.0,0.4407215294506178
2.6840351821812187,1.1777208446268839,0.0,1.0,0.4478558680647938
2.671477644518651,1.1917279316737828,0.0,1.0,0.4551618961305285
2.658559156926628,1.2053958551761441,0.0,1.0,0.4626182981922627
2.645285978966371,1.2187174175805353,0.0,1.0,0.470218012785508
2.631664370264941,1.231685421440106,0.0,1.0,0.47796117867922167
2.61770077085595,1.2442929613451432,0.0,1.0,0.4858326508907777
2.603402194452655,1.256534060542712,0.0,1.0,0.49380473723378665
2.588775768542954,1.268402926455122,0.0,1.0,0.5018618314620834
2.5738286206147487,1.2798937665046841,0.0,1.0,0.5100017912907603
2.5585679343863816,1.2910009166246184,0.0,1.0,0.5182128346164024
2.5430012990413666,1.3017196394115773,0.0,1.0,0.5264676646435524
2.527136481610749,1.3120456039208122,0.0,1.0,0.5347452620665242
2.510981249884543,1.3219744809421439,0.0,1.0,0.5430403360524296
2.494543380490589,1.3315019878977448,0.0,1.0,0.5513435974190865
2.4778308208354827,1.3406247433154015,0.0,1.0,0.5596276807963478
2.460851672794543,1.3493401807693943,0.0,1.0,0.5678646748972207
2.4436140438085947,1.3576457632001484,0.0,1.0,0.5760442059937522
2.426126041511044,1.365538959530419,0.0,1.0,0.5841600302036324
2.4083957929421493,1.373017841537911,0.0,1.0,0.5921895940111286
2.390431460900967,1.3800815918126768,0.0,1.0,0.6001030608536131
2.3722412120376037,1.3867295125739352,0.0,1.0,0.6078860027486773
2.3538332130021686,1.3929609060409034,0.0,1.0,0.6155342072741187
2.335215584089253,1.3987754186854435,0.0,1.0,0.6230294820124586
2.3163962601713957,1.404174073989994,0.0,1.0,0.630340000406981
2.29738312976562,1.4091582396896345,0.0,1.0,0.6374460018955009
2.2781840813889516,1.4137292835194477,0.0,1.0,0.6443435181123186
2.258806969990123,1.4178887078217939,0.0,1.0,0.6510205314208815
2.23925933882071,1.4216392648301373,0.0,1.0,0.6574485496611276
2.2195485619694404,1.4249843851130684,0.0,1.0,0.6636047257657274
2.1996820118463867,1.4279275059705232,0.0,1.0,0.6694841406293954
2.179667048705433,1.4304721003149785,0.0,1.0,0.6750804407894719
2.159510695409983,1.4326226294717737,0.0,1.0,0.6803692168905416
2.139219601808578,1.4343846475436397,0.0,1.0,0.6853241869546045
2.1188003984461856,1.4357637651847028,0.0,1.0,0.6899374806701414
2.098259714792428,1.4367655955474974,0.0,1.0,0.6942076804392018
2.0776039283337684,1.4373963372317673,0.0,1.0,0.6981174157723846
2.0568388420736046,1.4376635235673476,0.0,1.0,0.7016404595561281
2.035970179345264,1.4375748729862068,0.0,1.0,0.7047659138383373
2.0150036634820716,1.4371381039203137,0.0,1.0,0.7074951930284534
1.9939448980221832,1.4363611960654927,0.0,1.0,0.7098181612781187
1.9727988824671003,1.4352534464740356,0.0,1.0,0.711711246211221
1.9515704263653304,1.4338245664707816,0.0,1.0,0.713160757420362
1.9302643391960572,1.4320842675317658,0.0,1.0,0.7141683591636516
1.9088853854510923,1.4300423470788857,0.0,1.0,0.7147302223255405
1.8874377815418708,1.4277096496111206,0.0,1.0,0.7148273734637144
1.8659253779831748,1.42509771865264,0.0,1.0,0.7144437070897823
1.84435201861448,1.422218110480423,0.0,1.0,0.7135787153418576
1.8227215397605756,1.419082396022004,0.0,1.0,0.7122334237463367
1.8010374571998806,1.4157027711391061,0.0,1.0,0.7103956087770312
1.7793028530834685,1.412092277089234,0.0,1.0,0.7071765376616166
1.7575207787822686,1.4082640151385744,0.0,1.0,0.702535154343183
1.7356942855005568,1.4042310868664312,0.0,1.0,0.6964747767626734
1.7138262745732213,1.4000068754359782,0.0,1.0,0.6889718533198893
1.691919221564379,1.3956055639748426,0.0,1.0,0.6799836234303872
1.6699755269398833,1.3910414767099053,0.0,1.0,0.6703352918953907
1.6479975911655924,1.3863289378680468,0.0,1.0,0.6604871011085844
1.6259877771033855,1.381482350793635,0.0,1.0,0.6504391806791264
1.6039482074695477,1.3765166240892277,0.0,1.0,0.6401896136880778
1.5818809105325176,1.3714468650724574,0.0,1.0,0.6297366100532459
1.559787914334709,1.3662881815364922,0.0,1.0,0.6190807813049938
1.5376712401062707,1.3610556950820727,0.0,1.0,0.6082233119974204
1.515532797212795,1.3557647540445816,0.0,1.0,0.5971631130278336
1.4933744035255243,1.350430892206335,0.0,1.0,0.5858981064998281
1.4711978742291478,1.3450696487949498,0.0,1.0,0.574428342480474
1.4490050251719266,1.3396965624247976,0.0,1.0,0.562755304992735
1.4267977204877127,1.3343271270874018,0.0,1.0,0.5508784216374905
1.4045779044787343,1.3289767626871256,0.0,1.0,0.5387951879531617
1.382347529005775,1.3236608821431366,0.0,1.0,0.5265046293017762
1.3601085459326914,1.3183948983695766,0.0,1.0,0.5140078180656901
1.3378629675181377,1.3131941253694919,0.0,1.0,0.501304319898802
1.3156130213140207,1.3080735245511739,0.0,1.0,0.48839107252888503
1.2933609828253299,1.3030479787881368,0.0,1.0,0.47526560475546453
1.2711091275570543,1.2981323709538954,0.0,1.0,0.4619278172737553
1.2488597692982943,1.293341511998419,0.0,1.0,0.44837706592422555
1.226615534504445,1.288689625472072,0.0,1.0,0.43460978226489966
1.204379202307923,1.2841906480941172,0.0,1.0,0.42062182500081413
1.1821535528748113,1.27985851464188,0.0,1.0,0.40641129998555076
1.159941380883449,1.2757071309143744,0.0,1.0,0.39278635127341727
1.1377458147939143,1.2717497362093897,0.0,1.0,0.3801156217699962
1.1155703168480318,1.2679989033234953,0.0,1.0,0.36839626454617946
1.0934183637998784,1.264467176074946,0.0,1.0,0.3576586139220889
1.0712934339900513,1.26116709497842,0.0,1.0,0.347941005231787
1.0491992400946393,1.2581107125981554,0.0,1.0,0.33924776568919074
1.027139974683893,1.2553090822277684,0.0,1.0,0.3311271098838061
1.0051198890882156,1.2527731348061988,0.0,1.0,0.3232828982033965
0.9831432346380145,1.2505138012723882,0.0,1.0,0.3157295825444077
0.9612143794069471,1.2485417239365195,0.0,1.0,0.3084695718148316
0.9393382156066731,1.2468662492626348,0.0,1.0,0.30149231947429256
0.917519782481843,1.2454963601995543,0.0,1.0,0.294796854938491
0.8957641192845791,1.244441039677627,0.0,1.0,0.28839628037400866
0.8740763104005902,1.2437091593475655,0.0,1.0,0.2822965018929326
0.8524619189163524,1.2433084105937644,0.0,1.0,0.2764872825248572
0.830926796240837,1.2432457739237113,0.0,1.0,0.2709620511771205
0.8094767977453579,1.2435282200754905,0.0,1.0,0.26573034380612004
0.7881177883593266,1.2441626925645504,0.0,1.0,0.2608005428869001
0.766855958526126,1.2451552078028774,0.0,1.0,0.25616324698615306
0.7456978966751813,1.2465106486896709,0.0,1.0,0.25180565650017767
0.7246502154722755,1.2482338290960424,0.0,1.0,0.24773156270352933
0.7037195279901439,1.2503295616093035,0.0,1.0,0.24395516089203875
0.6829126173583211,1.2528021223486778,0.0,1.0,0.2405872437464876
0.6622366990972476,1.2556544233954778,0.0,1.0,0.2376111197743144
0.641699056434688,1.2588891632387258,0.0,1.0,0.23502515547332128
0.6213069725984117,1.262509040367444,0.0,1.0,0.23284196448192565
0.6010677958185662,1.2665165192734815,0.0,1.0,0.23106242546058223
0.5809892428573463,1.2709127377979927,0.0,1.0,0.22955999725079118
0.5610791601985552,1.2756983668070851,0.0,1.0,0.22827298436273202
0.541345394470245,1.2808740766476023,0.0,1.0,0.22720867409207476
0.5217958100635162,1.28644046265239,0.0,1.0,0.2263688459719723
0.5024385216133106,1.2923970633653417,0.0,1.0,0.22574142204815442
0.48328182874004316,1.2987426361299186,0.0,1.0,0.2253172232831246
0.4643340354008068,1.3054759199756198,0.0,1.0,0.22510128792274858
0.44560344738861446,1.3125956418211069,0.0,1.0,0.22509936354350704
0.4270984711295775,1.3200998647483408,0.0,1.0,0.22530431113978272
0.4088276637891594,1.3279856574714164,0.0,1.0,0.22570627672513552
0.3907995949057703,1.3362500070850245,0.0,1.0,0.22630821064816614
0.373022834030969,1.3448899005643289,0.0,1.0,0.22711895591891115
0.3555059867531569,1.3539019973801862,0.0,1.0,0.22813732899015202
0.3382577732552666,1.3632819155636529,0.0,1.0,0.22935558408546902
0.3212869364471117,1.3730250666029238,0.0,1.0,0.23077580101248377
0.3046022192385092,1.3831268619861925,0.0,1.0,0.2324090164822063
0.28821235931140704,1.3935825922939944,0.0,1.0,0.23425974846749803
0.27212605665077705,1.4043866762687736,0.0,1.0,0.23632362315532382
0.25635199470672343,1.415533150242193,0.0,1.0,0.23860205815134614
0.24089885685878365,1.4270160489139703,0.0,1.0,0.24110695413569927
0.22577532097955308,1.438829377187807,0.0,1.0,0.24384820150538816
0.21098995852752464,1.4509665642006975,0.0,1.0,0.24682666112248508
0.1965512447100554,1.4634205183109068,0.0,1.0,0.25004446282079795
0.18246765126657397,1.4761841291130267,0.0,1.0,0.2534769514707743
0.16874764846224488,1.489250282944369,0.0,1.0,0.25701172036749603
0.15539955799712443,1.502611537897243,0.0,1.0,0.2606484551489213
0.14243142782720847,1.5162598472441835,0.0,1.0,0.2643806400514529
0.1298512764275701,1.5301870991215327,0.0,1.0,0.26821365373014977
0.11766712227328464,1.5443851816656324,0.0,1.0,0.27216205520302084
0.10588687446666734,1.5588458609061948,0.0,1.0,0.27629482798091537
0.09451800461900754,1.5735604144463993,0.0,1.0,0.28065647977811836
0.08356787496883543,1.588519997782796,0.0,1.0,0.2852525715397143
0.0730438477546813,1.603715766411936,0.0,1.0,0.29009810068229286
0.06295322918936933,1.6191388400790152,0.0,1.0,0.2952022991503995
0.05330280526100809,1.6347800065613385,0.0,1.0,0.30056258790030393
0.044099079623754055,1.6506298734721234,0.0,1.0,0.30617906614449486
0.0353485531300678,1.6666790466367631,0.0,1.0,0.31206332769622536
0.027057709012873514,1.68291812601054,0.0,1.0,0.3182253597458686
0.019232541481331883,1.6993375486261044,0.0,1.0,0.3246609530417002
0.011878504085805536,1.7159275713907969,0.0,1.0,0.33136265530248976
0.005001022397483966,1.7326784418904444,0.0,1.0,0.33833520542866197
-0.0013944795496462123,1.7495804075468033,0.0,1.0,0.34558703596216095
-0.007302937930899534,1.7666236773345538,0.0,1.0,0.3531116322188693
-0.012720110143708314,1.7837983725749331,0.0,1.0,0.3608924984305692
-0.01764186747367353,1.8010946024332828,0.0,1.0,0.36892430641241575
-0.02206408120639536,1.8185024760749413,0.0,1.0,0.37721131483282216
-0.02598280944844514,1.8360121177640767,0.0,1.0,0.38574524931613935
-0.02939505230356499,1.8536137278968279,0.0,1.0,0.3945022346392814
-0.03229810610782301,1.8712975308107627,0.0,1.0,0.4034655411273395
-0.034689267305401165,1.8890537508521832,0.0,1.0,0.4126323521189542
-0.03656590515406355,1.9068726279998247,0.0,1.0,0.42199213204466524
-0.037926275998279316,1.924744592682098,0.0,1.0,0.4315150563617903
-0.03876922839866682,1.9426602024709854,0.0,1.0,0.4411725266413322
-0.039093621720058286,1.96061001725804,0.0,1.0,0.45095313955345956
-0.03889833128338878,1.978584602503789,0.0,1.0,0.4608452485048949
-0.0381829130331209,1.9965747612189135,0.0,1.0,0.4708166802985147
-0.036947843644681934,2.014571617766177,0.0,1.0,0.48082903777728814
-0.03519366514969703,2.032566319318856,0.0,1.0,0.49086227286419937
-0.03292092001174282,2.0505500132787566,0.0,1.0,0.5009051394615209
-0.030130539146931888,2.0685140525601597,0.0,1.0,0.5109285704234511
-0.026824557043898634,2.086450373927108,0.0,1.0,0.5208902766337227
-0.023005202841497336,2.104351017124178,0.0,1.0,0.5307639021282411
-0.018674705678583092,2.1222080218959434,0.0,1.0,0.540539290715368
-0.013835468650945343,2.140013536134667,0.0,1.0,0.550193786849496
-0.008491005773946065,2.157760398382751,0.0,1.0,0.559686625088843
-0.002645267981079089,2.1754417188112356,0.0,1.0,0.5689878519523437
0.0036977927485905083,2.1930506082411854,0.0,1.0,0.5780888922831473
0.01053417013425919,2.2105802214707992,0.0,1.0,0.5869766133363054
0.01785896620428428,2.228024435448505,0.0,1.0,0.5956173604738582
0.025666553670442693,2.2453777177715266,0.0,1.0,0.6039800804798222
0.033951283829516295,2.2626345533803742,0.0,1.0,0.6120569510328333
0.042707500324624205,2.2797894348293424,0.0,1.0,0.6198450677916411
0.051928989875325446,2.296837408694747,0.0,1.0,0.6273222301905341
0.06160861454304145,2.3137744413936274,0.0,1.0,0.6344600241781845
0.07173914920918859,2.330596586068822,0.0,1.0,0.6412508960081703
0.08231336874040082,2.347299895878984,0.0,1.0,0.647699868485184
0.09332375707050028,2.363880735171871,0.0,1.0,0.6537959140113734
0.10476176102635597,2.3803365776110947,0.0,1.0,0.6595144184171473
0.11661859643604948,2.396665143942425,0.0,1.0,0.6648466756263793
0.12888547912765985,2.412864154911631,0.0,1.0,0.6698017920702801
0.14155352168862034,2.428931473489338,0.0,1.0,0.6743789407616989
0.15461299353999552,2.4448661241965772,0.0,1.0,0.6785595880288402
0.16805375237914535,2.4606676987471086,0.0,1.0,0.6823329772535806
0.1818656531159349,2.4763357926947602,0.0,1.0,0.6857077878207277
0.19603852464322097,2.4918700388999584,0.0,1.0,0.6886905568466092
0.21056159746273734,2.507270928274806,0.0,1.0,0.6912699374795468
0.22542350368509217,2.5225398097830847,0.0,1.0,0.6934337621844258
0.24061284940388594,2.537678069695169,0.0,1.0,0.6951872656314889
0.25611823865204075,2.552687097944546,0.0,1.0,0.6965403621881662
0.2719279710921726,2.5675688255197837,0.0,1.0,0.697487653551487
0.2880297230688798,2.582326291432728,0.0,1.0,0.6980161091366038
0.3044110946052206,2.596962670366007,0.0,1.0,0.6981257597515905
0.3210596857242504,2.6114811370022486,0.0,1.0,0.6978257259643326
0.337962968025124,2.6258851001914993,0.0,1.0,0.6971145274176621
0.3551078365268111,2.640179020116823,0.0,1.0,0.6959480444617809
0.37248102450402754,2.654367651884846,0.0,1.0,0.6934427071532029
0.3900692652232698,2.668455750617178,0.0,1.0,0.6896130647432065
0.4078592595064582,2.6824481489933247,0.0,1.0,0.6844581841599803
0.4258373640583129,2.6963505022958754,0.0,1.0,0.6779460657177432
0.4439897283210284,2.710168961262995,0.0,1.0,0.6700502299184965
0.4623024988884454,2.723909683441777,0.0,1.0,0.6616114620701191
0.4807618171035648,2.737578838369206,0.0,1.0,0.6530463605384421
0.4993536454850953,2.7511830039142926,0.0,1.0,0.6443512713676752
0.5180637279142002,2.7647292571886726,0.0,1.0,0.6355221432505371
0.5368777949575613,2.778224705706607,0.0,1.0,0.6265547499203834
0.5557815770699229,2.791676457404572,0.0,1.0,0.6174447896104271
0.574760757928437,2.8050917966519626,0.0,1.0,0.6081879636973342
0.5938009022723272,2.8184784564211705,0.0,1.0,0.598779914361918
0.6128875562165372,2.831844239930541,0.0,1.0,0.5892159578613069
0.632006265876007,2.845196950398417,0.0,1.0,0.5794910314937902
0.6511425829124247,2.858544397887879,0.0,1.0,0.5696001573009822
0.6702820904348239,2.8718944312683417,0.0,1.0,0.5595386337653274
0.6894103826215662,2.8852549130688745,0.0,1.0,0.5493015128470766
0.7085130536633224,2.89863370583374,0.0,1.0,0.5388831762731304
0.7275757089935788,2.912038661646082,0.0,1.0,0.5282779124974051
0.7465841124334334,2.925477485214041,0.0,1.0,0.5174805567589229
0.7655241448874004,2.9389577723030724,0.0,1.0,0.5064860215913009
0.7843816900048266,2.9524871161246513,0.0,1.0,0.495288491785879
0.8031426346595423,2.966073104759184,0.0,1.0,0.48388175723630694
0.8217930424703958,2.979723045035431,0.0,1.0,0.47226016017896044
0.8403192418044398,2.993443822492407,0.0,1.0,0.4604184145303879
0.8587075827597039,3.007242288088947,0.0,1.0,0.44835061547717375
0.8769444154833936,3.021125292689421,0.0,1.0,0.43605020714712184
0.8950162248543198,3.0350994283201036,0.0,1.0,0.4237881375338398
0.9129099241879636,3.049170463921018,0.0,1.0,0.4125090736361733
0.9306125117692325,3.0633440051941525,0.0,1.0,0.4022419738453213
0.9481109858830293,3.0776256578414873,0.0,1.0,0.3930379924257303
0.9653924218310352,3.0920208987418976,0.0,1.0,0.38492941302386663
0.9824444502656645,3.106534275859588,0.0,1.0,0.37792119500171373
0.9992549454305597,3.1211699297127193,0.0,1.0,0.37155026908343797
1.0158117826088946,3.1359319990806713,0.0,1.0,0.3654859773235965
1.0321028618206094,3.150824575908147,0.0,1.0,0.35974100552277904
1.0481165610894723,3.1658508471247035,0.0,1.0,0.3543153690281032
1.0638416907918309,3.1810131810772386,0.0,1.0,0.34921024253645006
1.0792670768817092,3.1963139166190992,0.0,1.0,0.3444407555506906
1.0943815490403628,3.211755386355394,0.0,1.0,0.3400240034358117
1.1091743125517433,3.2273392932401053,0.0,1.0,0.3359621958385718
1.1236352647802432,3.243066180040592,0.0,1.0,0.33225169037353613
1.137754377623998,3.258936464577676,0.0,1.0,0.3289032976320402
1.1515216229811445,3.2749505646721793,0.0,1.0,0.32593645429496676
1.1649271839262523,3.291108581762979,0.0,1.0,0.32335689586297495
1.1779620882396173,3.3074093517611733,0.0,1.0,0.3211633225667871
1.1906175748779704,3.323851394195915,0.0,1.0,0.3193612090159182
1.2028848827980405,3.340433228596356,0.0,1.0,0.3179699947032785
1.214755338937183,3.3571532530680983,0.0,1.0,0.3169994234089685
1.2262210871737198,3.3740087382426878,0.0,1.0,0.31644151184394137
1.237274714752398,3.390996342854152,0.0,1.0,0.31629381484510116
1.2479088133176417,3.408112719564461,0.0,1.0,0.3165718233571652
1.258115998606723,3.4253544955980133,0.0,1.0,0.31728860684793836
1.2678895550451115,3.442717592168994,0.0,1.0,0.3184377048700776
1.277223506351913,3.4601971499351696,0.0,1.0,0.320009644977277
1.28611191450479,3.4777882691603925,0.0,1.0,0.322012552269286
1.2945488433076515,3.4954860485373738,0.0,1.0,0.32445959711934474
1.302528784505211,3.5132852185963896,0.0,1.0,0.3273454630969613
1.3100472054817616,3.5311796705136667,0.0,1.0,0.3306540065151063
1.3170997089245828,3.5491631790627047,0.0,1.0,0.33438399059814594
1.3236818975209528,3.567229519017001,0.0,1.0,0.3385457408648494
1.3297895842460692,3.585372351314946,0.0,1.0,0.3431354972706199
1.3354196423984015,3.6035847629103603,0.0,1.0,0.3481332653409555
1.3405692787190664,3.621859660254637,0.0,1.0,0.353528008328394
1.3452357000708741,3.640189949733288,0.0,1.0,0.3593236019388112
1.3494161898813906,3.6585685151209097,0.0,1.0,0.3655159925558625
1.3531089643653589,3.6769879647236383,0.0,1.0,0.3720825423048304
1.3563128624631564,3.6954407229457717,0.0,1.0,0.37900246350628863
1.3590267344759808,3.7139192108365657,0.0,1.0,0.38627111587964713
1.3612494461745992,3.7324158489788686,0.0,1.0,0.3938833297914348
1.3629805231997663,3.7509230380605687,0.0,1.0,0.4018158829261317
1.3642203838483156,3.769433151856142,0.0,1.0,0.4100401893147603
1.364969509780441,3.787938562229668,0.0,1.0,0.41854256338646145
1.3652283830584073,3.806431641129917,0.0,1.0,0.42731562153317243
1.3649978473251947,3.8249048366653593,0.0,1.0,0.4363369005903896
1.3642797734549306,3.8433508133100425,0.0,1.0,0.44557296483511494
1.3630762135067247,3.8617622737009847,0.0,1.0,0.4550022259310003
1.361389219539687,3.8801319204752005,0.0,1.0,0.46461452983643164
1.3592209962588042,3.8984525253116518,0.0,1.0,0.4743780398193181
1.3565747231924712,3.9167173008032767,0.0,1.0,0.4842320211359805
1.3534539632613931,3.9349196329518947,0.0,1.0,0.4941486898185038
1.349862280303757,3.953052908174297,0.0,1.0,0.5041151848696279
1.3458032796030657,3.9711105423588164,0.0,1.0,0.5141150976270534
1.3412812470178943,3.98908643534702,0.0,1.0,0.5241177644919599
1.3363010250511844,4.0069748828072544,0.0,1.0,0.5340938692822546
1.3308674725506824,4.02477019203057,0.0,1.0,0.5440291234788083
1.3249854539818489,4.0424666752968506,0.0,1.0,0.5539119948962692
1.3186602425866683,4.060059007901731,0.0,1.0,0.5637180571869623
1.3118977902972841,4.077542467854563,0.0,1.0,0.5734187935333385
1.3047041130351225,4.094912389990651,0.0,1.0,0.5829993895499704
1.2970852267297124,4.1121641091556445,0.0,1.0,0.5924535306761897
1.2890473067835353,4.129293163710847,0.0,1.0,0.60176623294964
1.2805970970825886,4.146295817502931,0.0,1.0,0.6109150734044597
1.2717414681333703,4.1631684959686925,0.0,1.0,0.6198868668156581
1.262487290442381,4.179907624544932,0.0,1.0,0.6286789900095408
1.2528414769217182,4.196509702082198,0.0,1.0,0.6372852364364117
1.242811286810013,4.212971827001145,0.0,1.0,0.6456919420637114
1.2324041484594248,4.229291390496466,0.0,1.0,0.6538895330738357
1.2216274913670646,4.24546578574503,0.0,1.0,0.6618778509108395
1.2104887505081907,4.261492423033601,0.0,1.0,0.6696573421277234
1.1989954868554118,4.277369106176656,0.0,1.0,0.677222912334837
1.1871553873786858,4.293094032516384,0.0,1.0,0.6845696301921939
1.174976144526118,4.308665416504879,0.0,1.0,0.69169906601182
1.1624654506941778,4.324081473715329,0.0,1.0,0.6986157862688998
1.149630990652505,4.339340585310805,0.0,1.0,0.7053221592185739
1.136480433551813,4.354441471564869,0.0,1.0,0.7118193991665762
1.1230214466303674,4.369382894273121,0.0,1.0,0.718111349395113
1.1092616971264342,4.384163615231163,0.0,1.0,0.7242043655073656
1.095208794627561,4.398782446878018,0.0,1.0,0.7301056286348286
1.0808700898889365,4.413238429024662,0.0,1.0,0.7358223854022907
1.0662528610572086,4.427530665265232,0.0,1.0,0.7413613446445735
1.051364386275333,4.441658259197114,0.0,1.0,0.7467291369761485
1.0362119122508,4.455620318409226,0.0,1.0,0.7519343153109429
1.0208023522768095,4.4694159928259785,0.0,1.0,0.7569877438426472
1.005142418830425,4.483044457870554,0.0,1.0,0.7618990904135474
0.9892388216289489,4.496504889316545,0.0,1.0,0.7666753696705195
0.9730982606546807,4.509796461216598,0.0,1.0,0.771324874790972
0.9567271043514319,4.522918289014019,0.0,1.0,0.7758603605764212
0.9401313158111532,4.535869416494056,0.0,1.0,0.7802946808748449
0.9233168334408788,4.548648883078157,0.0,1.0,0.7846359499763665
0.9062895951065671,4.561255728055235,0.0,1.0,0.788891070160004
0.8890553125690343,4.57368893532988,0.0,1.0,0.793071789125873
0.871619122688213,4.585947347985051,0.0,1.0,0.797192177122745
0.8539860723013214,4.598029787052698,0.0,1.0,0.8012614710385959
0.8361612082455763,4.609935073564768,0.0,1.0,0.8052854230196766
0.8181494756840183,4.621661992163532,0.0,1.0,0.8092737546043531
0.7999552433362946,4.6332091211794255,0.0,1.0,0.8132403862889197
0.7815826770165892,4.6445749663220495,0.0,1.0,0.8171957358975307
0.7630359423134596,4.65575803322025,0.0,1.0,0.8211452114988177
0.7443191717202174,4.666756821344906,0.0,1.0,0.8250955081076019
0.7254360314880224,4.677569743414131,0.0,1.0,0.8290570816199883
0.7063898432121017,4.688195148016587,0.0,1.0,0.8330392263522963
0.6871839204077907,4.69863138223752,0.0,1.0,0.8370470406531363
0.6678215715273996,4.708876792097937,0.0,1.0,0.8410852950276853
0.6483058275013264,4.71892966528395,0.0,1.0,0.8451620065611403
0.6286393035570338,4.728788202101224,0.0,1.0,0.84928567821877
0.6088245808003754,4.7384505956831,0.0,1.0,0.8534614067110297
0.588864240293455,4.747915039171921,0.0,1.0,0.8576923564587479
0.5687607432205637,4.757179750412944,0.0,1.0,0.8619823741546397
0.5485161695632926,4.766243025804845,0.0,1.0,0.8663355922690277
0.528132523701466,4.775103177325361,0.0,1.0,0.8707551259052827
0.507611810014901,4.78375851695223,0.0,1.0,0.8752432278929853
0.4869560005581511,4.792207378492865,0.0,1.0,0.8798015611524097
0.46616683429550776,4.800448253163593,0.0,1.0,0.8844310668084565
0.4452459479518303,4.808479701224373,0.0,1.0,0.8891327242350475
0.424194977815676,4.81630028322981,0.0,1.0,0.8938666040840717
0.4030155550267552,4.823908570341992,0.0,1.0,0.8986269131356328
0.38170921123057433,4.8313033386979045,0.0,1.0,0.9034044128169536
0.3602773880805191,4.838483549833537,0.0,1.0,0.9081895947835211
0.33872152398756455,4.845448171964808,0.0,1.0,0.9129789440800197
0.3170430572290332,4.852196175181218,0.0,1.0,0.9177514922898989
0.29524341261454196,4.858726718378639,0.0,1.0,0.9224869306084147
0.2733239901382908,4.8650393083449694,0.0,1.0,0.927165735795694
0.2512861871219757,4.87113348933442,0.0,1.0,0.931777962026188
0.22913140088730016,4.877008805601198,0.0,1.0,0.9363191071723691
0.20686104423988977,4.882664906807685,0.0,1.0,0.9407743717696986
0.1844765919210913,4.888101864248967,0.0,1.0,0.9451200168255761
0.16197953415618094,4.893319854628306,0.0,1.0,0.9493412088050929
0.1393713611704325,4.898319054648957,0.0,1.0,0.9534336509098456
0.11665357494284263,4.903099682297562,0.0,1.0,0.9573863053156646
0.09382778659110626,4.9076623388961025,0.0,1.0,0.9611761933985306
0.07089566646417493,4.912007833808549,0.0,1.0,0.9647848309448198
0.04785888549877186,4.916136978463342,0.0,1.0,0.9682062334130273
0.024719118389728536,4.920050593336867,0.0,1.0,0.9714335279717609
0.001478144136862991,4.9237497500278025,0.0,1.0,0.974448924450181
-0.021862142941682636,4.927235797772638,0.0,1.0,0.9772341522673693
-0.04529984256002258,4.9305101001756535,0.0,1.0,0.9797822692648249
-0.06883305415206417,4.933574021364416,0.0,1.0,0.9820903061874812
-0.0924598114913988,4.9364290480862305,0.0,1.0,0.9841470953891515
-0.1161779986561261,4.939076946642662,0.0,1.0,0.985937341495186
-0.139985478964386,4.941519522104226,0.0,1.0,0.9874537152007936
-0.16388011573431582,4.94375857954144,0.0,1.0,0.9886951805619973
-0.18785974215327478,4.945795961462668,0.0,1.0,0.9896567513484951
-0.2119220394818485,4.947633699147106,0.0,1.0,0.9903288584656144
-0.2360646412038022,4.949273883237203,0.0,1.0,0.9907056756949655
-0.26028518078547214,4.950718604397076,0.0,1.0,0.9907869843189485
-0.2845812842878879,4.951969959180205,0.0,1.0,0.9905722454094597
-0.3089504875533785,4.953030115890138,0.0,1.0,0.9900580405844831
-0.3333902661945693,4.953901290730522,0.0,1.0,0.9893254740417912
-0.3578980947252647,4.954585700778884,0.0,1.0,0.9885673065491534
-0.38247144638942676,4.955085562741789,0.0,1.0,0.9877841772137879
-0.40710774026425134,4.955403077502166,0.0,1.0,0.9869761244036682
-0.43180432215145365,4.9555404245371175,0.0,1.0,0.9861427811122221
-0.4565585326514425,4.9554997818042965,0.0,1.0,0.9852844270335129
-0.48136771234986847,4.955283327220568,0.0,1.0,0.9844020046271265
-0.5062291885681344,4.954893202019553,0.0,1.0,0.9834959407110684
-0.5311402509446099,4.954331443219805,0.0,1.0,0.9825659289882491
-0.5560981824710602,4.953600069458212,0.0,1.0,0.9816119677427085
-0.5811002661392534,4.952701099371671,0.0,1.0,0.9806347706458758
-0.6061437826771102,4.9516365221840015,0.0,1.0,0.9796348679758681
-0.6312259983552887,4.950408139281947,0.0,1.0,0.9786120498374877
-0.6563441737584845,4.949017678177038,0.0,1.0,0.9775661219996715
-0.6814955694577861,4.9474668662040155,0.0,1.0,0.9764976229676908
-0.7066774463504387,4.945757419577172,0.0,1.0,0.9754072299366137
-0.7318870706894656,4.943890871901483,0.0,1.0,0.9742949074926989
-0.7571217131084109,4.941868607425216,0.0,1.0,0.9731603322808329
-0.7823786443694423,4.939692006011072,0.0,1.0,0.9720038154260926
-0.8076551355292583,4.937362445622964,0.0,1.0,0.9708260727348244
-0.8329484790763748,4.934881166059197,0.0,1.0,0.9696272342430677
-0.8582560030824579,4.932249177722203,0.0,1.0,0.9684069079820843
-0.8835750389740874,4.929467469386168,0.0,1.0,0.9671651008675631
-0.9089029181783952,4.926537029821665,0.0,1.0,0.9659023479386069
-0.9342369830347904,4.923458776592274,0.0,1.0,0.964618860653544
-0.9595746147823846,4.920233373425446,0.0,1.0,0.9633142696684203
-0.9849132033245594,4.916861427510739,0.0,1.0,0.9619883740295524
-1.0102501385647051,4.9133435460377095,0.0,1.0,0.9606415420198423
-1.035582818247522,4.909680305975711,0.0,1.0,0.9592740673272989
-1.0609087041577108,4.905872037485678,0.0,1.0,0.9578856509774687
-1.0862252893511168,4.901918950210366,0.0,1.0,0.9564759004701744
-1.1115300670953112,4.89782125297658,0.0,1.0,0.9550449177724036
-1.13682053186951,4.893579147799288,0.0,1.0,0.9535929604083285
-1.1620942060208599,4.8891926800210435,0.0,1.0,0.9521197986761027
-1.1873486397644424,4.88466173831199,0.0,1.0,0.9506249325988883
-1.2125813845269788,4.879986204530428,0.0,1.0,0.9491082511489721
-1.23778999191668,4.875165959927841,0.0,1.0,0.9475699580295966
-1.2629720403471727,4.870200796126744,0.0,1.0,0.9460098959946335
-1.28812516312673,4.865090321199047,0.0,1.0,0.944427510413841
-1.313247000285147,4.859834120741992,0.0,1.0,0.9428224260171724
-1.338335191852212,4.854431780352829,0.0,1.0,0.9411945898664535
-1.3633873890076267,4.848882844842677,0.0,1.0,0.9395437915808842
-1.3884012929904317,4.843186675906663,0.0,1.0,0.937869455022768
-1.4133746190824847,4.837342583871587,0.0,1.0,0.936171043143124
-1.4383050825663606,4.83134987906164,0.0,1.0,0.934448342407044
-1.4631903990385682,4.825207862727227,0.0,1.0,0.9327011421015963
-1.4880282874253987,4.818915739879398,0.0,1.0,0.930928891745106
-1.5128164686586711,4.812472657564035,0.0,1.0,0.9291309294734061
-1.5375526636977654,4.805877762030421,0.0,1.0,0.9273068282649156
-1.5622345944576173,4.799130197064045,0.0,1.0,0.9254562606060134
-1.5868600153957884,4.792229022542776,0.0,1.0,0.9235786470304884
-1.6114267207577413,4.785173195755748,0.0,1.0,0.9216732164325118
-1.6359325072119177,4.777961667744692,0.0,1.0,0.9197392946796271
-1.660375171401835,4.770593389496018,0.0,1.0,0.9177763185347603
-1.6847524995551453,4.763067288874438,0.0,1.0,0.9157836098586043
-1.7090622514158378,4.755382234954855,0.0,1.0,0.9137603358455674
-1.7333021825808825,4.747537087606377,0.0,1.0,0.9117057263378423
-1.7574700486472432,4.73953070669811,0.0,1.0,0.9096191581992791
-1.781563613584064,4.73136194604613,0.0,1.0,0.9074999464574713
-1.8055806888266799,4.723029625148752,0.0,1.0,0.9053472175598288
-1.829519102518299,4.714532551424584,0.0,1.0,0.9031600212047887
-1.8533766828207208,4.705869532278819,0.0,1.0,0.9009374144125596
-1.8771512550797527,4.697039375485588,0.0,1.0,0.8986784441181361
-1.9008406049699007,4.688040894016818,0.0,1.0,0.8963821108017827
-1.92444248883982,4.678872904686749,0.0,1.0,0.8940473727919107
-1.947954662350659,4.669534224399697,0.0,1.0,0.8916731644858006
-1.9713748811432537,4.660023670184075,0.0,1.0,0.8892584018148216
-1.9947008997444984,4.650340065870504,0.0,1.0,0.886801978563489
-2.017930471012708,4.6404822454787045,0.0,1.0,0.8843027534400657
-2.041061347669241,4.630449043864728,0.0,1.0,0.8817595106624667
-2.0640912824307938,4.620239295897085,0.0,1.0,0.8791709689602343
-2.087018015264194,4.609851870544302,0.0,1.0,0.8765358637423815
-2.1098392455925836,4.59928574521051,0.0,1.0,0.8739799816267301
-2.1325526647983093,4.588539918805261,0.0,1.0,0.8715442958159522
-2.155155964263718,4.5776133902381035,0.0,1.0,0.8692318794908933
-2.1776468353129017,4.566505165966711,0.0,1.0,0.867045136262767
-2.200022968849945,4.555214306876559,0.0,1.0,0.8649855024650196
-2.222282055594701,4.543739897726574,0.0,1.0,0.863054979677601
-2.244421786266237,4.532081023377562,0.0,1.0,0.8612564875386828
-2.2664398508755657,4.520236776800773,0.0,1.0,0.8595908334874102
-2.2883339257514743,4.508206407690609,0.0,1.0,0.8580547015640386
-2.3101016748472465,4.495989307496946,0.0,1.0,0.8566450921998859
-2.3317407616702712,4.48358487277711,0.0,1.0,0.8553630673278955
-2.3532488498103645,4.4709925006817794,0.0,1.0,0.8542106683584019
-2.3746236111633987,4.458211648154764,0.0,1.0,0.8531873356500455
-2.3958627329298667,4.445241882313913,0.0,1.0,0.8522915736230693
-2.4169639039585027,4.432082782142283,0.0,1.0,0.8515242527176583
-2.43792481309804,4.418733926622933,0.0,1.0,0.8508871522099964
-2.4587431594952096,4.405194943598993,0.0,1.0,0.8503781618897895
-2.4794166834887412,4.3914656563538985,0.0,1.0,0.8499920071467764
-2.499943135715354,4.377545937031157,0.0,1.0,0.8497266267948619
-2.520320266811779,4.363435657774277,0.0,1.0,0.8495835721253857
-2.5405458296677486,4.349134712235203,0.0,1.0,0.8495617084979534
-2.560617598093253,4.3346431937817425,0.0,1.0,0.8496554837340969
-2.5805333572520213,4.319961304170564,0.0,1.0,0.8498610461642037
-2.600290892420446,4.305089246233921,0.0,1.0,0.8501789923217312
-2.619887991080923,4.290027228208854,0.0,1.0,0.8506086068718237
-2.6393225019425373,4.274775608340436,0.0,1.0,0.8511434909419284
-2.6585923414058685,4.259334910720803,0.0,1.0,0.8517768831068661
-2.6776954293745323,4.2437056680247105,0.0,1.0,0.852507595399785
-2.6966296858758527,4.227888413302179,0.0,1.0,0.8533360452848276
-2.7153930599231897,4.211883767539323,0.0,1.0,0.8542577276477481
-2.733983566613638,4.1956925522030994,0.0,1.0,0.8552656655546647
-2.752399230208877,4.179315616563414,0.0,1.0,0.8563574066717397
-2.7706380749705755,4.1627538098901775,0.0,1.0,0.8575335706541767
-2.7886981489808154,4.146008026595115,0.0,1.0,0.8587898502013465
-2.806577620429976,4.129079388706094,0.0,1.0,0.8601168501043931
-2.8242746952792137,4.111969089830032,0.0,1.0,0.8615090788479085
-2.841787579503472,4.094678323599964,0.0,1.0,0.8629666919944233
-2.859114486971913,4.077208297858263,0.0,1.0,0.8644875249102781
-2.8762537277289453,4.059560393559332,0.0,1.0,0.8660638228878464
-2.8932036760252458,4.041736107226609,0.0,1.0,0.8676891385030241
-2.9099627072828502,4.023736937491932,0.0,1.0,0.8693627519689213
-2.926529198930799,4.005564385424677,0.0,1.0,0.8710838793362686
-2.9429016140087096,3.987220056069801,0.0,1.0,0.8728459903272447
-2.9590785313681165,3.968705695127887,0.0,1.0,0.874641340198265
-2.975058538081229,3.9500230582836764,0.0,1.0,0.8764677080892876
-2.9908402212726246,3.9311739012865146,0.0,1.0,0.8783252012693231
-3.0064222151625164,3.9121600379882446,0.0,1.0,0.8802089324110841
-3.0218032877672565,3.8929834473067566,0.0,1.0,0.8821106825941075
-3.036982230702419,3.873646137274594,0.0,1.0,0.8840267169119426
-3.0519578355835764,3.8541501159243032,0.0,1.0,0.885957446940261
-3.066728916080427,3.8344974087719184,0.0,1.0,0.8879001569762706
-3.0812944267042126,3.8146901529861084,0.0,1.0,0.8898478207528676
-3.0956533773583166,3.7947305296478713,0.0,1.0,0.8917958247657787
-3.109804778078684,3.774620719943283,0.0,1.0,0.8937442006099611
-3.1237476455428,3.7543629102325977,0.0,1.0,0.8956917015827973
-3.1374811054891674,3.73395937184141,0.0,1.0,0.8976324006795777
-3.151004372857614,3.713412445588716,0.0,1.0,0.8995607177453268
-3.1643166652071937,3.6927244743340584,0.0,1.0,0.9014756729074934
-3.177417201105829,3.6718978014329906,0.0,1.0,0.9033770480573868
-3.190305272532243,3.6509348063341944,0.0,1.0,0.9052606361900922
-3.202980293348838,3.6298379284116296,0.0,1.0,0.9071208234487196
-3.215441688909637,3.6086096126892153,0.0,1.0,0.9089557508163684
-3.2276888845705396,3.5872523041916855,0.0,1.0,0.9107657133535324
-3.2397213426676856,3.5657684637966227,0.0,1.0,0.9125478700369037
-3.2515386573630294,3.5441606088932898,0.0,1.0,0.9142967116724148
-3.2631404521806004,3.5224312694580204,0.0,1.0,0.9160094062136995
-3.274526350644426,3.500582975467143,0.0,1.0,0.9176861926063983
-3.2856959885975483,3.478618260326013,0.0,1.0,0.9193258410702425
-3.296649102492414,3.456539685444783,0.0,1.0,0.9209244331855908
-3.3073854779097065,3.43434982590854,0.0,1.0,0.9224791019528765
-3.31790490076272,3.412051256894952,0.0,1.0,0.9239897267823204
-3.3282071605169894,3.3896465533455205,0.0,1.0,0.9254558235019598
-3.3382921283394826,3.3671382847698723,0.0,1.0,0.9268742955500989
-3.3481597570986197,3.344529015245758,0.0,1.0,0.9282418845699615
-3.3578100032150466,3.3218213086147528,0.0,1.0,0.9295578474154944
-3.3672428233570266,3.2990177287609264,0.0,1.0,0.9308222190764861
-3.3764582107655317,3.2761208458439426,0.0,1.0,0.9320331102601481
-3.385456233578566,3.2531332428752293,0.0,1.0,0.933187720356404
-3.3942369691048238,3.230057504439827,0.0,1.0,0.9342850265440832
-3.4028004946530004,3.206896215122782,0.0,1.0,0.9353253384639889
-3.4111469011760134,3.183651953352039,0.0,1.0,0.936308129278185
-3.4192763408847453,3.1603272699122416,0.0,1.0,0.9372319289936885
-3.427188983174375,3.1369247078334483,0.0,1.0,0.938096011901619
-3.434884997440956,3.113446810145314,0.0,1.0,0.9389006878969293
-3.4423645580768296,3.0898961183352,0.0,1.0,0.9396456787149965
-3.4496278924665162,3.066275157532356,0.0,1.0,0.9403294915438777
-3.4566752599118415,3.0425864430135268,0.0,1.0,0.9409509845751151
-3.46350692015326,3.0188324899200416,0.0,1.0,0.9415103219214064
-3.470123133300674,2.99501581266063,0.0,1.0,0.9420081312627134
-3.476524172045911,2.971138900694128,0.0,1.0,0.9424448541653972
-3.4827103244639526,2.947204212974658,0.0,1.0,0.9428208706840551
-3.4886818795665793,2.9232142065986926,0.0,1.0,0.9431367891214154
-3.4944391263722507,2.8991713386362052,0.0,1.0,0.9433934192716819
-3.4999823566918056,2.8750780550882156,0.0,1.0,0.9435916097748105
-3.5053118694360528,2.8509367738115223,0.0,1.0,0.9437321982225201
-3.5104279646275756,2.8267499082558665,0.0,1.0,0.943816125334244
-3.515330942288954,2.802519871870997,0.0,1.0,0.9438445780319399
-3.5200211013658906,2.7782490678701146,0.0,1.0,0.9438191334917514
-3.5244987346986982,2.753939841430188,0.0,1.0,0.9437415907819545
-3.5287641329786226,2.7295945172996965,0.0,1.0,0.9436134834407969
-3.532817586894518,2.7052154202043974,0.0,1.0,0.9434361645157662
-3.536659384942507,2.6808048723938867,0.0,1.0,0.9432116578135575
-3.5402897847277117,2.6563651612337074,0.0,1.0,0.9429429566203504
-3.5437090210199895,2.6318985483023942,0.0,1.0,0.9426328645901922
-3.54691732805386,2.6074072945739437,0.0,1.0,0.9422834115427371
-3.5499149397282976,2.5828936603923616,0.0,1.0,0.9418967799614044
-3.5527020715498026,2.558359871569496,0.0,1.0,0.9414759317518894
-3.555278911474607,2.533808102191116,0.0,1.0,0.9410238737651513
-3.5576456451975647,2.5092405220972247,0.0,1.0,0.940542982626344
-3.559802458408117,2.4846593011212033,0.0,1.0,0.9400356835299281
-3.5617495219517905,2.460066590949081,0.0,1.0,0.9395053919222821
-3.5634869594715575,2.4354644855596472,0.0,1.0,0.9389559745799533
-3.5650148852489765,2.410855067486932,0.0,1.0,0.9383904285292968
-3.566333413565604,2.3862404192649667,0.0,1.0,0.937811251714732
-3.567442650887345,2.361622615881707,0.0,1.0,0.9372219551691875
-3.568342647323175,2.3370036779120245,0.0,1.0,0.9366270323692498
-3.5690334282624567,2.312385602063813,0.0,1.0,0.936030323627657
-3.569515018989067,2.287770384943105,0.0,1.0,0.9354348450439618
-3.5697874441779973,2.263160020551782,0.0,1.0,0.9348435926273585
-3.5698507167383937,2.238556452570018,0.0,1.0,0.9342593552707912
-3.5697048389372523,2.213961579162203,0.0,1.0,0.9336845513097434
-3.569349812658125,2.189377296852799,0.0,1.0,0.933121721055279
-3.5687856395654927,2.1648055018371304,0.0,1.0,0.9325740218926654
-3.5680122992466514,2.140248057142973,0.0,1.0,0.9320452187287023
-3.567029730609789,2.1157067646840244,0.0,1.0,0.9315389699898136
-3.56583786818215,2.0911834197922903,0.0,1.0,0.9310584343746241
-3.564436646490978,2.0666798177997814,0.0,1.0,0.9306067229708066
-3.562826000072367,2.0421977436331624,0.0,1.0,0.9301864496730029
-3.5610058634978126,2.0177389405977397,0.0,1.0,0.9297993800790857
-3.558976171347662,1.9933051415934788,0.0,1.0,0.9294474807947052
-3.556736858202264,1.9688980795203457,0.0,1.0,0.9291335320900171
-3.5542878597768794,1.9445194828794723,0.0,1.0,0.9288600051184878
-3.551629122325002,1.9201710393267346,0.0,1.0,0.9286281708956415
-3.54876059781938,1.8958544143506646,0.0,1.0,0.928439240131044
-3.5456822382895172,1.87157127321982,0.0,1.0,0.9282955073768016
-3.5423939968002838,1.8473232802882322,0.0,1.0,0.9281990909395258
-3.538895855152815,1.8231120745276932,0.0,1.0,0.928150193136369
-3.535187826918705,1.7989392668476736,0.0,1.0,0.9281387357231813
-3.531269927313678,1.7748064667054206,0.0,1.0,0.9281570462622653
-3.527142171655678,1.7507152835249855,0.0,1.0,0.9282057716500897
-3.5228045992166783,1.7266673189521045,0.0,1.0,0.9282840907731252
-3.518257303880157,1.7026641568991572,0.0,1.0,0.9283904046344583
-3.51350038710319,1.6787073788192284,0.0,1.0,0.9285244037334864
-3.5085339503428536,1.6547985661654074,0.0,1.0,0.9286866642093593
-3.5033581100494753,1.6309392982783661,0.0,1.0,0.928876232723113
-3.4979730582730353,1.60713114384746,0.0,1.0,0.9290905702024559
-3.4923790108375377,1.5833756682125066,0.0,1.0,0.9293283134271405
-3.486576183575661,1.5596744367120914,0.0,1.0,0.9295897927038778
-3.480564797912165,1.5360290137206707,0.0,1.0,0.9298744050031184
-3.474345143400023,1.5124409518666764,0.0,1.0,0.930179524824761
-3.467917555074379,1.4889117959369327,0.0,1.0,0.9305029830064294
-3.461282368800142,1.4654430905752112,0.0,1.0,0.930844631891928
-3.4544399219820545,1.4420363807709287,0.0,1.0,0.9312040651628801
-3.4473906177080647,1.4186932262576841,0.0,1.0,0.9315784006217479
-3.440134947920766,1.3954152067146406,0.0,1.0,0.9319643381902347
-3.4326734108699175,1.3722039032367632,0.0,1.0,0.9323610114543552
-3.4250065048341263,1.3490608969244393,0.0,1.0,0.9327686774544116
-3.417134754036911,1.325987773760297,0.0,1.0,0.9331860898225659
-3.409058756409871,1.3029861335971358,0.0,1.0,0.9336110526772609
-3.4007791228853703,1.2800575787342003,0.0,1.0,0.9340428000806216
-3.392296464395781,1.2572037114707435,0.0,1.0,0.9344817850309861
-3.383611403637278,1.2344261361833773,0.0,1.0,0.9349272941014929
-3.3747246384317977,1.2117264705151485,0.0,1.0,0.9353771712219312
-3.3656368961477914,1.1891063373267137,0.0,1.0,0.935830214270866
-3.356348904224417,1.1665673594912125,0.0,1.0,0.9362868548603458
-3.346861393294963,1.144111161407514,0.0,1.0,0.9367472578633556
-3.3371751464436157,1.1217393925284047,0.0,1.0,0.9372104109603236
-3.327290989654305,1.0994537227983532,0.0,1.0,0.9376755512040892
-3.317209750170634,1.0772558227635278,0.0,1.0,0.9381432218509902
-3.30693225542497,1.0551473629569013,0.0,1.0,0.9386143364735016
-3.2964593465855945,1.033130012951459,0.0,1.0,0.9390892289335439
-3.2857918876264605,1.0112054407263047,0.0,1.0,0.9395680718997113
-3.2749307446717224,0.9893753141102681,0.0,1.0,0.9400516481892062
-3.263876783845895,0.9676413009322996,0.0,1.0,0.9405410918504118
-3.2526308783586257,0.946005071380725,0.0,1.0,0.9410371668253236
-3.2411939266764076,0.9244683040545073,0.0,1.0,0.9415403649951694
-3.229566832891281,0.9030326794259339,0.0,1.0,0.9420515829920574
-3.2177505010952867,0.8816998779672948,0.0,1.0,0.9425721634485981
-3.205745834283928,0.8604715786308935,0.0,1.0,0.9431035855154405
-3.1935537264972704,0.8393494479553065,0.0,1.0,0.943647377575708
-3.1811750674023824,0.8183351464174118,0.0,1.0,0.9442050458299969
-3.168610746636725,0.7974303344530416,0.0,1.0,0.9447780704583457
-3.1558616533984707,0.7766366720385472,0.0,1.0,0.9453680029222177
-3.1429286667821614,0.7559558085821664,0.0,1.0,0.945976512839036
-3.1298126557787094,0.7353893829240213,0.0,1.0,0.9466052582086422
-3.116514488939741,0.7149390334447577,0.0,1.0,0.947255793297785
-3.103035034746807,0.6946063984069896,0.0,1.0,0.9479296204528337
-3.089375151331578,0.6743930986405668,0.0,1.0,0.9486281771683975
-3.0755356756302645,0.6543007192748901,0.0,1.0,0.9493528101626304
-3.061517441983822,0.6343308410680516,0.0,1.0,0.950104874616208
-3.0473212847332087,0.6144850447781507,0.0,1.0,0.9508857643685369
-3.0329480327191938,0.5947649017097167,0.0,1.0,0.9516967745086734
-3.018398490088562,0.5751719407239607,0.0,1.0,0.9525390376861699
-3.0036734540608596,0.5557076787757472,0.0,1.0,0.9534136933220467
-2.9887737218552766,0.5363736328193331,0.0,1.0,0.9543219314386774
-2.973700089895715,0.5171713137889588,0.0,1.0,0.9552643189245074
-2.9584533461709257,0.49810216876862246,0.0,1.0,0.9562404332810182
-2.943034273589157,0.47916760638519307,0.0,1.0,0.9572499943867843
-2.927443654988839,0.4603690347370327,0.0,1.0,0.9582935987078095
-2.9116822732206784,0.4417078607039299,0.0,1.0,0.9593716988580382
-2.8957509115535633,0.4231854496655939,0.0,1.0,0.9604836147983604
-2.8796503537676665,0.4048031162621078,0.0,1.0,0.9616284078753897
-2.8633813836742927,0.38656217204364113,0.0,1.0,0.9628061173854495
-2.846944785109883,0.3684639284749773,0.0,1.0,0.9640168320020445
-2.8303413524130505,0.35050966134011563,0.0,1.0,0.9652585832828438
-2.813571906625533,0.3327005557001664,0.0,1.0,0.9665281327265997
-2.7966372729704516,0.315037782410095,0.0,1.0,0.967823921692644
-2.779538276670934,0.2975225123248692,0.0,1.0,0.9691456738937979
-2.762275755678089,0.2801558995021035,0.0,1.0,0.9704907940503413
-2.7448506201045455,0.2629390027665513,0.0,1.0,0.971854075622385
-2.727263805463467,0.24587284742143567,0.0,1.0,0.9732319597579898
-2.709516247296253,0.22895845873269866,0.0,1.0,0.9746235966487807
-2.6916088840431858,0.2121968550053509,0.0,1.0,0.9760269456850916
-2.6735426949836003,0.195588956479533,0.0,1.0,0.977436871233174
-2.6553186895859255,0.17913561090379598,0.0,1.0,0.9788486347980775
-2.636937878026315,0.16283766432723834,0.0,1.0,0.9802604584717283
-2.6184012719244376,0.14669596146920763,0.0,1.0,0.9816699392071345
-2.599709962023846,0.1307112741607071,0.0,1.0,0.9830699049519628
-2.5808651575885735,0.11488426505253245,0.0,1.0,0.9844519654438845
-2.56186807761102,0.09921558783378799,0.0,1.0,0.9858122214969594
-2.5427199410966104,0.08370589617694534,0.0,1.0,0.9871488144764676
-2.5234220027510474,0.0683557981953865,0.0,1.0,0.9884557703305595
-2.503975630804296,0.0531657571279081,0.0,1.0,0.9897241301883286
-2.484382216000949,0.03813620748114831,0.0,1.0,0.9909485119560694
-2.464643149085604,0.023267583761750147,0.0,1.0,0.9921268587319418
-2.4447598452097847,0.00856029862385315,0.0,1.0,0.9932530680712853
-2.424733895517954,-0.005985392851881866,0.0,1.0,0.9943156888335126
-2.404566968349636,-0.020369304700606133,0.0,1.0,0.9953061155489876
-2.3842607323737863,-0.03459125125242575,0.0,1.0,0.9962214362469909
-2.3638168627691525,-0.04865105361167957,0.0,1.0,0.9970572046598166
-2.3432371605070834,-0.06254866378546932,0.0,1.0,0.997803121067272
-2.3225235403378486,-0.07628415218192638,0.0,1.0,0.9984492257107578
-2.3016779211111786,-0.0898575934751743,0.0,1.0,0.9989914046033788
-2.2807022224337627,-0.1032690631761996,0.0,1.0,0.9994264947850965
-2.259598440193429,-0.11651872112869197,0.0,1.0,0.9997458723405404
-2.238368710832578,-0.12960688256664832,0.0,1.0,0.9999388785905955
-2.2170151859306686,-0.14253387945885482,0.0,1.0,1.0
-2.195540017067159,-0.15530004377409767,0.0,1.0,1.0
-2.173945404785302,-0.16790575100179214,0.0,1.0,1.0
-2.1522337454835534,-0.1803515507138606,0.0,1.0,1.0
-2.130407484524159,-0.19263803600285737,0.0,1.0,1.0
-2.108469067269368,-0.2047657999613353,0.0,1.0,1.0
-2.0864209497035247,-0.21673545217534307,0.0,1.0,1.0
-2.06426568644207,-0.2285477553806977,0.0,1.0,1.0
-2.0420058856290657,-0.2402035554299467,0.0,1.0,1.0
-2.019644155939749,-0.25170369900043654,0.0,1.0,1.0
-1.9971831107800955,-0.2630490356429965,0.0,1.0,1.0
-1.9746254948559616,-0.2742404946609418,0.0,1.0,1.0
-1.9519741980367675,-0.28527909353097997,0.0,1.0,1.0
-1.9292321177041798,-0.2961658542928011,0.0,1.0,1.0
-1.9064021514473,-0.3069017992047908,0.0,1.0,1.0
-1.8834872454653857,-0.3174880017709773,0.0,1.0,1.0
-1.8604904567814047,-0.32792565232761783,0.0,1.0,1.0
-1.837414857787502,-0.3382159574134191,0.0,1.0,1.0
-1.8142635208758287,-0.3483601235670844,0.0,1.0,1.0
-1.7910395451923462,-0.3583593658660449,0.0,1.0,1.0
-1.7677461647823334,-0.36821494244207525,0.0,1.0,1.0
-1.744386656113208,-0.3779281249663632,0.0,1.0,1.0
-1.7209642956678692,-0.3875001851150384,0.0,1.0,1.0
-1.697482369000169,-0.396932396886097,0.0,1.0,1.0
-1.6739442721751376,-0.4062260625648313,0.0,1.0,1.0
-1.6503534750347064,-0.41538250332103555,0.0,1.0,1.0
-1.6267134487667734,-0.42440304066902773,0.0,1.0,1.0
-1.603027667119403,-0.4332889954757402,0.0,1.0,1.0
-1.5792997130473152,-0.4420416609931914,0.0,1.0,1.0
-1.5555333172373185,-0.45066229311662226,0.0,1.0,1.0
-1.5317322208626862,-0.4591521450895786,0.0,1.0,1.0
-1.507900165160625,-0.4675124701322476,0.0,1.0,1.0
-1.48404094886494,-0.4757445004588321,0.0,1.0,1.0
-1.4601585340541636,-0.4838494086066709,0.0,1.0,1.0
-1.436256911617871,-0.49182835658718627,0.0,1.0,1.0
-1.41234007244564,-0.4996825064118001,0.0,1.0,1.0
-1.3884120495078642,-0.5074130035468599,0.0,1.0,1.0
-1.3644771445104147,-0.5150208877989607,0.0,1.0,1.0
-1.3405397648512567,-0.5225071574193356,0.0,1.0,1.0
-1.3166043181812739,-0.5298728105597759,0.0,1.0,1.0
-1.292675227039431,-0.5371188403559879,0.0,1.0,1.0
-1.268757158442388,-0.5442461575743833,0.0,1.0,1.0
-1.244854979365831,-0.5512556056112832,0.0,1.0,1.0
-1.2209735626568716,-0.5581480258848124,0.0,1.0,1.0
-1.1971177841847451,-0.5649242589155582,0.0,1.0,1.0
-1.1732927397260318,-0.5715850799141352,0.0,1.0,1.0
-1.1495038901686567,-0.5781311556572492,0.0,1.0,1.0
-1.1257567308245295,-0.5845631426980756,0.0,1.0,1.0
-1.1020567570126092,-0.5908816975882181,0.0,1.0,1.0
-1.0784096029397459,-0.5970874458858941,0.0,1.0,1.0
-1.0548213979154022,-0.6031809026652075,0.0,1.0,1.0
-1.0312983815251315,-0.6091625583917142,0.0,1.0,1.0
-1.0078467933544963,-0.6150329035309673,0.0,1.0,1.0
-0.9844729399657252,-0.6207924202030948,0.0,1.0,1.0
-0.9611836749195503,-0.6264415223711084,0.0,1.0,1.0
-0.9379861188796819,-0.6319805907164512,0.0,1.0,1.0
-0.9148873943181983,-0.637410005695241,0.0,1.0,1.0
-0.8918946434897501,-0.6427301463870827,0.0,1.0,1.0
-0.8690154636479686,-0.6479413602118407,0.0,1.0,1.0
-0.8462579070454772,-0.6530439629296373,0.0,1.0,1.0
-0.8236300457174635,-0.6580382689240837,0.0,1.0,1.0
-0.8011399537821488,-0.6629245926051608,0.0,1.0,1.0
-0.7787960130299096,-0.667703252277687,0.0,1.0,1.0
-0.7566072353309609,-0.6723745742226969,0.0,1.0,1.0
-0.7345827097050058,-0.6769388856978641,0.0,1.0,1.0
-0.7127315251717472,-0.6813965139608623,0.0,1.0,1.0
-0.691062916902766,-0.6857477919920013,0.0,1.0,1.0
-0.6695867762424855,-0.6899930784642985,0.0,1.0,1.0
-0.6483131786071833,-0.6941327392581803,0.0,1.0,1.0
-0.6272521994224938,-0.6981671402544385,0.0,1.0,1.0
-0.6064139627497469,-0.702096654716155,0.0,1.0,1.0
-0.5858091084955305,-0.7059217342052614,0.0,1.0,1.0
-0.5654485872611346,-0.7096428774432519,0.0,1.0,1.0
-0.5453433539176424,-0.7132605837997243,0.0,1.0,1.0
-0.5255043719976509,-0.7167753541906609,0.0,1.0,1.0
-0.5059429000131863,-0.7201877421962771,0.0,1.0,1.0
-0.48667055712960916,-0.7234983657861318,0.0,1.0,1.0
-0.4676989844751689,-0.7267078468509308,0.0,1.0,1.0
-0.4490398234103366,-0.7298168073640015,0.0,1.0,1.0
-0.43070481233741564,-0.7328259038230553,0.0,1.0,1.0
-0.4127059363998288,-0.7357358805084205,0.0,1.0,1.0
-0.3950552193777529,-0.7385474954461495,0.0,1.0,1.0
-0.37776468505137106,-0.7412615066622935,0.0,1.0,1.0
-0.360846359554807,-0.743878688619706,0.0,1.0,1.0
-0.34431228236792577,-0.7463999089699458,0.0,1.0,1.0
-0.32817449766823203,-0.7488260681665738,0.0,1.0,1.0
-0.3124450496384525,-0.7511580666996269,0.0,1.0,1.0
-0.2971359654993586,-0.7533968071185982,0.0,1.0,1.0
-0.28225903351347115,-0.7555432209863879,0.0,1.0,1.0
-0.2678258653003954,-0.7575982613132125,0.0,1.0,1.0
-0.25384806833863266,-0.7595628816120837,0.0,1.0,1.0
-0.24033724384594005,-0.7614380356496124,0.0,1.0,1.0
-0.2273046498671922,-0.7632246910929288,0.0,1.0,1.0
-0.2147610304050383,-0.7649238364308997,0.0,1.0,1.0
-0.20271708726867074,-0.7665364618614741,0.0,1.0,1.0
-0.191183522156291,-0.7680635575758779,0.0,1.0,1.0
-0.18017073265065314,-0.7695060953413391,0.0,1.0,1.0
-0.169688149269594,-0.7708649883381191,0.0,1.0,1.0
-0.15974501073843178,-0.7721411381272584,0.0,1.0,1.0
-0.15035055578248596,-0.7733354462697963,0.0,1.0,1.0
-0.14151387828447476,-0.7744488053467478,0.0,1.0,1.0
-0.13324302769950883,-0.7754820431861711,0.0,1.0,1.0
-0.12554559536968649,-0.7764359592138007,0.0,1.0,1.0
-0.11842917068209578,-0.7773113527341627,0.0,1.0,1.0
-0.11190126629410452,-0.7781090152319099,0.0,1.0,1.0
-0.10596791216747743,-0.7788295870834516,0.0,1.0,1.0
-0.10063379717162499,-0.779473571988383,0.0,1.0,1.0
-0.09590356185636453,-0.7800414687218319,0.0,1.0,1.0
-0.09178184677151416,-0.7805337760589257,0.0,1.0,1.0
-0.08827329246689185,-0.7809509927747911,0.0,1.0,1.0
-0.08538253949231533,-0.7812936176445551,0.0,1.0,1.0
-0.08311422839760335,-0.7815621494433452,0.0,1.0,1.0
-0.08147299973257356,-0.7817570869462886,0.0,1.0,1.0
