-0.1799070097416965,-0.8192232637103628,0.0,1.0,0.9309010614493469
-0.17748388084141434,-0.8190301817997595,0.0,1.0,0.9312101575813243
-0.1741417498906993,-0.8187653070734052,0.0,1.0,0.9318291971495596
-0.16989456990029905,-0.818427864654233,0.0,1.0,0.9325236989405945
-0.1647562938809615,-0.8180170796651757,0.0,1.0,0.9330215070334464
-0.15874087484343438,-0.8175321772291665,0.0,1.0,0.9334777272094351
-0.1518622657984655,-0.8169723824691381,0.0,1.0,0.9342142736213876
-0.1441344197568027,-0.8163369205080238,0.0,1.0,0.9351708661315999
-0.1355712897291938,-0.815625016468757,0.0,1.0,0.9360297090823153
-0.12618686709247087,-0.8148358941035438,0.0,1.0,0.936756887164184
-0.11599782096086694,-0.8139686814955778,0.0,1.0,0.9376342400315524
-0.10502520277051773,-0.8130223501584016,0.0,1.0,0.9387730929291868
-0.09329046939256905,-0.811995857120356,0.0,1.0,0.9399297630474354
-0.08081507769816669,-0.8108881594097808,0.0,1.0,0.9409465275364696
-0.06762091444031626,-0.8096982465327476,0.0,1.0,0.9419926359411218
-0.0537317503828316,-0.808425250333027,0.0,1.0,0.9432492915076224
-0.03917187227182808,-0.8070683416370404,0.0,1.0,0.9446005259151324
-0.023965566866717247,-0.8056266912722139,0.0,1.0,0.9458640733916996
-0.00813717166367574,-0.8040994836833921,0.0,1.0,0.9470816397803103
0.00828828989391512,-0.8024860874192068,0.0,1.0,0.9484019150790632
0.02528530143057645,-0.8007860033280719,0.0,1.0,0.9498241905029967
0.042828335763194905,-0.7989987351591002,0.0,1.0,0.9512186140585145
0.06089186924240135,-0.7971237888848152,0.0,1.0,0.9525438902217537
0.07945069442378519,-0.7951608694319529,0.0,1.0,0.9538661871993311
0.09848016567678425,-0.7931100352170649,0.0,1.0,0.9552242085076738
0.11795569517336857,-0.7909713810257007,0.0,1.0,0.9565719752487969
0.1378526950855082,-0.7887450016434091,0.0,1.0,0.9578681821648616
0.15814690821216548,-0.7864310756436993,0.0,1.0,0.9591183002354398
0.17881566543832883,-0.7840301840550875,0.0,1.0,0.960337266683116
0.1998367738806514,-0.7815430285933918,0.0,1.0,0.9615287544213833
0.22118804074581083,-0.7789703109972446,0.0,1.0,0.9626869582282944
0.2428473905342103,-0.776312754024706,0.0,1.0,0.9637825745571096
0.26479453338820497,-0.7735714004268418,0.0,1.0,0.9647685067835564
0.28701056985091056,-0.7707475421191808,0.0,1.0,0.9656536918382252
0.30947663715664386,-0.767842477592438,0.0,1.0,0.9664929799519599
0.33217388229907796,-0.7648575065650218,0.0,1.0,0.9672880941436788
0.35508460808796494,-0.7617940741530621,0.0,1.0,0.9679595625928882
0.37819334874273786,-0.7586539061764164,0.0,1.0,0.9684709163285
0.40148489300319623,-0.7554387604727364,0.0,1.0,0.9688988996586246
0.4249440296091389,-0.7521503948796747,0.0,1.0,0.9692971335613054
0.44855599115760186,-0.7487906013742154,0.0,1.0,0.9695864669499255
0.47230834818886347,-0.7453613517565307,0.0,1.0,0.9696751445321282
0.4961894382638281,-0.7418646768222763,0.0,1.0,0.9696225855378355
0.5201875993936591,-0.7383026074017393,0.0,1.0,0.9695309041296655
0.5442912637358165,-0.7346771762617644,0.0,1.0,0.9693517539919924
0.5684904861750977,-0.7309904495481349,0.0,1.0,0.9689404173138134
0.5927766901672037,-0.7272445215576634,0.0,1.0,0.9682983466885997
0.6171413420200417,-0.7234414874686184,0.0,1.0,0.967570661987312
0.6415759126334961,-0.7195834421788909,0.0,1.0,0.9667886963959781
0.6660726226225547,-0.715672434810388,0.0,1.0,0.9657975135239782
0.6906252668639062,-0.7117104183639956,0.0,1.0,0.9645116616609539
0.7152278387743655,-0.707699333718169,0.0,1.0,0.9630707317068355
0.7398743317707472,-0.7036411217513628,0.0,1.0,0.9615845724287965
0.7645589622180171,-0.6995376901938911,0.0,1.0,0.9599144463380517
0.7892772354140587,-0.6953907551363041,0.0,1.0,0.9578840410612043
0.8140251188064217,-0.6912019639563038,0.0,1.0,0.9555880110482575
0.8387985804364332,-0.6869729639433082,0.0,1.0,0.9532140439170912
0.8635936229264631,-0.6827053910186539,0.0,1.0,0.9506967270726608
0.8884069279977116,-0.6784006578584731,0.0,1.0,0.9477933145397407
0.9132357975439187,-0.6740599732649736,0.0,1.0,0.9444884952109606
0.9380775562241608,-0.6696845385565451,0.0,1.0,0.9410166051307283
0.9629295297314476,-0.665275554458488,0.0,1.0,0.9374356979181234
0.9877892893046775,-0.6608340808452053,0.0,1.0,0.933478629464548
1.0126549675721477,-0.656360855564935,0.0,1.0,0.9289792963476547
1.037524775266238,-0.651856571663576,0.0,1.0,0.9241663343659924
1.0623969231193267,-0.6473219221870279,0.0,1.0,0.9192389732852524
1.0872696705319242,-0.6427575448153395,0.0,1.0,0.9139883333680703
1.1121415860894086,-0.6381637254936104,0.0,1.0,0.9081223946601475
1.1370113593972828,-0.6335406124920006,0.0,1.0,0.901766430279454
1.161877680342464,-0.6288883537605272,0.0,1.0,0.8952147120156684
1.1867392414826363,-0.624207083795208,0.0,1.0,0.8883963702671972
1.2115947955669608,-0.6194966338771978,0.0,1.0,0.880962177860704
1.2364431548572312,-0.6147565354924873,0.0,1.0,0.8728602154777233
1.261283134150232,-0.609986307357035,0.0,1.0,0.8644061436253565
1.2861135480901513,-0.6051854677406473,0.0,1.0,0.8557102813149051
1.310933154589609,-0.6003533690449357,0.0,1.0,0.8464715346642715
1.3357405701785798,-0.5954889503058275,0.0,1.0,0.8364741090480861
1.3605343897294226,-0.5905910872380757,0.0,1.0,0.825949619173096
1.3853132081144992,-0.5856586555564347,0.0,1.0,0.8151300454480024
1.4100755834801386,-0.5806904623278194,0.0,1.0,0.8038588646869512
1.4348198172041906,-0.5756848346706843,0.0,1.0,0.791879140176458
1.4595441010762706,-0.5706398948625231,0.0,1.0,0.7792581912471528
1.4842466264765022,-0.5655537644154061,0.0,1.0,0.7662236415055798
1.5089255724120796,-0.5604245497505992,0.0,1.0,0.7527826524757578
1.5335787951684297,-0.5552499636775089,0.0,1.0,0.7387730028463946
1.5582038055778928,-0.5500272976691258,0.0,1.0,0.7241421890293038
1.5827980975470113,-0.5447538225546702,0.0,1.0,0.7090049545154947
1.607359164684309,-0.5394268087926954,0.0,1.0,0.6934419334570578
1.6318843077907457,-0.534043287034191,0.0,1.0,0.6774718306499248
1.6563703032964903,-0.5285996357353929,0.0,1.0,0.6610910498831327
1.6808138393296443,-0.523092123525396,0.0,1.0,0.6442603509752991
1.7052116040183103,-0.5175170190332945,0.0,1.0,0.6269693169617551
1.729560210215143,-0.5118705028740358,0.0,1.0,0.6093901215360341
1.7538556905354017,-0.506148077232848,0.0,1.0,0.5917523854077028
1.77809380787251,-0.5003449289286785,0.0,1.0,0.573971861056831
1.802270323626385,-0.49445624303422964,0.0,1.0,0.5558195075084983
1.8263809837949068,-0.4884771885612153,0.0,1.0,0.5374290011693237
1.850421064864842,-0.48240244492313533,0.0,1.0,0.5192918979012439
1.8743852991451915,-0.4762261240741501,0.0,1.0,0.5015303810876222
1.8982683885075424,-0.4699423062288024,0.0,1.0,0.48372982742808524
1.9220650346493702,-0.4635450714347538,0.0,1.0,0.4657783133915795
1.9457697082194674,-0.45702827828716924,0.0,1.0,0.4483454881076062
1.9693761933369032,-0.450385127365245,0.0,1.0,0.43196784525502563
1.9928781471919663,-0.44360869759115396,0.0,1.0,0.4161810125191926
2.0162692269749476,-0.4366920678870689,0.0,1.0,0.400482994316645
2.039543017647315,-0.42962826638525003,0.0,1.0,0.3854316317770582
2.062692489005779,-0.4224098886459805,0.0,1.0,0.37193627474721935
2.085710299732665,-0.4150293114599127,0.0,1.0,0.3597987663897335
2.1085891061024578,-0.407478909924555,0.0,1.0,0.34820337199893736
2.1313215547436095,-0.3997510559439145,0.0,1.0,0.3372825693811302
2.153899944654691,-0.3918380063325469,0.0,1.0,0.3280847038311604
2.1763161384704395,-0.3837318734385058,0.0,1.0,0.3208912339646559
2.198561971144753,-0.3754247604455783,0.0,1.0,0.31478312609660153
2.2206292776017444,-0.36690877055496324,0.0,1.0,0.3093276670840728
2.2425097846240765,-0.35817607017771363,0.0,1.0,0.3053840390645921
2.2641948675513324,-0.3492190311471921,0.0,1.0,0.30364604679089846
2.2856758304531475,-0.34003006695481963,0.0,1.0,0.303390164615728
2.306943977399162,-0.33060159109201687,0.0,1.0,0.30378526848612675
2.327990604862536,-0.3209260798957854,0.0,1.0,0.3052191610530104
2.34880693764732,-0.3109966026209221,0.0,1.0,0.308459203837431
2.3693841611622903,-0.30080655443894383,0.0,1.0,0.3132082271458213
2.3897134604083843,-0.2903493338953827,0.0,1.0,0.31857153393082394
2.4097860240319293,-0.27961835384593786,0.0,1.0,0.3244166861870752
2.4295931981169816,-0.26860764517655505,0.0,1.0,0.33128228323617503
2.4491265428564652,-0.25731207926903726,0.0,1.0,0.3392348435445185
2.4683776337598493,-0.24572658763110464,0.0,1.0,0.34762529414217314
2.4873380463461254,-0.2338461017910647,0.0,1.0,0.3560655646432158
2.505999534408413,-0.2216659387191951,0.0,1.0,0.3647424263528225
2.5243544859771943,-0.20918278665429385,0.0,1.0,0.3737835530817354
2.5423954300651284,-0.1963936386491483,0.0,1.0,0.382895351840124
2.5601148956848765,-0.18329548775654603,0.0,1.0,0.39177580711646465
2.577505491423783,-0.1698854597128036,0.0,1.0,0.40034230555398354
2.5945606599851923,-0.1561620710665668,0.0,1.0,0.40852854163509866
2.611274341958201,-0.14212466854555325,0.0,1.0,0.41626001556397974
2.6276404845955117,-0.12777260998843012,0.0,1.0,0.42351233365785024
2.6436530477040794,-0.11310527128111533,0.0,1.0,0.43018974515567376
2.659306651460677,-0.09812297761769627,0.0,1.0,0.4360129117763495
2.67459688950416,-0.08282745358316008,0.0,1.0,0.4408477349158745
2.6895194336172326,-0.06722053609742223,0.0,1.0,0.44490625657396854
2.7040699555828005,-0.05130406208065473,0.0,1.0,0.44830972406103464
2.718244440147417,-0.035080269622282376,0.0,1.0,0.45073028172306906
2.7320400916803553,-0.018552960172645485,0.0,1.0,0.4518335081936695
2.745454411605016,-0.0017263159578844774,0.0,1.0,0.4518455861888069
2.758484901344805,0.015395480795861607,0.0,1.0,0.45110913065523395
2.7711291383496635,0.03280814286630986,0.0,1.0,0.4494560487401892
2.7833855885426404,0.05050615600902091,0.0,1.0,0.44647044646571776
2.7952532932779657,0.06848321128267072,0.0,1.0,0.4421926255155014
2.8067313036007455,0.08673298636238783,0.0,1.0,0.4370224860392966
2.8178186763030233,0.1052491491729878,0.0,1.0,0.43104461863243626
2.8285148436281404,0.12402473064440869,0.0,1.0,0.42396948284308356
2.838819838103046,0.14305174325869272,0.0,1.0,0.41567170583981905
2.848733746095916,0.16232210815025805,0.0,1.0,0.40640991673762084
2.858256653974925,0.18182774645352295,0.0,1.0,0.39639236417251666
2.8673887000940046,0.2015603620169316,0.0,1.0,0.3856151899887066
2.8761302447675874,0.22151073095591498,0.0,1.0,0.37404977980790244
2.8844817075376437,0.24166938183130748,0.0,1.0,0.36171686300795114
2.8924435079467115,0.26202684320155945,0.0,1.0,0.34866682099303625
2.9000160470175578,0.28257359766349716,0.0,1.0,0.3350708139645513
2.907199483521844,0.3032995266049889,0.0,1.0,0.32119922436449166
2.9139938061071198,0.32419408920678117,0.0,1.0,0.3070573055376964
2.9203989998938567,0.34524673589626137,0.0,1.0,0.29243133877345273
2.92641504570489,0.36644691409686186,0.0,1.0,0.2774355852937542
2.932041567206406,0.3877838215871318,0.0,1.0,0.2627028760661172
2.937277568267669,0.4092462229207847,0.0,1.0,0.24853565031541736
2.942121990875414,0.43082283939696797,0.0,1.0,0.23443979235531365
2.946573777016376,0.45250239231482753,0.0,1.0,0.2201289177493645
2.9506316723287793,0.4742735197990991,0.0,1.0,0.20633034848522047
2.954293503756279,0.49612447080997446,0.0,1.0,0.19381940788941332
2.957556829774629,0.5180433805830266,0.0,1.0,0.1821487391731289
2.9604192088268304,0.5400183843399566,0.0,1.0,0.1705847666709297
2.962878150010536,0.5620376030216716,0.0,1.0,0.1595785808066883
2.964930436636359,0.5840889475226587,0.0,1.0,0.15022467715955024
2.966572299660354,0.6061601688832162,0.0,1.0,0.1424611291696607
2.9677999561925157,0.6282390141365238,0.0,1.0,0.13524858761441316
2.9686096206179737,0.6503132296534596,0.0,1.0,0.1284424969902901
2.968997210550766,0.6723704896723013,0.0,1.0,0.12313675408670088
2.968958084148846,0.6943983324510207,0.0,1.0,0.11981656254758866
2.9684875375920017,0.7163842811832983,0.0,1.0,0.11746614093913099
2.9675808670600214,0.7383158590628145,0.0,1.0,0.11536314492485311
2.9662333564286527,0.7601805669120913,0.0,1.0,0.11425143973611673
2.9644402264545295,0.7819657907907301,0.0,1.0,0.11494512504667331
2.9621966777094144,0.8036588800582817,0.0,1.0,0.11678707423850032
2.959497910756089,0.8252471840579625,0.0,1.0,0.11877241574744002
2.956339149331654,0.846718056388888,0.0,1.0,0.12110970928061437
2.9527160024572385,0.8680589214064929,0.0,1.0,0.12464299699200032
2.948624396775382,0.8892572617964837,0.0,1.0,0.12924944679104422
2.94406026841201,0.9103005619861656,0.0,1.0,0.1339663117391452
2.939019557113103,0.9311763068683291,0.0,1.0,0.13851119165323122
2.9334987392653287,0.9518720503400473,0.0,1.0,0.1435285765347133
2.927495391256158,0.9723754877426939,0.0,1.0,0.1493083509379023
2.9210072243095326,0.9926743317556743,0.0,1.0,0.1551658329184945
2.914031949649396,1.0127562950583968,0.0,1.0,0.16057282437789444
2.906567565901173,1.0326091548958563,0.0,1.0,0.16589799412992912
2.8986136894572923,1.052221051949173,0.0,1.0,0.1716267102496326
2.8901705022910216,1.0715802539588677,0.0,1.0,0.1774434675943053
2.8812381869706325,1.09067502879913,0.0,1.0,0.1827775305771301
2.8718170068793194,1.1094936622523948,0.0,1.0,0.18774419925591534
2.861908753311832,1.1280247786797941,0.0,1.0,0.19292573596062013
2.851516581558537,1.1462573046980848,0.0,1.0,0.19837568651240134
2.840643694809126,1.1641801775383114,0.0,1.0,0.20353829771078857
2.8292933003969534,1.1817823357135573,0.0,1.0,0.20823569069391024
2.817469484110701,1.19905298952929,0.0,1.0,0.21300897514380845
2.8051782916889256,1.2159819556956788,0.0,1.0,0.2182529096260558
2.79242603406425,1.2325591329734256,0.0,1.0,0.22355309684975788
2.7792190221692916,1.2487744201232296,0.0,1.0,0.22850859683469738
2.7655638767514787,1.2646178223290556,0.0,1.0,0.23361978751413914
2.7514691342100552,1.2800800028128685,0.0,1.0,0.23964407534435828
2.736944062294375,1.2951518760198293,0.0,1.0,0.24635378490273063
2.7219979302100743,1.309824356895337,0.0,1.0,0.2530420876752705
2.7066400613724038,1.3240883875214344,0.0,1.0,0.25990609624194416
2.6908809528486652,1.3379354974954145,0.0,1.0,0.26792437290904847
2.674732236092867,1.3513577842740871,0.0,1.0,0.2772924553901118
2.6582055889127143,1.3643473685183347,0.0,1.0,0.28712997263188134
2.6413126904805724,1.3768963719435725,0.0,1.0,0.2971258100678871
2.624065662313513,1.3889972580854395,0.0,1.0,0.3082806027450341
2.6064777013632643,1.4006433215176888,0.0,1.0,0.3213275405794612
2.588562164880473,1.4118279806844658,0.0,1.0,0.3354204553490667
2.570332410115787,1.4225446540299154,0.0,1.0,0.3496951948466781
2.551801872660196,1.432786896426864,0.0,1.0,0.3648829332769423
2.532984520942371,1.442549190677983,0.0,1.0,0.3821347511763753
2.513894545277243,1.451826405997953,0.0,1.0,0.40096058187592587
2.4945461367107207,1.4606134128744466,0.0,1.0,0.4200932253427424
2.4749534854677093,1.468905115572867,0.0,1.0,0.4396227152900799
2.4551307612537476,1.4766972625678512,0.0,1.0,0.4607389443451936
2.4350921123025446,1.483986485729489,0.0,1.0,0.48358390871241275
2.414851685836194,1.4907694585479074,0.0,1.0,0.5069108755248328
2.3944236286537905,1.4970428554182236,0.0,1.0,0.5301809132056194
2.373821857083694,1.502803843820861,0.0,1.0,0.5543575130854739
2.353059676177612,1.5080508990445278,0.0,1.0,0.5801125178430258
2.3321502907834573,1.512782710760994,0.0,1.0,0.606513937525603
2.311106905749136,1.5169979686420274,0.0,1.0,0.6326298214971416
2.2899425844717816,1.520695577709996,0.0,1.0,0.6589050352483653
2.26866933022023,1.523876056971091,0.0,1.0,0.6861262518644983
2.2472986652894735,1.5265406576862683,0.0,1.0,0.7139572019153815
2.22584210957818,1.5286906347647484,0.0,1.0,0.7415381330020052
2.204311148077266,1.5303272884836852,0.0,1.0,0.7688251581944084
2.18271624913326,1.5314532404041532,0.0,1.0,0.7963898747816813
2.1610667292609502,1.5320726090676715,0.0,1.0,0.8243401176086815
2.1393718428977238,1.5321895936947751,0.0,1.0,0.852156346395081
2.1176408438936303,1.5318083942061846,0.0,1.0,0.8795711854596536
2.0958823651638534,1.5309339507631254,0.0,1.0,0.9067766024821269
2.074103240880729,1.5295733478778277,0.0,1.0,0.9339375983637581
2.0523099813790737,1.527734056121771,0.0,1.0,0.960958525439845
2.030509096993702,1.5254235460664345,0.0,1.0,0.9877219869164544
2.0087068840161533,1.522649553945156,0.0,1.0,0.9858580873471389
1.9869078674173408,1.5194220144827861,0.0,1.0,0.9598764637116242
1.965115697568063,1.5157519479224666,0.0,1.0,0.9342194619140959
1.9433340186568888,1.5116503821804668,0.0,1.0,0.9086698823889477
1.9215664403676864,1.5071283874586345,0.0,1.0,0.8833133953411344
1.8998153884795062,1.5021984848363221,0.0,1.0,0.858568882803505
1.8780818361964688,1.4968749755260955,0.0,1.0,0.8344775391806226
1.8563666677784165,1.4911722697419023,0.0,1.0,0.8105241954002942
1.8346707672973688,1.4851047779519175,0.0,1.0,0.7864991644404232
1.8129945283543412,1.4786875745199304,0.0,1.0,0.7630095039812785
1.7913367910344808,1.4719378366300047,0.0,1.0,0.7405197297088907
1.7696960885697721,1.4648731568189226,0.0,1.0,0.7184338957420873
1.7480709541922024,1.4575111276234685,0.0,1.0,0.696111822890914
1.7264598064313175,1.4498695070311969,0.0,1.0,0.6740076610821046
1.704860013132975,1.4419675685721716,0.0,1.0,0.6529483548536064
1.6832683781314803,1.4338253993262502,0.0,1.0,0.6326533052016077
1.6616816998672443,1.42546309415362,0.0,1.0,0.6122108525021612
1.6400967681514709,1.4169007652260883,0.0,1.0,0.5916691030444238
1.6185100194356479,1.4081592336131696,0.0,1.0,0.5720433928693822
1.596917420512501,1.3992602625971038,0.0,1.0,0.5535966712085512
1.5753149056938858,1.3902256806221078,0.0,1.0,0.5353462159805225
1.5536984092930552,1.3810773161461578,0.0,1.0,0.5168005659850959
1.5320638803603364,1.3718371422830984,0.0,1.0,0.49886475382711803
1.5104073190332243,1.3625276336073187,0.0,1.0,0.48233101383592347
1.4887247365118237,1.3531713732813702,0.0,1.0,0.4664684476460086
1.467012143996243,1.3437909444678067,0.0,1.0,0.4503907634767239
1.4452656106583754,1.3344089182036785,0.0,1.0,0.4346265727979387
1.4234817951360053,1.3250477422321252,0.0,1.0,0.4202525015990871
1.401657699761949,1.3157297924083131,0.0,1.0,0.4070581783357745
1.3797903311564657,1.3064774436906381,0.0,1.0,0.39399513831916466
1.3578767091939419,1.2973130620020266,0.0,1.0,0.3810331267197201
1.3359145115360715,1.2882585648450882,0.0,1.0,0.36924273078553604
1.3139023633699707,1.279335223784695,0.0,1.0,0.35900121781904315
1.2918389635151148,1.2705642601897873,0.0,1.0,0.3493671803098527
1.26972301079295,1.2619668954275307,0.0,1.0,0.33980122644029376
1.2475535979005172,1.2535639955114348,0.0,1.0,0.33111471588012087
1.225331312972517,1.2453750772745935,0.0,1.0,0.3240817159168875
1.2030570989942164,1.2374193374047449,0.0,1.0,0.31808400178434004
1.1807318989508766,1.2297159725896254,0.0,1.0,0.3122853716888728
1.1583567703816868,1.2222840453484731,0.0,1.0,0.30703483753486693
1.1359340680948828,1.2151410988056595,0.0,1.0,0.30317356202332635
1.113466967787087,1.2083037146399738,0.0,1.0,0.3005506649731422
1.0909586581326527,1.2017884593303558,0.0,1.0,0.2983120929154731
1.0684123405569637,1.1956118804766085,0.0,1.0,0.2963177832735331
1.045831997760274,1.1897893689257246,0.0,1.0,0.29521226382982124
1.0232228328343729,1.1843345086172943,0.0,1.0,0.2952054004715763
1.0005901549591851,1.1792607264171853,0.0,1.0,0.2956499745718273
0.9779392733146401,1.1745814491912665,0.0,1.0,0.2961245842067065
0.9552757549962356,1.1703095576219313,0.0,1.0,0.2969687833351051
0.9326062399355594,1.1664556604646328,0.0,1.0,0.2985001117157544
0.9099376469741735,1.163029775831855,0.0,1.0,0.30035693597829916
0.8872768949542342,1.1600419218348195,0.0,1.0,0.30208063578366207
0.8646309489737601,1.15750196124624,0.0,1.0,0.30367968605321105
0.8420073597569879,1.1554177901623912,0.0,1.0,0.3053115859398371
0.8194140799156994,1.1537959550426558,0.0,1.0,0.30686813430881854
0.7968590699289272,1.152642975926251,0.0,1.0,0.30809422718377133
0.7743502921068721,1.1519653576927364,0.0,1.0,0.3089081575247601
0.7518958504379459,1.1517684323134187,0.0,1.0,0.30935372268218087
0.7295040890649527,1.1520555435987032,0.0,1.0,0.30938393165114386
0.7071833753933258,1.1528298427752068,0.0,1.0,0.308866993030369
0.6849420768284948,1.1540944810695477,0.0,1.0,0.3077287875975373
0.6627885710761323,1.1558521572791172,0.0,1.0,0.30591776531189874
0.6407312827898288,1.1581035080537068,0.0,1.0,0.30334716981581
0.6187786499918171,1.160848582836881,0.0,1.0,0.29998001660501006
0.5969391107053007,1.1640874310297153,0.0,1.0,0.29583712711430876
0.5752210999445904,1.1678199996132244,0.0,1.0,0.290926029640711
0.5536330099482184,1.1720447795159832,0.0,1.0,0.2852198597128467
0.5321832011380643,1.1767591786540437,0.0,1.0,0.2786706944734497
0.510880033179316,1.1819605791863135,0.0,1.0,0.27125611916006187
0.4897318657278662,1.187646356337757,0.0,1.0,0.2630250342534488
0.4687470575053092,1.1938131887103183,0.0,1.0,0.2541259359304815
0.447933965513298,1.2004564724877702,0.0,1.0,0.24461367602951856
0.427300946568462,1.20757146590029,0.0,1.0,0.23434000087609264
0.4068563574874308,1.215153427178055,0.0,1.0,0.22323347732531562
0.38660859447471246,1.223197394250937,0.0,1.0,0.21158164805672697
0.3665662505353362,1.2316973043238872,0.0,1.0,0.19970881892731107
0.3467379800149136,1.2406467515179005,0.0,1.0,0.18744685383763093
0.327132437279078,1.2500393298419719,0.0,1.0,0.1744935092463219
0.3077582976842629,1.2598685990414877,0.0,1.0,0.16112292069963463
0.28862457336850694,1.2701275691280136,0.0,1.0,0.14800170447918026
0.2697405478469377,1.2808088071400903,0.0,1.0,0.13517337830783382
0.2511155123531053,1.291904867517361,0.0,1.0,0.12206596328619734
0.23275875997830417,1.3034083028745242,0.0,1.0,0.10864310854866366
0.2146798348665598,1.3153114192059663,0.0,1.0,0.09577376193464149
0.19688878355070033,1.327606028987117,0.0,1.0,0.08396787751024737
0.17939571240646804,1.340283885907037,0.0,1.0,0.07256597871000026
0.1622107278096091,1.3533367436547832,0.0,1.0,0.061057370513249776
0.14534403096894052,1.366756300089494,0.0,1.0,0.0501768200705589
0.12880634288093434,1.380533947062048,0.0,1.0,0.040839748629560635
0.11260856171254766,1.394660972119898,0.0,1.0,0.03263566064685708
0.09676158578069975,1.4091286627222124,0.0,1.0,0.02470768396297618
0.08127632693513177,1.423928293410902,0.0,1.0,0.017355249508880344
0.06616394348929754,1.4390509034749677,0.0,1.0,0.011630404236788294
0.05143580883490793,1.4544873269083405,0.0,1.0,0.007598927342440276
0.03710330358287101,1.4702283908141305,0.0,1.0,0.004297099255538339
0.02317780814648167,1.4862649214799983,0.0,1.0,0.0014615959487377372
0.009670665339336524,1.5025875900356698,0.0,1.0,0.0
-0.0034068638983729147,1.5191867297542543,0.0,1.0,0.00044450858525013626
-0.01604352939853019,1.5360526294570884,0.0,1.0,0.0020025713998809147
-0.028228080993021022,1.5531755779655096,0.0,1.0,0.003990105002463773
-0.039949359801239016,1.5705458045474272,0.0,1.0,0.0069470836494432975
-0.051196756377385126,1.5881531800347748,0.0,1.0,0.01161983787706189
-0.061959865850906175,1.6059874418002973,0.0,1.0,0.017600096259477893
-0.07222828369634031,1.6240383269916054,0.0,1.0,0.024049041692313478
-0.0819916422346966,1.6422955561354629,0.0,1.0,0.031078641798395257
-0.0912403406327985,1.6607485038468048,0.0,1.0,0.03946709696624073
-0.09996550261940028,1.679386217902314,0.0,1.0,0.04925310306326569
-0.10815828030442169,1.6981977332763907,0.0,1.0,0.05961384311922535
-0.11580982785937971,1.7171720843245732,0.0,1.0,0.07024323105542363
-0.12291188654320091,1.7362981291685802,0.0,1.0,0.08181281039998312
-0.12945759019061145,1.755564307902163,0.0,1.0,0.09475246912164903
-0.1354402745836517,1.7749589999978626,0.0,1.0,0.10839525307231601
-0.1408532755043633,1.7944705849282234,0.0,1.0,0.12211842435678388
-0.145690169079224,1.8140873934094701,0.0,1.0,0.13640042208094127
-0.14994612198099516,1.833797433499323,0.0,1.0,0.1519714773959464
-0.15361694706347076,1.8535885821711027,0.0,1.0,0.16844712009486595
-0.15669845904373714,1.8734487160201359,0.0,1.0,0.18496030060775037
-0.1591865229836425,1.8933657058215432,0.0,1.0,0.20162024783632326
-0.1610782105616417,1.9133272828569656,0.0,1.0,0.2193076415455083
-0.16237182775748393,1.9333210357140282,0.0,1.0,0.23808959988723455
-0.16306573643350986,1.9533345465199314,0.0,1.0,0.2570081293013382
-0.16315829975658616,1.9733553974852063,0.0,1.0,0.2756952624533
-0.16264848637532167,1.9933712095002856,0.0,1.0,0.29500796002850826
-0.16153683122705853,2.013369703514572,0.0,1.0,0.31551428363442
-0.15982411915948946,2.033338616442455,0.0,1.0,0.336366211775022
-0.15751113502030756,2.0532656851983195,0.0,1.0,0.3567560144968388
-0.1545988482746525,2.07313869402296,0.0,1.0,0.37727722440919453
-0.1510895739376993,2.0929457720868934,0.0,1.0,0.39885830607032025
-0.14698622279157225,2.1126752012845946,0.0,1.0,0.4210498807954136
-0.1422917082754163,2.1323152641916643,0.0,1.0,0.4427892171962329
-0.13700897420752903,2.1518542607140057,0.0,1.0,0.46416971519918226
-0.13114181044508413,2.171280973394843,0.0,1.0,0.48620832918154766
-0.12469494385140434,2.1905847193085455,0.0,1.0,0.5090323857880621
-0.11767314992192243,2.2097548432724983,0.0,1.0,0.5316098553072846
-0.11008120459146807,2.228780690512158,0.0,1.0,0.553522427083198
-0.1019242609739615,2.247651956538213,0.0,1.0,0.5756478166463435
-0.09320853749595824,2.266359326214416,0.0,1.0,0.5986227060166542
-0.08394043933177026,2.2848936578366743,0.0,1.0,0.6216899955885951
-0.07412637165571094,2.303245809700893,0.0,1.0,0.6440831737128911
-0.06377286134064142,2.3214067934281895,0.0,1.0,0.6662762636919228
-0.05288741403292797,2.3393688537739554,0.0,1.0,0.689076975984803
-0.041478007161432885,2.3571248298815277,0.0,1.0,0.7122289126354395
-0.029552621189157177,2.374667564716888,0.0,1.0,0.734947399455937
-0.017119257340510216,2.3919899332817547,0.0,1.0,0.7572653818566046
-0.004186595766040973,2.4090858581900725,0.0,1.0,0.7799011869483352
0.009235869155782749,2.4259505184444614,0.0,1.0,0.8030445344789789
0.023138594944280465,2.4425791672713277,0.0,1.0,0.8261081260955339
0.037512038942409016,2.45896705820354,0.0,1.0,0.8488158932648598
0.05234631474004936,2.4751100421119157,0.0,1.0,0.8715979845054688
0.06763047466414991,2.491005814018417,0.0,1.0,0.8948219612385275
0.08335336687971033,2.506652423716165,0.0,1.0,0.9182382804664098
0.09950383955173299,2.5220479209982862,0.0,1.0,0.9415461136205884
0.11607062903834268,2.5371905691492134,0.0,1.0,0.9648485078952
0.13304147709766903,2.5520805306071868,0.0,1.0,0.9883628298919324
0.15040360413083056,2.5667189633233827,0.0,1.0,0.987880345515844
0.16814422594657882,2.5811070340179327,0.0,1.0,0.9639604521486074
0.1862505415096909,2.5952459436462023,0.0,1.0,0.9399187706960497
0.2047090949753202,2.609138224058225,0.0,1.0,0.9158213225297374
0.223505579877756,2.622788135983287,0.0,1.0,0.8916401707904608
0.24262563290286743,2.6362000556945833,0.0,1.0,0.8671867304942185
0.26205489069882704,2.6493783595669793,0.0,1.0,0.8423893679865697
0.2817787438889318,2.6623280875999176,0.0,1.0,0.8175845024228148
0.30178175201672774,2.675056521537432,0.0,1.0,0.7930546613939274
0.32204829931625406,2.6875714160013353,0.0,1.0,0.7684463760645734
0.34256277002155083,2.699880525613443,0.0,1.0,0.7433518983703655
0.3633094881538525,2.711991786272418,0.0,1.0,0.7181315962642931
0.38427218366350596,2.7239149223886505,0.0,1.0,0.6934761969265002
0.4054342481752548,2.7356606769366545,0.0,1.0,0.6692126076531729
0.42677906938930316,2.7472398047061883,0.0,1.0,0.6446041405265448
0.44829003068393813,2.758663082321876,0.0,1.0,0.6197070903888575
0.4699503127612779,2.769942310353833,0.0,1.0,0.5954844367389823
0.49174281102328055,2.7810907307445025,0.0,1.0,0.5722518190019049
0.5136503994171421,2.792121693828468,0.0,1.0,0.5491240384720596
0.5356559518901578,2.803048549945917,0.0,1.0,0.5256404925202871
0.5577423482768413,2.8138849906376233,0.0,1.0,0.5027336400103937
0.5798924901892196,2.8246459695858497,0.0,1.0,0.48126369462922725
0.6020892842737126,2.8353467322467036,0.0,1.0,0.460528825111889
0.6243156371767352,2.8460025240762925,0.0,1.0,0.4396263962034527
0.6465544728254126,2.856628633340639,0.0,1.0,0.41912377282156277
0.6687889048426099,2.867240818243625,0.0,1.0,0.40018184781897803
0.6910021641223714,2.877855127507875,0.0,1.0,0.3825877196910068
0.7131774832958708,2.8884876141594384,0.0,1.0,0.36521619343756984
0.7352981002479952,2.899154330009323,0.0,1.0,0.34802354427739357
0.7573475553195744,2.909871256918834,0.0,1.0,0.3321431125304528
0.7793098504607812,2.9206542699917835,0.0,1.0,0.31794596708707845
0.8011690265006618,2.93151923534037,0.0,1.0,0.3043948748039046
0.8229091242682676,2.942482019076796,0.0,1.0,0.2908951290964934
0.8445143344589617,2.9535582474789654,0.0,1.0,0.278251794472108
0.8659694551037955,2.9647625748924016,0.0,1.0,0.2671939148441492
0.8872594380611034,2.9761094094894975,0.0,1.0,0.2570414048883143
0.9083692351892371,2.9876131594426307,0.0,1.0,0.2469386948169453
0.9292838528472344,2.999288120224765,0.0,1.0,0.23725611871798646
0.9499889654837435,3.0111472057977458,0.0,1.0,0.228852299073531
0.9704706955511414,3.0232024037175655,0.0,1.0,0.2215234675529978
0.9907151737697578,3.0354656844432966,0.0,1.0,0.21434755168577568
1.0107085361866985,3.047949001966547,0.0,1.0,0.2071859974137722
1.0304373034135803,3.0606631214160323,0.0,1.0,0.20075635377531065
1.0498886328315433,3.0736168393777694,0.0,1.0,0.19529143472454036
1.0690497416464346,3.086818767492552,0.0,1.0,0.19007112657378933
1.0879078470640984,3.1002775174011727,0.0,1.0,0.18465390076310906
1.1064503409094488,3.114001130674463,0.0,1.0,0.17957144310957762
1.1246653903633523,3.127995117618252,0.0,1.0,0.17535804802523225
1.1425413777350164,3.142264286219843,0.0,1.0,0.17155951528052205
1.1600666853418222,3.1568134444398575,0.0,1.0,0.16753957784226514
1.1772297377337229,3.171647234915129,0.0,1.0,0.1635302534346058
1.1940195400205256,3.1867680276206336,0.0,1.0,0.16019804870667098
1.2104255193334839,3.202176540484562,0.0,1.0,0.15747855367440822
1.2264371123142155,3.217873454205794,0.0,1.0,0.15469837262651331
1.2420437596913128,3.233859435395066,0.0,1.0,0.15175536443334636
1.2572352820358987,3.2501338413143412,0.0,1.0,0.14934342898271102
1.2720021828164898,3.2666936752215325,0.0,1.0,0.14780518511576324
1.2863350368174815,3.2835356945427754,0.0,1.0,0.14652700643245253
1.3002244188232683,3.3006566567042084,0.0,1.0,0.1450622340035861
1.313661055164819,3.3180528430839247,0.0,1.0,0.14396977685570445
1.3266364097129595,3.3357182182513343,0.0,1.0,0.14393044874735939
1.339142170380874,3.3536460429992845,0.0,1.0,0.14457370587672047
1.35117002513321,3.3718295779589593,0.0,1.0,0.1452050854729754
1.362711708840715,3.390261983100221,0.0,1.0,0.1460946021574161
1.3737596829805814,3.408934859082768,0.0,1.0,0.14812796083228963
1.3843069813091453,3.4278385784452103,0.0,1.0,0.1513348296127126
1.3943466530707727,3.446963480488578,0.0,1.0,0.15487388257970125
1.4038717511399796,3.466299899225144,0.0,1.0,0.1585624158916874
1.412875777259673,3.485837514712024,0.0,1.0,0.16331729662916727
1.4213531101647012,3.5055647293191217,0.0,1.0,0.16966230604184163
1.4292982300834363,3.5254697975506954,0.0,1.0,0.17678521830128668
1.4367056172442516,3.5455409739110064,0.0,1.0,0.18401227975193535
1.443569957849836,3.565766343345374,0.0,1.0,0.1920347699520527
1.4498870374983817,3.5861330857720435,0.0,1.0,0.20176369551452356
1.4556530071028866,3.60662808038055,0.0,1.0,0.2126944852395931
1.4608640178200676,3.627238206159792,0.0,1.0,0.2238198935246114
1.4655162751037676,3.647950325326166,0.0,1.0,0.23535555115667073
1.469606937502728,3.6687510056827692,0.0,1.0,0.24833304892483155
1.473133976584675,3.689626563889202,0.0,1.0,0.26276572334866277
1.476095389977178,3.7105633085551153,0.0,1.0,0.2775709660702599
1.4784891788006347,3.7315475484739076,0.0,1.0,0.29238621016814836
1.4803139436005852,3.7525656239741574,0.0,1.0,0.3080774452866515
1.4815695589105646,3.773603942407693,0.0,1.0,0.3251532388161644
1.4822560622254835,3.7946489196995867,0.0,1.0,0.34276701953880806
1.4823734910402537,3.8156869717749116,0.0,1.0,0.36015938757147214
1.4819221203490822,3.836704604657551,0.0,1.0,0.3777453711197235
1.4809036167126322,3.8576888522823953,0.0,1.0,0.3961596647997577
1.4793201519667678,3.878626940267835,0.0,1.0,0.4150496660012054
1.4771738986606453,3.8995060945028577,0.0,1.0,0.43367841756182257
1.4744670853273747,3.920313574634464,0.0,1.0,0.45200119084004864
1.4712030612228886,3.941037316099209,0.0,1.0,0.47042576626556565
1.4673862107647015,3.9616658785302614,0.0,1.0,0.4889989836947042
1.463020957208192,3.9821878449798,0.0,1.0,0.507315751107255
1.4581117263400327,4.002591800550157,0.0,1.0,0.5251204117214829
1.452663581598581,4.022866846791291,0.0,1.0,0.5423735639264899
1.4466830622413813,4.043003280550422,0.0,1.0,0.5591015687201311
1.4401769157171485,4.062991567293221,0.0,1.0,0.5753669313106871
1.4331518894746003,4.082822172485357,0.0,1.0,0.5911557438489728
1.4256149562880245,4.102485795563711,0.0,1.0,0.6061220407098336
1.4175745399844175,4.121974642694085,0.0,1.0,0.6198907614024344
1.409039639462988,4.141281517179752,0.0,1.0,0.6327233647424588
1.4000192550627808,4.160399223819062,0.0,1.0,0.6450832414217309
1.3905224308786697,4.179320620040763,0.0,1.0,0.6567108912611639
1.3805592173895989,4.1980397737726936,0.0,1.0,0.6667891936223337
1.3701406714585813,4.216551963441783,0.0,1.0,0.6752930183417956
1.3592778937044598,4.234852520105362,0.0,1.0,0.6830851729855589
1.3479819858245317,4.252936776504121,0.0,1.0,0.6904091080198367
1.3362644802526042,4.270800737716683,0.0,1.0,0.696312911528367
1.3241379962796953,4.288442105300393,0.0,1.0,0.7002036176307491
1.3116153219685809,4.305858844248965,0.0,1.0,0.7029658779022164
1.2987092453820366,4.323048919556098,0.0,1.0,0.7054034514287932
1.2854326459159409,4.340010498040621,0.0,1.0,0.7068813350596279
1.2717990504054484,4.356743177213039,0.0,1.0,0.706457149090669
1.2578222654223894,4.3732471727374715,0.0,1.0,0.7045844873523142
1.2435160986490648,4.3895227027319335,0.0,1.0,0.7023116869914169
1.2288943596052853,4.405570015030536,0.0,1.0,0.6996050009272285
1.213970906786753,4.421390149502797,0.0,1.0,0.6956293845380573
1.198759651713158,4.436985003519312,0.0,1.0,0.6903016944468439
1.1832745085529262,4.45235651728578,0.0,1.0,0.6844852518626183
1.1675293911411397,4.467506631280288,0.0,1.0,0.6786065969243036
1.151537977186142,4.4824374789227655,0.0,1.0,0.6722915672731415
1.1353132940852189,4.497151725009701,0.0,1.0,0.6652902780672162
1.1188682582467622,4.511652125027872,0.0,1.0,0.6580019986341783
1.1022157860791686,4.525941434464052,0.0,1.0,0.6508407760986374
1.0853686277243095,4.540022397452088,0.0,1.0,0.6439059580067891
1.0683382334973262,4.553897669371693,0.0,1.0,0.6372466970315587
1.0511354421308128,4.5675698638428015,0.0,1.0,0.6308946074171716
1.0337710887936948,4.58104159424202,0.0,1.0,0.6248621367112936
1.016255966775886,4.594315459467771,0.0,1.0,0.6193462768805826
0.9985995628194123,4.607393606726397,0.0,1.0,0.6147843693281574
0.9808098320118754,4.620277653709619,0.0,1.0,0.6112638415927804
0.9628946421836366,4.632969187943091,0.0,1.0,0.6083832375560654
0.9448618606676762,4.645469796717042,0.0,1.0,0.6060283667490514
0.9267186092691173,4.65778071442063,0.0,1.0,0.6048212701577035
0.9084697661665825,4.669902113406049,0.0,1.0,0.605200680889759
0.8901197891900269,4.681833967050385,0.0,1.0,0.6066014527181558
0.8716731361694056,4.693576248730714,0.0,1.0,0.6084478720507824
0.8531340288243391,4.705128808072194,0.0,1.0,0.611153281663776
0.8345046486767005,4.716490425376095,0.0,1.0,0.6154012207910635
0.8157861330195139,4.7276593336345805,0.0,1.0,0.6208798206688728
0.7969796107007745,4.7386337614135385,0.0,1.0,0.6267816241964279
0.7780861800986462,4.749411920893037,0.0,1.0,0.633076453112287
0.7591058137380298,4.759991418800818,0.0,1.0,0.6403941696751907
0.7400370546801854,4.770369093139141,0.0,1.0,0.6488139588869377
0.7208783537072962,4.7805417322851715,0.0,1.0,0.6576348610978573
0.7016281615249893,4.790506124583743,0.0,1.0,0.6664910790560223
0.6822845955544325,4.800258917639251,0.0,1.0,0.6757519177174256
0.6628446760556114,4.809796295743317,0.0,1.0,0.6856965079617929
0.6433051978484795,4.81911434798801,0.0,1.0,0.6959366444603423
0.6236629557529845,4.828209163465405,0.0,1.0,0.7060548111896958
0.6039147162339389,4.837076847909232,0.0,1.0,0.7161151424170247
0.5840569742367012,4.8457136664082645,0.0,1.0,0.7263155335071572
0.5640860736815535,4.854115972688048,0.0,1.0,0.7365735450121386
0.5439983568637934,4.862280121427833,0.0,1.0,0.7466570368151111
0.5237901713148047,4.8702024775299115,0.0,1.0,0.7564768141694723
0.5034580969166662,4.877879859542961,0.0,1.0,0.7660273522389976
0.48299903318801946,4.885309710080833,0.0,1.0,0.7753073425340036
0.462409902899335,4.892489517154713,0.0,1.0,0.7843271769296278
0.4416876288307062,4.899416768788554,0.0,1.0,0.7930699669658057
0.4208293872799468,4.906089288892844,0.0,1.0,0.8013907800972324
0.3998332682620851,4.912506111965302,0.0,1.0,0.8091745788623855
0.3786975675717621,4.918666545141807,0.0,1.0,0.8165570742917327
0.35742058100362495,4.924569895558228,0.0,1.0,0.8236943955346988
0.3360006957000369,4.930215585138212,0.0,1.0,0.830457003266265
0.31443727110146663,4.935604257597561,0.0,1.0,0.8366001009168026
0.2927302538488213,4.940737294529575,0.0,1.0,0.8421985262160518
0.2708795987165788,4.945616087748222,0.0,1.0,0.8475311269861645
0.2488852717133911,4.95024204232448,0.0,1.0,0.8526070212759667
0.22674784757736788,4.954617281667619,0.0,1.0,0.8571368288253672
0.20446880881994886,4.958745000415394,0.0,1.0,0.8610363615651105
0.18204971200591835,4.9626284805930725,0.0,1.0,0.8646009387928999
0.15949211370007527,4.96627100422594,0.0,1.0,0.8680056719834847
0.1367977786445877,4.969676091638718,0.0,1.0,0.8710386733261986
0.11396929350041445,4.972848204001865,0.0,1.0,0.873499756402314
0.0910094477454205,4.975792034649183,0.0,1.0,0.8755783203114431
0.06792103085747109,4.978512276914481,0.0,1.0,0.8775226583671717
0.04470686632929472,4.981013658467454,0.0,1.0,0.8792652873735889
0.021370181512515116,4.9833013146482,0.0,1.0,0.880608749962224
-0.002085531624600405,4.985380647910851,0.0,1.0,0.8815930570504733
-0.025656776517339736,4.987257065349364,0.0,1.0,0.8824292029024006
-0.0493400551132586,4.988935973818942,0.0,1.0,0.8831622511537428
-0.07313176892494931,4.990422764056811,0.0,1.0,0.8836542891092579
-0.09702815700321425,4.991722800728069,0.0,1.0,0.8838548070140091
-0.12102544359908841,4.992841446122714,0.0,1.0,0.8838986956285602
-0.14511985296360416,4.993784062530748,0.0,1.0,0.8838795297381438
-0.1693076256294403,4.994555911084792,0.0,1.0,0.8837407669406387
-0.193585072559654,4.995161815335661,0.0,1.0,0.8834198672185024
-0.21794852375706542,4.995606480540647,0.0,1.0,0.8829673415312768
-0.24239430922481597,4.995894611955096,0.0,1.0,0.882457203300684
-0.2669187687231868,4.996030871754065,0.0,1.0,0.8818894171966706
-0.2915183717605739,4.996019349241344,0.0,1.0,0.881234353751688
-0.31618968001794884,4.995863726755136,0.0,1.0,0.8804970402359794
-0.34092925714178623,4.995567677955405,0.0,1.0,0.8797090308636508
-0.36573366780346783,4.995134871764769,0.0,1.0,0.8788801321615712
-0.39059956502852655,4.994568568710492,0.0,1.0,0.8779966590043384
-0.41552375698485244,4.993871312212425,0.0,1.0,0.8770530134035099
-0.4405030675649866,4.993045573007094,0.0,1.0,0.8760623417454527
-0.46553432066146205,4.99209382183103,0.0,1.0,0.8750332202677746
-0.4906143744879557,4.9910183725182105,0.0,1.0,0.8739549533845349
-0.5157402499623842,4.989820795083713,0.0,1.0,0.8728172901001382
-0.540909016168068,4.988502439349585,0.0,1.0,0.8716302054929339
-0.5661177421957093,4.987064655104149,0.0,1.0,0.8704071229116264
-0.5913635013137615,4.985508761281406,0.0,1.0,0.8691475885350363
-0.6166434293023386,4.983835615143354,0.0,1.0,0.8678456680328686
-0.6419547100631474,4.982045718555972,0.0,1.0,0.8665026751171174
-0.667294528735748,4.980139564243217,0.0,1.0,0.8651251100608759
-0.6926600707550479,4.978117643217607,0.0,1.0,0.8637048357271429
-0.7180485550854974,4.975980252197446,0.0,1.0,0.8622070158184985
-0.7434572646563414,4.973727317243257,0.0,1.0,0.8606166044672984
-0.7688834895873551,4.971358722748478,0.0,1.0,0.8589669502771302
-0.7943245199983158,4.968874353106543,0.0,1.0,0.8572819522966736
-0.8197776519134012,4.9662740491621165,0.0,1.0,0.8555372647230763
-0.8452402120487532,4.963557425387122,0.0,1.0,0.8537047606417039
-0.8707095370619264,4.960724022929217,0.0,1.0,0.8518042505915691
-0.896182963615575,4.957773382898441,0.0,1.0,0.8498681089055535
-0.9216578330994549,4.954705041796195,0.0,1.0,0.847883344785418
-0.9471315669190831,4.951518458113263,0.0,1.0,0.8458096484421944
-0.9726016531993825,4.948213025292978,0.0,1.0,0.843648932358496
-0.9980655821055391,4.944788134789544,0.0,1.0,0.8414430495515657
-1.0235208439433905,4.941243177919287,0.0,1.0,0.8392022996157623
-1.048964950889132,4.937577524561031,0.0,1.0,0.8368881682052657
-1.074395460491816,4.933790500118724,0.0,1.0,0.8344804422231062
-1.0998099359420643,4.9298814244664095,0.0,1.0,0.8320155710974202
-1.1252059404304962,4.925849617478125,0.0,1.0,0.8295243901929154
-1.1505810629965685,4.921694387829759,0.0,1.0,0.8269927513404258
-1.1759330401358252,4.91741498031673,0.0,1.0,0.8243998051010832
-1.2012596605513408,4.91301061711727,0.0,1.0,0.821757935406495
-1.2265587130070177,4.9084805203832635,0.0,1.0,0.8190910076712535
-1.251827989321279,4.903823910999521,0.0,1.0,0.8163929684516638
-1.2770653401647374,4.899039985437952,0.0,1.0,0.8136369057127445
-1.302268669346661,4.894127918127634,0.0,1.0,0.8108217074248095
-1.327435882584385,4.889086882706147,0.0,1.0,0.8079751317450923
-1.3525648858355181,4.883916052566371,0.0,1.0,0.8051068123063222
-1.3776536389305407,4.878614546235157,0.0,1.0,0.8021932806684905
-1.4027002233727641,4.873181358323477,0.0,1.0,0.7992190851630981
-1.427702737359735,4.867615466440302,0.0,1.0,0.7962056220289633
-1.452659279088992,4.861915848194602,0.0,1.0,0.793175302805004
-1.4775679597168918,4.856081462848215,0.0,1.0,0.7901306410790039
-1.5024269716178633,4.850111154674074,0.0,1.0,0.7870688944921889
-1.527234538562884,4.844003723493736,0.0,1.0,0.7839904337354227
-1.55198888439058,4.837757969032996,0.0,1.0,0.7808990690442732
-1.5766882347033846,4.831372686684,0.0,1.0,0.7777953674136181
-1.6013308540618656,4.82484657611993,0.0,1.0,0.7746742811438423
-1.6259150451109066,4.818178243441936,0.0,1.0,0.7715329263158146
-1.6504391120844173,4.811366290846976,0.0,1.0,0.768376080501028
-1.6749013592292155,4.80440932039418,0.0,1.0,0.7652141682863448
-1.6993000952676167,4.797305886346298,0.0,1.0,0.7620686654225157
-1.7236336399382064,4.790054425317355,0.0,1.0,0.7589502507351427
-1.7479003146442142,4.782653356143703,0.0,1.0,0.7558405794886477
-1.7720984407888694,4.775101097661695,0.0,1.0,0.7527282250101095
-1.796226335587702,4.767396060276506,0.0,1.0,0.7496493089529066
-1.820282287378937,4.759536596254131,0.0,1.0,0.7466474273981158
-1.8442645723266082,4.751521033350018,0.0,1.0,0.7436997829218561
-1.8681714665519942,4.743347699233547,0.0,1.0,0.7407598473739619
-1.8920012443322376,4.735014920065196,0.0,1.0,0.7378519916088596
-1.915752132864226,4.726520983483483,0.0,1.0,0.7350574301724966
-1.9394223095170813,4.7178641363569245,0.0,1.0,0.732383433794106
-1.9630099492657402,4.709042623595064,0.0,1.0,0.7297498688296056
-1.9865132270112371,4.700054690089348,0.0,1.0,0.7271372181914864
-2.009930273845362,4.690898570005675,0.0,1.0,0.7246538481064955
-2.0332591031999177,4.681572468703958,0.0,1.0,0.7223712511345689
-2.056497708957718,4.672074586758055,0.0,1.0,0.720194067726598
-2.0796440850015894,4.662403124741818,0.0,1.0,0.7180339765228845
-2.102696212212973,4.652556287729471,0.0,1.0,0.7159817589959125
-2.1256519726560623,4.642532315000359,0.0,1.0,0.7141722958572014
-2.148509203014024,4.63232946154226,0.0,1.0,0.7125488526978657
-2.171265739731514,4.621945982425509,0.0,1.0,0.7109668954094439
-2.1939194157235997,4.6113801340305836,0.0,1.0,0.7094482794652437
-2.2164679587497385,4.600630211770549,0.0,1.0,0.7081552401581223
-2.238908976068867,4.5896945557869175,0.0,1.0,0.7071131417370013
-2.2612400683234886,4.578571508677146,0.0,1.0,0.7061618318302811
-2.2834588361217687,4.567259413074191,0.0,1.0,0.7052361571391372
-2.3055628395158516,4.555756653548614,0.0,1.0,0.7044873500663125
-2.3275495195734797,4.544061737708671,0.0,1.0,0.7040275046018065
-2.3494162956541897,4.532173195610332,0.0,1.0,0.7037234205719639
-2.3711605871175236,4.520089557309565,0.0,1.0,0.7034351578316951
-2.392779801909466,4.507809375790923,0.0,1.0,0.7032448849462416
-2.414271252157846,4.495331396527277,0.0,1.0,0.7033001089014862
-2.435632202108427,4.482654461181375,0.0,1.0,0.7035501875483752
-2.456859915652658,4.46977741212776,0.0,1.0,0.7038387640666948
-2.4779516556537007,4.456699096918676,0.0,1.0,0.7041661272275979
-2.4989046488209126,4.4434185451528885,0.0,1.0,0.7046735478219708
-2.5197160769964047,4.42993501235064,0.0,1.0,0.7053914395279963
-2.5403831192258215,4.41624776811333,0.0,1.0,0.7061807813141531
-2.560902954556807,4.40235608207894,0.0,1.0,0.7069665611863607
-2.581272768160562,4.388259335963358,0.0,1.0,0.7078289012316448
-2.601489764854667,4.373957271064787,0.0,1.0,0.7088360240298248
-2.6215511533887472,4.359449700648641,0.0,1.0,0.7099170392446772
-2.6414541425124276,4.34473643798033,0.0,1.0,0.7109891311679479
-2.6611959500337568,4.329817336558404,0.0,1.0,0.7120884501819231
-2.680773877967957,4.31469262388908,0.0,1.0,0.7132925161326181
-2.700185274072479,4.299362730643471,0.0,1.0,0.7145809300480918
-2.719427486560077,4.2838280895149214,0.0,1.0,0.7158726242743836
-2.7384978658314965,4.268089139354558,0.0,1.0,0.7171442544009732
-2.757393854286254,4.252146577930341,0.0,1.0,0.7184206939303492
-2.7761130180112845,4.236001451110066,0.0,1.0,0.7197096380435096
-2.794652931793814,4.219654829247185,0.0,1.0,0.7209863059875489
-2.813011170425685,4.203107782703478,0.0,1.0,0.7222372020071121
-2.8311853725049034,4.18636149685521,0.0,1.0,0.7234869779592186
-2.8491734007036116,4.169417560985897,0.0,1.0,0.7247598949643168
-2.8669731668551637,4.152277652995148,0.0,1.0,0.7260371090693788
-2.8845825827929192,4.134943450782562,0.0,1.0,0.7272910428292361
-2.901999583426473,4.117416658961897,0.0,1.0,0.7285183907131245
-2.9192223418955816,4.09969925793356,0.0,1.0,0.7297254030857501
-2.9362491718830226,4.0817933907972845,0.0,1.0,0.7309131729097587
-2.953078388888066,4.063701202755674,0.0,1.0,0.7320765886407055
-2.9697083112370413,4.045424842160096,0.0,1.0,0.7332207931868493
-2.9861374016725972,4.026966618212525,0.0,1.0,0.7343687563686689
-3.002364333379296,4.008329074504717,0.0,1.0,0.7355298750261918
-3.0183877961635153,3.9895147731417673,0.0,1.0,0.7366835048154454
-3.0342064798317483,3.9705262762288545,0.0,1.0,0.7378188750372675
-3.049819130950222,3.9513661811671423,0.0,1.0,0.7389686593740499
-3.0652247144132594,3.9320372211249452,0.0,1.0,0.7401652213293051
-3.080422247602436,3.912542161909736,0.0,1.0,0.7413840562992742
-3.095410747899325,3.8928837693289813,0.0,1.0,0.7425899108630059
-3.1101892485711757,3.8730648143812916,0.0,1.0,0.743802987755555
-3.124756965627135,3.853088127781821,0.0,1.0,0.7450701986182504
-3.139113232064741,3.8329565784752893,0.0,1.0,0.7463849039197685
-3.153257382790879,3.8126730360303553,0.0,1.0,0.7476995605877508
-3.167188753451345,3.7922403699739835,0.0,1.0,0.7490122578478318
-3.180906726430714,3.771661447195956,0.0,1.0,0.7503796684686244
-3.1944107579759535,3.7509391304184474,0.0,1.0,0.7518235708719155
-3.2077003108563624,3.73007628199561,0.0,1.0,0.7532901024236109
-3.220774847841246,3.709075764281603,0.0,1.0,0.7547435737703098
-3.2336338616820357,3.6879404267974314,0.0,1.0,0.7562221958409738
-3.2462769714830824,3.666673064981695,0.0,1.0,0.75776667438319
-3.258703829628182,3.6452764600284957,0.0,1.0,0.7593457282593307
-3.2709140885012946,3.623753393131869,0.0,1.0,0.7609121415224976
-3.282907404487006,3.60210664020664,0.0,1.0,0.7624697215367522
-3.294683485451224,3.580338909233005,0.0,1.0,0.7640447572686093
-3.30624207499901,3.558452861029866,0.0,1.0,0.7656336434008069
-3.3175829174555598,3.5364511554658384,0.0,1.0,0.7672083582463258
-3.3287057577610693,3.5143364520523304,0.0,1.0,0.7687571383921388
-3.339610390156285,3.4921113816657745,0.0,1.0,0.7702848398601261
-3.3502966934365466,3.4697785260712095,0.0,1.0,0.771793408787285
-3.3607645547128207,3.447340462203758,0.0,1.0,0.7732767016209169
-3.3710138610960776,3.4247997669985324,0.0,1.0,0.774726380584819
-3.381044529570126,3.402159006305309,0.0,1.0,0.7761212307951415
-3.390856615071656,3.3794206947817003,0.0,1.0,0.7774412428702526
-3.400450212332498,3.3565873323179733,0.0,1.0,0.7787005172562089
-3.4098254160882706,3.333661418802983,0.0,1.0,0.7799201686067665
-3.418982329326258,3.3106454523868853,0.0,1.0,0.7810806735402095
-3.4279211743491476,3.287541906079039,0.0,1.0,0.7821386049017054
-3.436642263229597,3.264353233973476,0.0,1.0,0.7830970900080172
-3.445145910232491,3.2410818897023157,0.0,1.0,0.7839993354903416
-3.4534324303709343,3.2177303269206323,0.0,1.0,0.7848484359877816
-3.461502216895698,3.1943010016845115,0.0,1.0,0.7855878663737373
-3.4693558088046363,3.1707963745228267,0.0,1.0,0.786191567236335
-3.476993761006716,3.147218906452738,0.0,1.0,0.7867118831970568
-3.4844166284109,3.1235710584914127,0.0,1.0,0.7871853629907888
-3.4916249944147286,3.099855288433141,0.0,1.0,0.7875618946241765
-3.498619586645793,3.0760740377556663,0.0,1.0,0.7877845541764198
-3.5054011782675323,3.0522297427853258,0.0,1.0,0.7878913192860937
-3.5119705424608263,3.028324839846483,0.0,1.0,0.7879456553586763
-3.5183284560784944,3.0043617649193104,0.0,1.0,0.7879266234023525
-3.5244757559409483,2.9803429483627646,0.0,1.0,0.7877647184316945
-3.5304133277445118,2.956270815954306,0.0,1.0,0.7874636784177189
-3.536142058609986,2.932147793337866,0.0,1.0,0.7870949208376196
-3.541662835715669,2.907976306138716,0.0,1.0,0.7866786586598435
-3.5469765543736425,2.88375877734241,0.0,1.0,0.7861616580443577
-3.552084126369286,2.859497624588286,0.0,1.0,0.7855173386821518
-3.5569864654785848,2.8351952648696606,0.0,1.0,0.7847965729526567
-3.5616844854775183,2.8108541151798447,0.0,1.0,0.7840375736425268
-3.566179089778998,2.786476586484831,0.0,1.0,0.7831956200254819
-3.5704711242346394,2.762065056272098,0.0,1.0,0.7822174609325245
-3.574561414825619,2.737621890472168,0.0,1.0,0.7811388046163867
-3.57845078751432,2.7131494550046353,0.0,1.0,0.7800220148242039
-3.5821400637238954,2.6886501145109465,0.0,1.0,0.7788600214114016
-3.585629980653174,2.6641262099168412,0.0,1.0,0.7776058068707338
-3.5889212011618437,2.639580061215809,0.0,1.0,0.7762619207353073
-3.5920143855570634,2.615013987682597,0.0,1.0,0.7748793317253051
-3.594910193831982,2.590430308457772,0.0,1.0,0.7734781888491359
-3.5976092229542416,2.5658313157502026,0.0,1.0,0.772035817725525
-3.600111930975131,2.5412192424078057,0.0,1.0,0.77054199911635
-3.602418757410611,2.5165963133581015,0.0,1.0,0.7690228594500284
-3.604530141776644,2.4919647535285967,0.0,1.0,0.7675010455668692
-3.6064464958558253,2.467326777286997,0.0,1.0,0.7659806279352435
-3.6081680622479393,2.442684534582651,0.0,1.0,0.7644648972417611
-3.609695019765474,2.418040151077136,0.0,1.0,0.7629581704442226
-3.611027547103843,2.393395752387462,0.0,1.0,0.7614635039547972
-3.612165816759884,2.3687534608013268,0.0,1.0,0.7600043410751836
-3.613109869664093,2.344115327941175,0.0,1.0,0.7586273134603017
-3.613859621016738,2.31948333789881,0.0,1.0,0.7573381796691476
-3.614414980987477,2.2948594720640525,0.0,1.0,0.7560947822585913
-3.6147758595531485,2.2702457117106025,0.0,1.0,0.7548943255568716
-3.61494210815952,2.245644002859543,0.0,1.0,0.7538184402823991
-3.614913437695847,2.2210562068763493,0.0,1.0,0.7529178686946576
-3.614689538386096,2.1964841726800257,0.0,1.0,0.7521220038001055
-3.6142701004542293,2.1719297491895744,0.0,1.0,0.7513692696306882
-3.613654789884934,2.1473947669697573,0.0,1.0,0.750731748973041
-3.612843110043207,2.122880933447921,0.0,1.0,0.7503077388802823
-3.6118344974057823,2.0983899054028914,0.0,1.0,0.750048249604197
-3.610628388243038,2.073923339457238,0.0,1.0,0.7498459296635838
-3.6092242150180063,2.0494828889484684,0.0,1.0,0.7497328203281572
-3.607621317018803,2.025070126820753,0.0,1.0,0.7498492449723024
-3.6058189371334923,2.0006865428421934,0.0,1.0,0.7502056376926369
-3.6038163137975308,1.9763336229390922,0.0,1.0,0.7506579768507421
-3.601612685387641,1.9520128529474419,0.0,1.0,0.7511474671069841
-3.599207260782493,1.927725673350085,0.0,1.0,0.7517733263062867
-3.596599171595436,1.903473405834728,0.0,1.0,0.7525986080571343
-3.593787536943846,1.8792573528765546,0.0,1.0,0.7535267243066346
-3.5907714759450973,1.855078816950749,0.0,1.0,0.7544669581536965
-3.587550105884182,1.8309390869493007,0.0,1.0,0.7554658436042312
-3.5841225305036177,1.8068393513758898,0.0,1.0,0.756598076913831
-3.580487847476152,1.7827807537398683,0.0,1.0,0.7578232130528327
-3.576645154445899,1.7587644373383435,0.0,1.0,0.7590523638503949
-3.572593551536292,1.7347915441114556,0.0,1.0,0.760271139126565
-3.568332209472616,1.710863177357898,0.0,1.0,0.7615122301019541
-3.563860378066476,1.686980397091254,0.0,1.0,0.7627748619600031
-3.559177311312533,1.663144261035643,0.0,1.0,0.7640199179273583
-3.5542822632846645,1.6393558269080841,0.0,1.0,0.7652235854854033
-3.5491745633510567,1.6156161456724578,0.0,1.0,0.7663777071388448
-3.5438537562490113,1.5919262489762074,0.0,1.0,0.7674749857730137
-3.5383194249768466,1.568287165035157,0.0,1.0,0.768517452102377
-3.532571152532877,1.5446999220651243,0.0,1.0,0.7695063751367031
-3.5266085556771736,1.5211655523326224,0.0,1.0,0.7704026233243657
-3.5204315265994315,1.4976851211498792,0.0,1.0,0.7711523944387177
-3.514040091859008,1.4742597099506267,0.0,1.0,0.7717742670067671
-3.507434278921691,1.4508904002773606,0.0,1.0,0.7723244511988387
-3.5006141229414465,1.4275782752439676,0.0,1.0,0.7727949317370986
-3.493579916567867,1.404324470594386,0.0,1.0,0.7731183795816811
-3.486332264800253,1.3811301859143346,0.0,1.0,0.773282165839662
-3.478871791425318,1.3579966246295274,0.0,1.0,0.7733531466511463
-3.4711991202781083,1.3349249901823008,0.0,1.0,0.7733613862573029
-3.4633149837741195,1.3119165233428594,0.0,1.0,0.7732476678781082
-3.455220453865463,1.2889725816075874,0.0,1.0,0.7729682979558998
-3.4469166686913626,1.266094545226728,0.0,1.0,0.7725789869585926
-3.4384047663910464,1.2432837944505235,0.0,1.0,0.7721385480822076
-3.429685914288505,1.2205417233632918,0.0,1.0,0.7716194046319288
-3.420761543148757,1.1978698509248222,0.0,1.0,0.7709701399349762
-3.411633223482704,1.175269762336806,0.0,1.0,0.7702133883461943
-3.4023025270843554,1.1527430434091481,0.0,1.0,0.7694097136373139
-3.3927710282811008,1.1302912822959978,0.0,1.0,0.7685715738309993
-3.3830404024634073,1.1079161606695087,0.0,1.0,0.7676761980486034
-3.373112457817371,1.085619483083315,0.0,1.0,0.7667239850641271
-3.362989011557694,1.063403062445612,0.0,1.0,0.7657444984448453
-3.3526718809001808,1.0412687116682908,0.0,1.0,0.7647538351021299
-3.3421628920751187,1.019218273969629,0.0,1.0,0.7637462332694985
-3.3314639021602885,0.9972536962760776,0.0,1.0,0.7627210787991627
-3.320576774826363,0.9753769476791659,0.0,1.0,0.761691812392984
-3.3095033737440174,0.9535899972704259,0.0,1.0,0.7606697682167667
-3.298245551104735,0.9318948202575283,0.0,1.0,0.7596681877640596
-3.2868050441278465,0.910293453105567,0.0,1.0,0.7587063321819703
-3.2751835237802345,0.8887879675791021,0.0,1.0,0.7577854804178011
-3.2633826602315645,0.8673804358674417,0.0,1.0,0.7568918351179035
-3.2514041213694,0.8460729304138329,0.0,1.0,0.7560279023669988
-3.239249465006791,0.8248675359097937,0.0,1.0,0.7552179184934305
-3.226920092214331,0.803766354487972,0.0,1.0,0.754472400424663
-3.214417392079866,0.7827714896143749,0.0,1.0,0.7537727004040249
-3.2017427536905965,0.7618850447548315,0.0,1.0,0.7531072460347057
-3.188897499498536,0.7411091056564607,0.0,1.0,0.7524922581762727
-3.175882702234379,0.7204456916639207,0.0,1.0,0.7519434031956387
-3.1626993761411466,0.6998968065696296,0.0,1.0,0.7514489765588108
-3.149348535461865,0.6794644541660135,0.0,1.0,0.7509931299627466
-3.135831175278172,0.659150630291632,0.0,1.0,0.7505856156241989
-3.1221480770386654,0.6389572421063187,0.0,1.0,0.7502458896969202
-3.108299888573756,0.6188861413052186,0.0,1.0,0.7499684918468452
-3.0942872556686027,0.5989391787344909,0.0,1.0,0.7497324226367317
-3.080110822313015,0.5791182037950222,0.0,1.0,0.7495406612719673
-3.0657711258915836,0.5594249800689773,0.0,1.0,0.7494237740282705
-3.0512685391890773,0.5398611386333277,0.0,1.0,0.749389135606255
-3.0366034209054784,0.5204282992265912,0.0,1.0,0.7494043974257492
-3.021776129740764,0.5011280815872833,0.0,1.0,0.7494529991445065
-3.00678698581656,0.48196206549606857,0.0,1.0,0.7495676902793988
-2.991636150862317,0.46293166667760965,0.0,1.0,0.7497764764773442
-2.976323745962963,0.4440382587586653,0.0,1.0,0.7500482428270149
-2.9608498922033974,0.42528321536596525,0.0,1.0,0.7503464926473525
-2.9452147067782755,0.40666790110123907,0.0,1.0,0.7507077329342734
-2.9294182584202457,0.3881935681389234,0.0,1.0,0.7512021317135421
-2.9134605829866693,0.369861392385887,0.0,1.0,0.7518125866028447
-2.897341715709918,0.35167254829907973,0.0,1.0,0.7524609123229828
-2.8810616917040917,0.3336282096064821,0.0,1.0,0.7531558686039109
-2.864620537246553,0.31572949556964636,0.0,1.0,0.7540218060306763
-2.8480182638103253,0.29797743420162787,0.0,1.0,0.7551023590121362
-2.8312548814560965,0.28037304481037595,0.0,1.0,0.7562733915959952
-2.814330400244559,0.26291734670383976,0.0,1.0,0.757459855645561
-2.7972448353366874,0.24561134897949446,0.0,1.0,0.7587829319502137
-2.7799982248381707,0.22845601480090985,0.0,1.0,0.7603653664565462
-2.7625906133040834,0.21145229442035104,0.0,1.0,0.7621062058609087
-2.7450220452898475,0.19460113808939547,0.0,1.0,0.7638611646211726
-2.7272925702857957,0.17790349648505444,0.0,1.0,0.7657133963966625
-2.7094023067670387,0.16136032623144425,0.0,1.0,0.7678656670392187
-2.69135142393432,0.1449725883256913,0.0,1.0,0.7702916163733495
-2.6731400921629023,0.12874124386617086,0.0,1.0,0.7727778352238036
-2.6547684826188687,0.11266725408490763,0.0,1.0,0.7752934052490718
-2.636236842858331,0.09675159312375123,0.0,1.0,0.7780564401322723
-2.617545559408505,0.08099525861050298,0.0,1.0,0.7811624434881603
-2.598695033526679,0.0653992506623337,0.0,1.0,0.7844032200582838
-2.5796856664701373,0.04996456939640895,0.0,1.0,0.78763143462877
-2.5605178989446076,0.03469221914104288,0.0,1.0,0.791005493173953
-2.5411923661821736,0.019583224990363978,0.0,1.0,0.7947059319306734
-2.521709763272012,0.004638618428282698,0.0,1.0,0.7986070502613428
-2.502070785319792,-0.010140569059525543,0.0,1.0,0.8025036092796998
-2.482276140788954,-0.024753308330180676,0.0,1.0,0.8064375572380258
-2.4623267487164036,-0.03919860717280933,0.0,1.0,0.8105847882909235
-2.442223695892707,-0.053475502798476675,0.0,1.0,0.8149375339961433
-2.4219680737632543,-0.06758303323464934,0.0,1.0,0.8193187974972096
-2.401560975091427,-0.08152023709153015,0.0,1.0,0.8236728367964309
-2.3810036629359352,-0.09528622827476942,0.0,1.0,0.8281108339943934
-2.360297737079515,-0.10888026957127711,0.0,1.0,0.8326912085004033
-2.3394448368409435,-0.1223016412486755,0.0,1.0,0.8373132649903402
-2.318446601538998,-0.13554962357458844,0.0,1.0,0.8418907279546167
-2.2973047337014587,-0.1486235474390057,0.0,1.0,0.8464393671621331
-2.2760212777396096,-0.16152301753714365,0.0,1.0,0.8509893188501776
-2.2545983931241884,-0.17424773071220837,0.0,1.0,0.8555266607016185
-2.2330382394126396,-0.18679738387684688,0.0,1.0,0.8600212940597678
-2.211342993365656,-0.19917169176604718,0.0,1.0,0.8644380203470218
-2.1895151393136643,-0.2113706877529545,0.0,1.0,0.8687257942310203
-2.1675574269551507,-0.22339468012852076,0.0,1.0,0.872886813502434
-2.1454726146938525,-0.2352439862022174,0.0,1.0,0.8769766960197085
-2.123263461820347,-0.2469189244985206,0.0,1.0,0.8809939290395616
-2.100932887785892,-0.25842003296798616,0.0,1.0,0.8848265555290612
-2.0784841565864074,-0.26974832160013,0.0,1.0,0.8884119814696599
-2.055920576916327,-0.28090486162310296,0.0,1.0,0.8918534610514488
-2.0332454574700844,-0.2918907242650537,0.0,1.0,0.8952345344167254
-2.0104621556576046,-0.30270706648147444,0.0,1.0,0.8984500329670028
-1.9875743181796564,-0.31335555430896794,0.0,1.0,0.9013613953215045
-1.964585698107288,-0.3238380409697864,0.0,1.0,0.9040401334407863
-1.9415000486759544,-0.3341563799755158,0.0,1.0,0.9066364236506635
-1.9183211291449036,-0.3443124414228492,0.0,1.0,0.9091225589743905
-1.8950528217180975,-0.3543084339081827,0.0,1.0,0.9113442935436136
-1.871699123454264,-0.36414688225383657,0.0,1.0,0.9132865430988332
-1.84826403581559,-0.37383032340601063,0.0,1.0,0.9150982135777221
-1.8247515603687001,-0.3833612947986087,0.0,1.0,0.91683818408002
-1.8011657266316168,-0.392742464383208,0.0,1.0,0.9183996519185744
-1.7775106296133065,-0.4019768059181769,0.0,1.0,0.919706567217438
-1.7537903736900158,-0.41106733690194613,0.0,1.0,0.920846943964895
-1.7300090632379985,-0.42001707483294315,0.0,1.0,0.9219134455545003
-1.706170798738969,-0.4288290527285177,0.0,1.0,0.9228909660323603
-1.6822796552508272,-0.4375064049147646,0.0,1.0,0.9237337604383996
-1.658339697629848,-0.44605230636919097,0.0,1.0,0.9244453410674216
-1.6343549907048618,-0.4544699321786486,0.0,1.0,0.9250619532522005
-1.6103295969964262,-0.46276245348709283,0.0,1.0,0.9256144831025725
-1.5862675248348088,-0.4709329488732937,0.0,1.0,0.9261313807118327
-1.5621727277418616,-0.4789844032949615,0.0,1.0,0.9265997136451971
-1.5380491568075196,-0.48691979755573067,0.0,1.0,0.9269748796069737
-1.5139007630964523,-0.49474211216084807,0.0,1.0,0.9272640527132251
-1.4897314868048577,-0.5024541992971442,0.0,1.0,0.9275793174031174
-1.4655452403619467,-0.510058583320743,0.0,1.0,0.9279840336962495
-1.441345931826187,-0.5175577369846345,0.0,1.0,0.9283658243216243
-1.4171374692560441,-0.5249541330418088,0.0,1.0,0.9286281890475521
-1.3929237807286772,-0.5322501790927944,0.0,1.0,0.9288780523170758
-1.3687089382097286,-0.5394478144412025,0.0,1.0,0.9292690800484107
-1.344497076600174,-0.5465487735624391,0.0,1.0,0.9297253263630433
-1.3202923310659933,-0.5535547900694289,0.0,1.0,0.9300693907790428
-1.2960988479655937,-0.5604675836015962,0.0,1.0,0.9303322516468439
-1.2719210785611672,-0.5672884931327268,0.0,1.0,0.9307256559650182
-1.2477638079894018,-0.5740184408016593,0.0,1.0,0.9312872182829648
-1.2236318383885318,-0.5806583275211799,0.0,1.0,0.9318082915904853
-1.1995299722945758,-0.5872090539512941,0.0,1.0,0.9321925832380223
-1.175463321847064,-0.5936713240074106,0.0,1.0,0.932610859300978
-1.1514378626680668,-0.6000452928853177,0.0,1.0,0.9332071140009925
-1.1274597197371727,-0.6063310208681677,0.0,1.0,0.9338466141620702
-1.1035350180339725,-0.6125285682391117,0.0,1.0,0.934368097663708
-1.0796700459214295,-0.6186379406017916,0.0,1.0,0.9348351705362262
-1.0558723872597378,-0.624658709995811,0.0,1.0,0.9353954461928109
-1.0321502428674123,-0.6305902419833441,0.0,1.0,0.9360413485982191
-1.0085118173418073,-0.6364319008619005,0.0,1.0,0.9366601719955064
-0.9849653545262187,-0.642183043231333,0.0,1.0,0.9372114390686863
-0.9615203516615268,-0.6478427798514506,0.0,1.0,0.9377048571020686
-0.9381877921538625,-0.6534099299872208,0.0,1.0,0.9381740449190059
-0.9149787456326947,-0.6588832959918589,0.0,1.0,0.938684433215759
-0.8919042821650776,-0.664261680175853,0.0,1.0,0.9392771464169922
-0.8689762172627167,-0.6695438120597379,0.0,1.0,0.9398355755797014
-0.8462086386151687,-0.6747281992941645,0.0,1.0,0.9402464646300867
-0.8236160652837025,-0.6798133074079105,0.0,1.0,0.9407606541847816
-0.8012130163295941,-0.6847976019297509,0.0,1.0,0.9417733149699338
-0.7790142717958987,-0.6896795328060662,0.0,1.0,0.94283694886799
-0.7570368997833843,-0.6944574133705547,0.0,1.0,0.9425509038663631
-0.7352991535512037,-0.6991294861948589,0.0,1.0,0.940563799951767
-0.7138192963656209,-0.7036939932531294,0.0,1.0,0.9381246802334542
-0.6926156301184474,-0.7081491756800645,0.0,1.0,0.9365059085581519
-0.6717079204033988,-0.7124932427996672,0.0,1.0,0.9374401256102312
-0.6511178125941922,-0.7167243630826006,0.0,1.0,0.9456930234490633
-0.6308670755419283,-0.7208407023159874,0.0,1.0,0.9762495500923201
-0.6109774781951066,-0.724840426287345,0.0,1.0,0.9650330301689753
-0.5914713047468009,-0.7287217028617724,0.0,1.0,0.9264345263940063
-0.5723725575721331,-0.7324827068324724,0.0,1.0,0.9193642149432302
-0.5537055967581878,-0.7361216144350236,0.0,1.0,0.9655184611954232
-0.5354947823920487,-0.7396366019050046,0.0,1.0,0.9661310909607036
-0.5177645441527334,-0.7430258504236511,0.0,1.0,0.9310483946932171
-0.500539988120651,-0.7462875892416927,0.0,1.0,0.9219991391287242
-0.48384660107431915,-0.7494200746647511,0.0,1.0,0.9214080291290353
-0.4677098740467432,-0.7524215633007992,0.0,1.0,0.9237115047001982
-0.45215528829190005,-0.75529031334735,0.0,1.0,0.9269021156681029
-0.43720787904596853,-0.7580246555002186,0.0,1.0,0.9295590032342569
-0.42289206088224207,-0.7606230213413417,0.0,1.0,0.9303137101707492
-0.4092322024660631,-0.7630838499147995,0.0,1.0,0.9295423544268294
-0.3962526724497119,-0.765405580265812,0.0,1.0,0.9287690996266116
-0.3839773325163237,-0.767586695692554,0.0,1.0,0.9285289111031778
-0.372428193248046,-0.7696258410744149,0.0,1.0,0.9285744978536418
-0.3616268428543278,-0.771521698159379,0.0,1.0,0.9287015913137409
-0.3515948695446141,-0.7732729486954304,0.0,1.0,0.928825404736661
-0.3423534561702007,-0.7748782999228664,0.0,1.0,0.9289218772270008
-0.3339194040912412,-0.7763367346268087,0.0,1.0,0.9290439637341376
-0.32630683743811373,-0.7776474039589898,0.0,1.0,0.9292572913545077
-0.31952984198238205,-0.7788094614834651,0.0,1.0,0.9294678070088278
-0.3136025034956108,-0.7798220607642893,0.0,1.0,0.9295319946109741
-0.308538907749365,-0.7806843553655183,0.0,1.0,0.9295273723728386
-0.3043531405152088,-0.7813954988512073,0.0,1.0,0.9297505293965731
-0.301059287564708,-0.7819546447854113,0.0,1.0,0.9302395903472304
-0.2986714346694269,-0.7823609467321858,0.0,1.0,0.9306713348107889
